{
    "path": "/Users/cindyzhang/YouLingo/video_analysis/sampled_videos_subset/158_video.mp4",
    "audio_path": "video_analysis/sampled_audios_subset/158_video_audio.wav",
    "language": "ja",
    "length_sec": 10.08,
    "vad_duration_sec": 3.664,
    "total_segment_length_sec": 3.64,
    "word_count": -1,
    "tokens": [],
    "types": [],
    "mean_sentence_length_words": -1.0,
    "wpm": -1,
    "spm": -1,
    "average_ptr": -1,
    "transcript_text": "インネットのりが ラードリー",
    "transcript": {
        "segments": [
            {
                "id": 1,
                "start": 0.0,
                "end": 3.64,
                "text": "インネットのりが ラードリー",
                "no_speech_prob": 0.16345156729221344,
                "avg_logprob": -1.0412778377532959,
                "compression_ratio": 0.851063829787234,
                "temperature": 1.0
            }
        ],
        "info": {
            "language": "ja",
            "duration": 10.031,
            "duration_after_vad": 3.664,
            "language_probability": 0.1751854419708252,
            "all_language_probs": [
                [
                    "ja",
                    0.1751854419708252
                ],
                [
                    "it",
                    0.15727156400680542
                ],
                [
                    "ko",
                    0.12580297887325287
                ],
                [
                    "es",
                    0.07599631696939468
                ],
                [
                    "ro",
                    0.03118971735239029
                ],
                [
                    "cs",
                    0.03005184978246689
                ],
                [
                    "el",
                    0.029632389545440674
                ],
                [
                    "pl",
                    0.028597036376595497
                ],
                [
                    "hi",
                    0.028157508000731468
                ],
                [
                    "pt",
                    0.024832945317029953
                ],
                [
                    "ru",
                    0.022426942363381386
                ],
                [
                    "jw",
                    0.02215101756155491
                ],
                [
                    "fi",
                    0.02076670713722706
                ],
                [
                    "ta",
                    0.018997710198163986
                ],
                [
                    "en",
                    0.017395172268152237
                ],
                [
                    "hr",
                    0.013534454628825188
                ],
                [
                    "ar",
                    0.012405246496200562
                ],
                [
                    "uk",
                    0.012018652632832527
                ],
                [
                    "nn",
                    0.011561897583305836
                ],
                [
                    "tr",
                    0.011040627025067806
                ],
                [
                    "sk",
                    0.009160914458334446
                ],
                [
                    "la",
                    0.009051371365785599
                ],
                [
                    "eu",
                    0.008350339718163013
                ],
                [
                    "sa",
                    0.005658475216478109
                ],
                [
                    "no",
                    0.0052890474908053875
                ],
                [
                    "tl",
                    0.005284554790705442
                ],
                [
                    "sv",
                    0.005014775786548853
                ],
                [
                    "te",
                    0.005002202000468969
                ],
                [
                    "zh",
                    0.004957467783242464
                ],
                [
                    "ca",
                    0.004858221393078566
                ],
                [
                    "fr",
                    0.0038119982928037643
                ],
                [
                    "et",
                    0.0037746073212474585
                ],
                [
                    "ur",
                    0.0036450321786105633
                ],
                [
                    "de",
                    0.0033182762563228607
                ],
                [
                    "sr",
                    0.003231394337490201
                ],
                [
                    "km",
                    0.0031601234804838896
                ],
                [
                    "bs",
                    0.003108818316832185
                ],
                [
                    "hu",
                    0.0029295040294528008
                ],
                [
                    "si",
                    0.0024041077122092247
                ],
                [
                    "sl",
                    0.0022184746339917183
                ],
                [
                    "haw",
                    0.0022141775116324425
                ],
                [
                    "id",
                    0.002209208207204938
                ],
                [
                    "ml",
                    0.002053110161796212
                ],
                [
                    "ms",
                    0.00201151380315423
                ],
                [
                    "bn",
                    0.001993059180676937
                ],
                [
                    "kn",
                    0.0017531646881252527
                ],
                [
                    "mi",
                    0.001642190502025187
                ],
                [
                    "mn",
                    0.0015614659059792757
                ],
                [
                    "is",
                    0.0015308839501813054
                ],
                [
                    "lv",
                    0.0013644385617226362
                ],
                [
                    "bg",
                    0.0012648229021579027
                ],
                [
                    "oc",
                    0.0011726819211617112
                ],
                [
                    "bo",
                    0.0011636813869699836
                ],
                [
                    "be",
                    0.0011633164249360561
                ],
                [
                    "cy",
                    0.001006216392852366
                ],
                [
                    "he",
                    0.0009280366939492524
                ],
                [
                    "da",
                    0.0009057843126356602
                ],
                [
                    "ne",
                    0.000900551734957844
                ],
                [
                    "gl",
                    0.0008375705219805241
                ],
                [
                    "pa",
                    0.0008257275330834091
                ],
                [
                    "nl",
                    0.0007907717954367399
                ],
                [
                    "lt",
                    0.0007284341263584793
                ],
                [
                    "vi",
                    0.0007169643067754805
                ],
                [
                    "sq",
                    0.0004583581176120788
                ],
                [
                    "br",
                    0.00043750269105657935
                ],
                [
                    "sn",
                    0.00043352588545531034
                ],
