{
    "path": "/Users/cindyzhang/YouLingo/video_analysis/sampled_videos_subset/175_video.mp4",
    "audio_path": "video_analysis/sampled_audios_subset/175_video_audio.wav",
    "language": "nl",
    "length_sec": 30.13,
    "vad_duration_sec": 5.968,
    "total_segment_length_sec": 6.0,
    "word_count": -1,
    "tokens": [],
    "types": [],
    "mean_sentence_length_words": -1.0,
    "wpm": -1,
    "spm": -1,
    "average_ptr": -1,
    "transcript_text": " Ik slap hem met een douche suret, bak hem met een ton  En vaker ik ga voen",
    "transcript": {
        "segments": [
            {
                "id": 1,
                "start": 0.0,
                "end": 4.0,
                "text": " Ik slap hem met een douche suret, bak hem met een ton",
                "no_speech_prob": 0.11839428544044495,
                "avg_logprob": -0.9493496801171984,
                "compression_ratio": 1.0895522388059702,
                "temperature": 0.0
            },
            {
                "id": 2,
                "start": 4.0,
                "end": 6.0,
                "text": " En vaker ik ga voen",
                "no_speech_prob": 0.11839428544044495,
                "avg_logprob": -0.9493496801171984,
                "compression_ratio": 1.0895522388059702,
                "temperature": 0.0
            }
        ],
        "info": {
            "language": "nl",
            "duration": 30.069875,
            "duration_after_vad": 5.968,
            "language_probability": 0.34166616201400757,
            "all_language_probs": [
                [
                    "nl",
                    0.34166616201400757
                ],
                [
                    "de",
                    0.30370280146598816
                ],
                [
                    "cs",
                    0.060237765312194824
                ],
                [
                    "fr",
                    0.027960367500782013
                ],
                [
                    "ro",
                    0.027086423709988594
                ],
                [
                    "no",
                    0.019466686993837357
                ],
                [
                    "nn",
                    0.01889895088970661
                ],
                [
                    "hu",
                    0.016931122168898582
                ],
                [
                    "bg",
                    0.01364415604621172
                ],
                [
                    "en",
                    0.011075226590037346
                ],
                [
                    "tr",
                    0.010058180429041386
                ],
                [
                    "ca",
                    0.00911993719637394
                ],
                [
                    "da",
                    0.00888731237500906
                ],
                [
                    "pt",
                    0.00835086777806282
                ],
                [
                    "pl",
                    0.007088789716362953
                ],
                [
                    "af",
                    0.006909445859491825
                ],
                [
                    "et",
                    0.006200300995260477
                ],
                [
                    "uk",
                    0.006042927969247103
                ],
                [
                    "ru",
                    0.005951706785708666
                ],
                [
                    "la",
                    0.005716952029615641
                ],
                [
                    "lv",
                    0.005532202776521444
                ],
                [
                    "yi",
                    0.00536877429112792
                ],
                [
                    "ar",
                    0.00527223339304328
                ],
                [
                    "sv",
                    0.00525343231856823
                ],
                [
                    "is",
                    0.005118649452924728
                ],
                [
                    "br",
                    0.004605510737746954
                ],
                [
                    "sl",
                    0.003315107664093375
                ],
                [
                    "el",
                    0.0030681686475872993
                ],
                [
                    "es",
                    0.0030610314570367336
                ],
                [
                    "hi",
                    0.003021184355020523
                ],
                [
                    "hr",
                    0.0028299600817263126
                ],
                [
                    "ko",
                    0.002732321619987488
                ],
                [
                    "it",
                    0.0025839649606496096
                ],
                [
                    "lt",
                    0.0025340989232063293
                ],
                [
                    "fi",
                    0.002464710269123316
                ],
                [
                    "sq",
                    0.0023717088624835014
                ],
                [
                    "bs",
                    0.002174721797928214
                ],
                [
                    "cy",
                    0.0019760453142225742
                ],
                [
                    "oc",
                    0.001629540929570794
                ],
                [
                    "jw",
                    0.0015402338467538357
                ],
                [
                    "ur",
                    0.0014788423432037234
                ],
                [
                    "sk",
                    0.0013883220963180065
                ],
                [
                    "km",
                    0.0012654879828915
                ],
                [
                    "zh",
                    0.0012648141710087657
                ],
                [
                    "hy",
                    0.0012444369494915009
                ],
                [
                    "he",
                    0.0012356573715806007
                ],
                [
                    "mn",
                    0.0011604075552895665
                ],
                [
                    "ja",
                    0.0007786726346239448
                ],
                [
                    "eu",
                    0.0007239444530569017
                ],
                [
                    "kk",
                    0.0007026270031929016
                ],
                [
                    "tl",
                    0.0005316605092957616
                ],
                [
                    "az",
                    0.0005237169680185616
                ],
                [
                    "fo",
                    0.00048389198491349816
                ],
                [
                    "sr",
                    0.0004740265430882573
                ],
                [
                    "vi",
                    0.00042391676106490195
                ],
                [
                    "ms",
                    0.00035887924605049193
                ],
                [
                    "sn",
                    0.00032645612373016775
                ],
                [
                    "ta",
                    0.0003155576705466956
                ],
                [
                    "ht",
                    0.000293458258965984
                ],
                [
                    "si",
                    0.000271091383183375
                ],
                [
                    "haw",
                    0.0002491109480615705
                ],
                [
                    "mk",
