{
    "path": "/Users/cindyzhang/YouLingo/video_analysis/sampled_videos_subset/188_video.mp4",
    "audio_path": "video_analysis/sampled_audios_subset/188_video_audio.wav",
    "language": "ta",
    "length_sec": 10.92,
    "vad_duration_sec": 10.84375,
    "total_segment_length_sec": 9.94,
    "word_count": -1,
    "tokens": [],
    "types": [],
    "mean_sentence_length_words": -1.0,
    "wpm": -1,
    "spm": -1,
    "average_ptr": -1,
    "transcript_text": " என மணிேவிக்கிப் பிடிச்ச விஷயட்டalam நான் கொள்ளன் சியாத வைச்சங்கள் துடுகமாதே, பிடிச்சமகம் செய்யாவதெல்லாம், மணிேவிக்கில் துடு மேல மணிதிறைச்சான்.",
    "transcript": {
        "segments": [
            {
                "id": 1,
                "start": 0.0,
                "end": 9.94,
                "text": " என மணிேவிக்கிப் பிடிச்ச விஷயட்டalam நான் கொள்ளன் சியாத வைச்சங்கள் துடுகமாதே, பிடிச்சமகம் செய்யாவதெல்லாம், மணிேவிக்கில் துடு மேல மணிதிறைச்சான்.",
                "no_speech_prob": 0.27408963441848755,
                "avg_logprob": -1.3576544036865235,
                "compression_ratio": 2.2196531791907512,
                "temperature": 1.0
            }
        ],
        "info": {
            "language": "ta",
            "duration": 10.84375,
            "duration_after_vad": 10.84375,
            "language_probability": 0.7079299688339233,
            "all_language_probs": [
                [
                    "ta",
                    0.7079299688339233
                ],
                [
                    "te",
                    0.15923161804676056
                ],
                [
                    "ml",
                    0.08329803496599197
                ],
                [
                    "kn",
                    0.013372371904551983
                ],
                [
                    "en",
                    0.010610931552946568
                ],
                [
                    "hi",
                    0.007951701059937477
                ],
                [
                    "sa",
                    0.0043997387401759624
                ],
                [
                    "nn",
                    0.0019856998696923256
                ],
                [
                    "mr",
                    0.0017555897356942296
                ],
                [
                    "jw",
                    0.0016209738096222281
                ],
                [
                    "si",
                    0.0012830690247938037
                ],
                [
                    "pa",
                    0.0012718930374830961
                ],
                [
                    "bn",
                    0.0009971731342375278
                ],
                [
                    "es",
                    0.0008675483986735344
                ],
                [
                    "ja",
                    0.0005304081714712083
                ],
                [
                    "tr",
                    0.00044503106619231403
                ],
                [
                    "la",
                    0.0003314166096970439
                ],
                [
                    "ur",
                    0.00029860754148103297
                ],
                [
                    "ru",
                    0.00021269811259116977
                ],
                [
                    "ne",
                    0.00018795853247866035
                ],
                [
                    "gu",
                    0.000126879385788925
                ],
                [
                    "pt",
                    0.00012197357136756182
                ],
                [
                    "sd",
                    9.802806016523391e-05
                ],
                [
                    "km",
                    9.793190838536248e-05
                ],
                [
                    "de",
                    7.653641659999266e-05
                ],
                [
                    "ko",
                    5.4274831200018525e-05
                ],
                [
                    "fr",
                    5.160157161299139e-05
                ],
                [
                    "haw",
                    4.737168274004944e-05
                ],
                [
                    "ro",
                    4.47724451078102e-05
                ],
                [
                    "el",
                    4.317969796829857e-05
                ],
                [
                    "fi",
                    4.2487641621846706e-05
                ],
                [
                    "ms",
                    4.201115370960906e-05
                ],
                [
                    "zh",
                    3.775373988901265e-05
                ],
                [
                    "ar",
                    3.391143400222063e-05
                ],
                [
                    "tl",
                    3.357493187650107e-05
                ],
                [
                    "as",
                    3.162946813972667e-05
                ],
                [
                    "pl",
                    2.9765435101580806e-05
                ],
                [
                    "uk",
                    2.8372594897518866e-05
                ],
                [
                    "it",
                    2.829456025210675e-05
                ],
                [
                    "id",
                    2.730651067395229e-05
                ],
                [
                    "bg",
                    2.2620886738877743e-05
                ],
                [
                    "sn",
                    2.007626972044818e-05
                ],
                [
                    "hr",
                    1.995897946471814e-05
                ],
                [
                    "gl",
                    1.9346123735886067e-05
                ],
                [
                    "sv",
                    1.909141610667575e-05
                ],
                [
                    "bo",
                    1.8617054593050852e-05
                ],
                [
                    "nl",
                    1.6742786101531237e-05
                ],
                [
                    "eu",
                    1.604360841156449e-05
                ],
                [
                    "cy",
                    1.4787791769776959e-05
                ],
                [
                    "th",
                    1.0271258361171931e-05
                ],
                [
                    "sw",
                    9.876962394628208e-06
                ],
                [
                    "am",
                    9.404749107488897e-06
                ],
                [
                    "ps",
                    8.593660822953098e-06
                ],
                [
                    "sr",
                    8.438929398835171e-06
                ],
                [
                    "sk",
                    8.030013304960448e-06
                ],
                [
                    "bs",
                    7.569233275717124e-06
                ],
                [
                    "lv",
                    7.52815594751155e-06
                ],
                [
                    "cs",
                    7.192368684627581e-06
                ],
                [
                    "fa",
                    6.932960786798503e-06
                ],
                [
                    "af",
                    5.603656063613016e-06
                ],
                [
                    "no",
                    4.814790372620337e-06
                ],
                [
                    "yo",
                    4.516710305324523e-06
                ],
                [
                    "da",
                    4.030392119602766e-06
                ],
