{
    "path": "/Users/cindyzhang/YouLingo/video_analysis/sampled_videos_subset/35_video.mp4",
    "audio_path": "video_analysis/sampled_audios_subset/35_video_audio.wav",
    "language": "nl",
    "length_sec": 6.59,
    "vad_duration_sec": 6.5945,
    "total_segment_length_sec": 6.56,
    "word_count": -1,
    "tokens": [],
    "types": [],
    "mean_sentence_length_words": -1.0,
    "wpm": -1,
    "spm": -1,
    "average_ptr": -1,
    "transcript_text": " Ik heb ballen en dat maakt deze uitspraak ileg gauw, ik ga er snel van doen.",
    "transcript": {
        "segments": [
            {
                "id": 1,
                "start": 0.0,
                "end": 6.56,
                "text": " Ik heb ballen en dat maakt deze uitspraak ileg gauw, ik ga er snel van doen.",
                "no_speech_prob": 0.08908461034297943,
                "avg_logprob": -0.6742537843769995,
                "compression_ratio": 1.0133333333333334,
                "temperature": 0.0
            }
        ],
        "info": {
            "language": "nl",
            "duration": 6.5945,
            "duration_after_vad": 6.5945,
            "language_probability": 0.9727181196212769,
            "all_language_probs": [
                [
                    "nl",
                    0.9727181196212769
                ],
                [
                    "en",
                    0.008431180380284786
                ],
                [
                    "tr",
                    0.003939265850931406
                ],
                [
                    "nn",
                    0.002667126478627324
                ],
                [
                    "pl",
                    0.0021705930121243
                ],
                [
                    "pt",
                    0.0011751018464565277
                ],
                [
                    "de",
                    0.0011668525403365493
                ],
                [
                    "ar",
                    0.001034964807331562
                ],
                [
                    "fr",
                    0.0008053137571550906
                ],
                [
                    "el",
                    0.0005861844401806593
                ],
                [
                    "cy",
                    0.000537166721187532
                ],
                [
                    "la",
                    0.0005328288534656167
                ],
                [
                    "ru",
                    0.000522281916346401
                ],
                [
                    "it",
                    0.00036236041341908276
                ],
                [
                    "hi",
                    0.0003188349073752761
                ],
                [
                    "sv",
                    0.0002880477113649249
                ],
                [
                    "es",
                    0.00026379709015600383
                ],
                [
                    "zh",
                    0.0002121568250004202
                ],
                [
                    "ja",
                    0.00021193943393882364
                ],
                [
                    "no",
                    0.00019089734996668994
                ],
                [
                    "af",
                    0.0001792456314433366
                ],
                [
                    "cs",
                    0.00014901935355737805
                ],
                [
                    "jw",
                    0.0001352927938569337
                ],
                [
                    "hu",
                    0.00012514472473412752
                ],
                [
                    "ko",
                    0.0001224536681547761
                ],
                [
                    "id",
                    0.0001160814063041471
                ],
                [
                    "br",
                    0.00011043583072023466
                ],
                [
                    "fi",
                    0.00010534272587392479
                ],
                [
                    "ur",
                    0.00010229348117718473
                ],
                [
                    "vi",
                    9.091466199606657e-05
                ],
                [
                    "haw",
                    8.868513396009803e-05
                ],
                [
                    "km",
                    6.338246748782694e-05
                ],
                [
                    "da",
                    3.851562723866664e-05
                ],
                [
                    "ca",
                    3.226290937163867e-05
                ],
                [
                    "ms",
                    2.8336608011159115e-05
                ],
                [
                    "mi",
                    2.708551437535789e-05
                ],
                [
                    "uk",
                    2.653213778103236e-05
                ],
                [
                    "sn",
                    2.29275810852414e-05
                ],
                [
                    "yi",
                    2.0996936655137688e-05
                ],
                [
                    "ro",
                    1.987134965020232e-05
                ],
                [
                    "he",
                    1.8446931790094823e-05
                ],
                [
                    "gl",
                    1.7202090020873584e-05
                ],
                [
                    "bg",
                    1.6548470739508048e-05
                ],
                [
                    "is",
                    1.6056163076427765e-05
                ],
                [
                    "ml",
                    1.526209780422505e-05
                ],
                [
                    "tl",
                    1.3033167306275573e-05
                ],
                [
                    "sk",
                    1.1280470971541945e-05
                ],
                [
                    "oc",
                    1.0266970093653072e-05
                ],
                [
                    "ta",
                    9.904488251777366e-06
                ],
                [
                    "az",
                    9.07997127796989e-06
                ],
                [
                    "sl",
                    8.981302016763948e-06
                ],
                [
                    "eu",
                    8.253512532974128e-06
                ],
                [
                    "mn",
                    8.084902219707146e-06
                ],
                [
                    "yo",
                    8.003653420018964e-06
                ],
                [
                    "sa",
                    7.816772267688066e-06
                ],
                [
                    "lv",
                    7.559149253211217e-06
                ],
                [
                    "th",
                    6.214868335518986e-06
                ],
                [
                    "fo",
                    5.811303253722144e-06
                ],
                [
                    "ht",
                    5.2147261158097535e-06
                ],
                [
                    "hy",
                    4.550590801954968e-06
                ],
                [
                    "bn",
                    4.10583470511483e-06
                ],
                [
                    "mt",
                    3.786951083384338e-06
                ],
                [
                    "fa",
                    3.7480790524568874e-06
                ],
                [
                    "hr",
                    3.5709174426301615e-06
                ],
                [
                    "bs",
