{
    "path": "/Users/cindyzhang/YouLingo/video_analysis/sampled_videos_subset/419_video.mp4",
    "audio_path": "video_analysis/sampled_audios_subset/419_video_audio.wav",
    "language": "pt",
    "length_sec": 13.25,
    "vad_duration_sec": 13.167125,
    "total_segment_length_sec": 6.0,
    "word_count": -1,
    "tokens": [],
    "types": [],
    "mean_sentence_length_words": -1.0,
    "wpm": -1,
    "spm": -1,
    "average_ptr": -1,
    "transcript_text": " Me jogou no lixo, mas esqueceu que na licheira estava escrito reciclável.",
    "transcript": {
        "segments": [
            {
                "id": 1,
                "start": 0.0,
                "end": 6.0,
                "text": " Me jogou no lixo, mas esqueceu que na licheira estava escrito reciclável.",
                "no_speech_prob": 0.23249885439872742,
                "avg_logprob": -0.3253572750091553,
                "compression_ratio": 0.9736842105263158,
                "temperature": 0.2
            }
        ],
        "info": {
            "language": "pt",
            "duration": 13.167125,
            "duration_after_vad": 13.167125,
            "language_probability": 0.9110645651817322,
            "all_language_probs": [
                [
                    "pt",
                    0.9110645651817322
                ],
                [
                    "en",
                    0.04537290334701538
                ],
                [
                    "es",
                    0.01922820881009102
                ],
                [
                    "la",
                    0.0024019943084567785
                ],
                [
                    "it",
                    0.00190205208491534
                ],
                [
                    "ru",
                    0.0017272608820348978
                ],
                [
                    "nn",
                    0.0016947380499914289
                ],
                [
                    "pl",
                    0.001691762008704245
                ],
                [
                    "ja",
                    0.0013897925382480025
                ],
                [
                    "jw",
                    0.001234198804013431
                ],
                [
                    "haw",
                    0.0009282343089580536
                ],
                [
                    "gl",
                    0.0009164022631011903
                ],
                [
                    "de",
                    0.0009116393630392849
                ],
                [
                    "el",
                    0.0007842538761906326
                ],
                [
                    "fr",
                    0.0007574438350275159
                ],
                [
                    "ko",
                    0.0007165325223468244
                ],
                [
                    "ro",
                    0.0006521011237055063
                ],
                [
                    "zh",
                    0.0004639089747797698
                ],
                [
                    "cy",
                    0.0004063951491843909
                ],
                [
                    "tl",
                    0.0003927315410692245
                ],
                [
                    "tr",
                    0.00037126525421626866
                ],
                [
                    "km",
                    0.00036492556682787836
                ],
                [
                    "ar",
                    0.0003123318019788712
                ],
                [
                    "yo",
                    0.00024193387071136385
                ],
                [
                    "sn",
                    0.00022250530309975147
                ],
                [
                    "hu",
                    0.00022195237397681922
                ],
                [
                    "ca",
                    0.000213720413739793
                ],
                [
                    "br",
                    0.00020501982362475246
                ],
                [
                    "id",
                    0.00019794127729255706
                ],
                [
                    "cs",
                    0.0001969681034097448
                ],
                [
                    "ms",
                    0.000190804828889668
                ],
                [
                    "sv",
                    0.00017980113625526428
                ],
                [
                    "hi",
                    0.00017744745127856731
                ],
                [
                    "vi",
                    0.0001758802536642179
                ],
                [
                    "nl",
                    0.00016296528337989002
                ],
                [
                    "te",
                    0.0001570878957863897
                ],
                [
                    "fi",
                    0.00015408846957143396
                ],
                [
                    "hr",
                    0.0001483875239500776
                ],
                [
                    "mi",
                    0.00012871345097664744
                ],
                [
                    "yi",
                    0.00010273975203745067
                ],
                [
                    "eu",
                    9.968349331757054e-05
                ],
                [
                    "he",
                    8.279063331428915e-05
                ],
                [
                    "sa",
                    7.625015859957784e-05
                ],
                [
                    "bs",
                    7.494104647776112e-05
                ],
                [
                    "bg",
                    7.34161731088534e-05
                ],
                [
                    "oc",
                    6.70012814225629e-05
                ],
                [
                    "sk",
                    6.295322236837819e-05
                ],
                [
                    "sl",
                    6.288932490861043e-05
                ],
                [
                    "ur",
                    5.307607716531493e-05
                ],
                [
                    "ta",
                    4.692696893471293e-05
                ],
                [
                    "lt",
                    3.732577170012519e-05
                ],
                [
                    "bn",
                    3.491080133244395e-05
                ],
                [
                    "ht",
                    3.1258343369700015e-05
                ],
                [
                    "fa",
                    2.9729822927038185e-05
                ],
                [
                    "uk",
                    2.7490481443237513e-05
                ],
                [
                    "si",
                    2.704343387449626e-05
                ],
                [
                    "no",
                    2.676234180398751e-05
                ],
                [
                    "sr",
                    2.579146712378133e-05
                ],
                [
                    "af",
                    2.5398509023943916e-05
                ],
                [
                    "is",
                    2.4543778636143543e-05
                ],
                [
                    "sw",
                    2.3831651560612954e-05
                ],
                [
                    "da",
                    2.3253476683748886e-05
                ],
                [
                    "th",
                    2.220244459749665e-05
                ],
                [
                    "fo",
                    1.9818069631583057e-05
                ],
                [
                    "be",
