{
    "path": "/Users/cindyzhang/YouLingo/video_analysis/sampled_videos_subset/43_video.mp4",
    "audio_path": "video_analysis/sampled_audios_subset/43_video_audio.wav",
    "language": "nl",
    "length_sec": 10.0,
    "vad_duration_sec": 10.0091875,
    "total_segment_length_sec": 8.72,
    "word_count": -1,
    "tokens": [],
    "types": [],
    "mean_sentence_length_words": -1.0,
    "wpm": -1,
    "spm": -1,
    "average_ptr": -1,
    "transcript_text": " MUZIEK.",
    "transcript": {
        "segments": [
            {
                "id": 1,
                "start": 0.0,
                "end": 8.72,
                "text": " MUZIEK.",
                "no_speech_prob": 0.22485436499118805,
                "avg_logprob": -0.9739031940698624,
                "compression_ratio": 0.4666666666666667,
                "temperature": 0.0
            }
        ],
        "info": {
            "language": "nl",
            "duration": 10.0091875,
            "duration_after_vad": 10.0091875,
            "language_probability": 0.8891376852989197,
            "all_language_probs": [
                [
                    "nl",
                    0.8891376852989197
                ],
                [
                    "de",
                    0.029165687039494514
                ],
                [
                    "en",
                    0.02830563299357891
                ],
                [
                    "fr",
                    0.006383863277733326
                ],
                [
                    "ru",
                    0.005650603212416172
                ],
                [
                    "pl",
                    0.00530475378036499
                ],
                [
                    "nn",
                    0.004493467975407839
                ],
                [
                    "tr",
                    0.003752160584554076
                ],
                [
                    "pt",
                    0.0033971471711993217
                ],
                [
                    "el",
                    0.0025182960089296103
                ],
                [
                    "cy",
                    0.00239160074852407
                ],
                [
                    "zh",
                    0.0020880172960460186
                ],
                [
                    "ar",
                    0.0018106026109308004
                ],
                [
                    "ja",
                    0.0016366186318919063
                ],
                [
                    "la",
                    0.001551922527141869
                ],
                [
                    "es",
                    0.0011750721605494618
                ],
                [
                    "ko",
                    0.0010438429890200496
                ],
                [
                    "br",
                    0.0008740710327401757
                ],
                [
                    "no",
                    0.0008294968283735216
                ],
                [
                    "cs",
                    0.000616028904914856
                ],
                [
                    "af",
                    0.0006001470028422773
                ],
                [
                    "it",
                    0.0005887355655431747
                ],
                [
                    "sv",
                    0.0004788911319337785
                ],
                [
                    "ca",
                    0.0004697633848991245
                ],
                [
                    "hu",
                    0.0004491105501074344
                ],
                [
                    "jw",
                    0.0004400238685775548
                ],
                [
                    "vi",
                    0.00040293423808179796
                ],
                [
                    "hi",
                    0.0003650665166787803
                ],
                [
                    "da",
                    0.00029371987329795957
                ],
                [
                    "ro",
                    0.00029065582202747464
                ],
                [
                    "sn",
                    0.00024883123114705086
                ],
                [
                    "yi",
                    0.00024405123258475214
                ],
                [
                    "ur",
                    0.00020968583703506738
                ],
                [
                    "haw",
                    0.00020258138829376549
                ],
                [
                    "km",
                    0.00019799657457042485
                ],
                [
                    "fi",
                    0.0001890587154775858
                ],
                [
                    "he",
                    0.00018692186858970672
                ],
                [
                    "uk",
                    0.00015265302499756217
                ],
                [
                    "mi",
                    0.00014865535194985569
                ],
                [
                    "ms",
                    0.0001467022520955652
                ],
                [
                    "is",
                    0.00011332574649713933
                ],
                [
                    "oc",
                    0.00011175547115271911
                ],
                [
                    "bg",
                    0.00010962266242131591
                ],
                [
                    "tl",
                    0.00010925465903710574
                ],
                [
                    "lv",
                    0.00010324312461307272
                ],
                [
                    "sk",
                    7.682606519665569e-05
                ],
                [
                    "gl",
                    7.59434697101824e-05
                ],
                [
                    "sl",
                    6.746504368493333e-05
                ],
                [
                    "yo",
                    6.575469160452485e-05
                ],
                [
                    "eu",
                    5.431830868474208e-05
                ],
                [
                    "ta",
                    4.536097912932746e-05
                ],
                [
                    "id",
                    4.036571044707671e-05
                ],
                [
                    "mn",
                    3.83722253900487e-05
                ],
                [
                    "sa",
                    3.7320394767448306e-05
                ],
                [
                    "hy",
                    3.648992060334422e-05
                ],
                [
                    "ht",
                    3.4305863664485514e-05
                ],
                [
                    "hr",
                    3.350554470671341e-05
                ],
                [
                    "th",
                    3.170747004332952e-05
                ],
                [
                    "be",
                    3.061562165385112e-05
                ],
                [
                    "et",
                    3.01105210382957e-05
                ],
                [
                    "fa",
                    2.881227555917576e-05
                ],
                [
                    "sq",
                    2.8370126528898254e-05
                ],
                [
                    "fo",
                    2.5689738322398625e-05
                ],
                [
                    "kk",
                    2.4303100872202776e-05
                ],
                [
                    "lt",
                    2.2394171537598595e-05
                ],
                [
                    "bn",
