{
    "path": "/Users/cindyzhang/YouLingo/video_analysis/sampled_videos_subset/450_video.mp4",
    "audio_path": "video_analysis/sampled_audios_subset/450_video_audio.wav",
    "language": "ko",
    "length_sec": 10.3,
    "vad_duration_sec": 10.26325,
    "total_segment_length_sec": 26.4,
    "word_count": -1,
    "tokens": [],
    "types": [],
    "mean_sentence_length_words": -1.0,
    "wpm": -1,
    "spm": -1,
    "average_ptr": -1,
    "transcript_text": " 대비Big지 sampling  남동",
    "transcript": {
        "segments": [
            {
                "id": 1,
                "start": 0.0,
                "end": 1.4,
                "text": " 대비Big지 sampling",
                "no_speech_prob": 0.2794968783855438,
                "avg_logprob": -3.4012684651783536,
                "compression_ratio": 0.7567567567567568,
                "temperature": 1.0
            },
            {
                "id": 2,
                "start": 1.4,
                "end": 26.4,
                "text": " 남동",
                "no_speech_prob": 0.2794968783855438,
                "avg_logprob": -3.4012684651783536,
                "compression_ratio": 0.7567567567567568,
                "temperature": 1.0
            }
        ],
        "info": {
            "language": "ko",
            "duration": 10.26325,
            "duration_after_vad": 10.26325,
            "language_probability": 0.26485854387283325,
            "all_language_probs": [
                [
                    "ko",
                    0.26485854387283325
                ],
                [
                    "tr",
                    0.15304093062877655
                ],
                [
                    "en",
                    0.07912537455558777
                ],
                [
                    "jw",
                    0.06072703376412392
                ],
                [
                    "ja",
                    0.047252606600522995
                ],
                [
                    "es",
                    0.03797117620706558
                ],
                [
                    "hi",
                    0.03098948672413826
                ],
                [
                    "de",
                    0.025321457535028458
                ],
                [
                    "ta",
                    0.0204622820019722
                ],
                [
                    "ar",
                    0.01781449466943741
                ],
                [
                    "fr",
                    0.017793728038668633
                ],
                [
                    "te",
                    0.014971294440329075
                ],
                [
                    "km",
                    0.014091222546994686
                ],
                [
                    "ru",
                    0.014071280136704445
                ],
                [
                    "pl",
                    0.01201895996928215
                ],
                [
                    "ml",
                    0.010241087526082993
                ],
                [
                    "zh",
                    0.009999575093388557
                ],
                [
                    "pt",
                    0.009936179034411907
                ],
                [
                    "la",
                    0.009277422912418842
                ],
                [
                    "ur",
                    0.008875280618667603
                ],
                [
                    "ro",
                    0.008237565867602825
                ],
                [
                    "nn",
                    0.008167017251253128
                ],
                [
                    "it",
                    0.008060533553361893
                ],
                [
                    "el",
                    0.007149117533117533
                ],
                [
                    "haw",
                    0.00628296472132206
                ],
                [
                    "ms",
                    0.006214774679392576
                ],
                [
                    "sv",
                    0.005356170237064362
                ],
                [
                    "tl",
                    0.005149129778146744
                ],
                [
                    "nl",
                    0.004612457938492298
                ],
                [
                    "sn",
                    0.004476144444197416
                ],
                [
                    "mn",
                    0.00387207162566483
                ],
                [
                    "br",
                    0.0038315346464514732
                ],
                [
                    "hu",
                    0.0037870078813284636
                ],
                [
                    "bn",
                    0.0034789491910487413
                ],
                [
                    "sa",
                    0.0031371978111565113
                ],
                [
                    "eu",
                    0.0029850839637219906
                ],
                [
                    "vi",
                    0.0028044087812304497
                ],
                [
                    "gl",
                    0.0028009768575429916
                ],
                [
                    "cy",
                    0.002582776127383113
                ],
                [
                    "no",
                    0.0025490708649158478
                ],
                [
                    "id",
                    0.0022738815750926733
                ],
                [
                    "th",
                    0.0022291233763098717
                ],
                [
                    "ht",
                    0.002205137861892581
                ],
                [
                    "yo",
                    0.0021490370854735374
                ],
                [
                    "fi",
                    0.002093042479828
                ],
                [
                    "bo",
                    0.0020166945178061724
                ],
                [
                    "uk",
                    0.0019948347471654415
                ],
                [
                    "cs",
                    0.001975820865482092
                ],
                [
                    "mi",
                    0.0018134212587028742
                ],
                [
                    "si",
                    0.0016571396263316274
                ],
                [
                    "hr",
                    0.0014142554719001055
                ],
                [
                    "ne",
                    0.0013930167770013213
                ],
                [
                    "oc",
                    0.001343400334008038
                ],
                [
                    "bs",
                    0.0011640723096206784
                ],
                [
                    "fa",
                    0.0011223332257941365
                ],
                [
                    "is",
                    0.0011110733030363917
                ],
                [
                    "hy",
                    0.0010524970712140203
                ],
                [
                    "my",
                    0.001050870749168098
                ],
                [
                    "kk",
                    0.000986464787274599
                ],
                [
                    "he",
                    0.000940529047511518
                ],
                [
                    "be",
                    0.0009303036495111883
                ],
                [
                    "ca",
                    0.000920478196348995
                ],
                [
                    "fo",
                    0.0009018579148687422
