{
    "path": "/Users/cindyzhang/YouLingo/video_analysis/sampled_videos_subset/543_video.mp4",
    "audio_path": "video_analysis/sampled_audios_subset/543_video_audio.wav",
    "language": "si",
    "length_sec": 22.6,
    "vad_duration_sec": 22.523375,
    "total_segment_length_sec": 22.52,
    "word_count": -1,
    "tokens": [],
    "types": [],
    "mean_sentence_length_words": -1.0,
    "wpm": -1,
    "spm": -1,
    "average_ptr": -1,
    "transcript_text": " ༽༽༽༽༽༽༽༽༽༽༽༽༽༽༽༽༽༽༽༽༽༽༽༽༽༽༽༽༽༽༽༽༽༽༽༽༽༽༽༽༽༽༽༽༽༽༽༽༽༽༽༽༽༽༽༽༽༽༽༽༽༽༽༽༽༽༽༽༽༽༽༽༽༽",
    "transcript": {
        "segments": [
            {
                "id": 1,
                "start": 0.0,
                "end": 22.52,
                "text": " ༽༽༽༽༽༽༽༽༽༽༽༽༽༽༽༽༽༽༽༽༽༽༽༽༽༽༽༽༽༽༽༽༽༽༽༽༽༽༽༽༽༽༽༽༽༽༽༽༽༽༽༽༽༽༽༽༽༽༽༽༽༽༽༽༽༽༽༽༽༽༽༽༽༽",
                "no_speech_prob": 0.10259801894426346,
                "avg_logprob": -0.10169146855672201,
                "compression_ratio": 15.857142857142858,
                "temperature": 1.0
            }
        ],
        "info": {
            "language": "si",
            "duration": 22.523375,
            "duration_after_vad": 22.523375,
            "language_probability": 0.37306275963783264,
            "all_language_probs": [
                [
                    "si",
                    0.37306275963783264
                ],
                [
                    "ta",
                    0.1901613175868988
                ],
                [
                    "ne",
                    0.1313522756099701
                ],
                [
                    "kn",
                    0.07512721419334412
                ],
                [
                    "ml",
                    0.049819037318229675
                ],
                [
                    "te",
                    0.046604055911302567
                ],
                [
                    "mr",
                    0.03623390570282936
                ],
                [
                    "jw",
                    0.015114575624465942
                ],
                [
                    "bn",
                    0.01438327506184578
                ],
                [
                    "fr",
                    0.011553065851330757
                ],
                [
                    "en",
                    0.008304272778332233
                ],
                [
                    "ms",
                    0.005737751256674528
                ],
                [
                    "sw",
                    0.005103011149913073
                ],
                [
                    "fi",
                    0.004486700985580683
                ],
                [
                    "pa",
                    0.0033958193380385637
                ],
                [
                    "et",
                    0.0029036940541118383
                ],
                [
                    "hi",
                    0.0028335736133158207
                ],
                [
                    "as",
                    0.002610689029097557
                ],
                [
                    "id",
                    0.002243604976683855
                ],
                [
                    "am",
                    0.0022200774401426315
                ],
                [
                    "km",
                    0.0017761761555448174
                ],
                [
                    "gu",
                    0.001723320223391056
                ],
                [
                    "tl",
                    0.001068162964656949
                ],
                [
                    "sd",
                    0.0010273285442963243
                ],
                [
                    "ja",
                    0.0010209634201601148
                ],
                [
                    "sa",
                    0.000957074633333832
                ],
                [
                    "da",
                    0.0009427075856365263
                ],
                [
                    "nn",
                    0.0009129121899604797
                ],
                [
                    "ps",
                    0.0008123540319502354
                ],
                [
                    "es",
                    0.0006972923874855042
                ],
                [
                    "my",
                    0.0006598530453629792
                ],
                [
                    "sn",
                    0.0006485029007308185
                ],
                [
                    "ur",
                    0.00047677443944849074
                ],
                [
                    "th",
                    0.0004231829952914268
                ],
                [
                    "zh",
                    0.0004021016648039222
                ],
                [
                    "ar",
                    0.0002785336400847882
                ],
                [
                    "so",
                    0.00022239520330913365
                ],
                [
                    "de",
                    0.0001765372435329482
                ],
                [
                    "ko",
                    0.00017145604942925274
                ],
                [
                    "la",
                    0.00016834774578455836
                ],
                [
                    "yo",
                    0.00014867847494315356
                ],
                [
                    "mi",
                    0.00013599316298495978
                ],
                [
                    "eu",
                    0.0001303098106291145
                ],
                [
                    "lo",
                    0.00012325913121458143
                ],
                [
                    "bo",
                    0.00010813030530698597
                ],
                [
                    "haw",
                    9.829465125221759e-05
                ],
                [
                    "cy",
                    9.082891483558342e-05
                ],
                [
                    "nl",
                    9.021693404065445e-05
                ],
                [
                    "su",
                    8.010389137780294e-05
                ],
                [
                    "lt",
                    7.990453013917431e-05
                ],
                [
                    "is",
                    7.880065095378086e-05
                ],
                [
                    "mn",
                    7.459799235220999e-05
                ],
                [
                    "fa",
                    7.385240314761177e-05
                ],
                [
                    "lv",
                    6.717415089951828e-05
                ],
                [
                    "pt",
                    6.340161053230986e-05
                ],
                [
                    "el",
                    6.233734166016802e-05
                ],
                [
                    "it",
                    6.119648605817929e-05
                ],
                [
                    "br",
                    5.675197098753415e-05
                ],
                [
                    "ln",
                    4.6780234697507694e-05
                ],
                [
                    "sv",
                    4.474311208468862e-05
                ],
                [
                    "kk",
                    4.0412396629108116e-05
                ],
                [
                    "ka",
                    2.9970857212902047e-05
                ],
                [
                    "no",
                    2.8375701731420122e-05
                ],
                [
                    "ro",
                    2.620696795929689e-05
                ],
                [
                    "vi",
