{
    "path": "/Users/cindyzhang/YouLingo/video_analysis/sampled_videos_subset/567_video.mp4",
    "audio_path": "video_analysis/sampled_audios_subset/567_video_audio.wav",
    "language": "pt",
    "length_sec": 13.1,
    "vad_duration_sec": 8.5446875,
    "total_segment_length_sec": 4.0,
    "word_count": -1,
    "tokens": [],
    "types": [],
    "mean_sentence_length_words": -1.0,
    "wpm": -1,
    "spm": -1,
    "average_ptr": -1,
    "transcript_text": " Eu amo Deus, e não tenho vergonha de compartilhar isso.",
    "transcript": {
        "segments": [
            {
                "id": 1,
                "start": 0.0,
                "end": 4.0,
                "text": " Eu amo Deus, e não tenho vergonha de compartilhar isso.",
                "no_speech_prob": 0.007753364276140928,
                "avg_logprob": -0.2982330769300461,
                "compression_ratio": 0.875,
                "temperature": 0.0
            }
        ],
        "info": {
            "language": "pt",
            "duration": 13.1206875,
            "duration_after_vad": 8.5446875,
            "language_probability": 0.9942680597305298,
            "all_language_probs": [
                [
                    "pt",
                    0.9942680597305298
                ],
                [
                    "en",
                    0.0014835480833426118
                ],
                [
                    "es",
                    0.0011242773616686463
                ],
                [
                    "la",
                    0.0005393940955400467
                ],
                [
                    "fr",
                    0.00041753152618184686
                ],
                [
                    "it",
                    0.00038294753176160157
                ],
                [
                    "nn",
                    0.0002592260134406388
                ],
                [
                    "ja",
                    0.00024269678397104144
                ],
                [
                    "pl",
                    0.0001906551915453747
                ],
                [
                    "haw",
                    0.0001649344339966774
                ],
                [
                    "ro",
                    0.00011852260649902746
                ],
                [
                    "jw",
                    0.0001063229501596652
                ],
                [
                    "de",
                    6.482529715867713e-05
                ],
                [
                    "km",
                    5.83070250286255e-05
                ],
                [
                    "el",
                    5.527520625037141e-05
                ],
                [
                    "cy",
                    4.7168778110062703e-05
                ],
                [
                    "ar",
                    4.639539838535711e-05
                ],
                [
                    "zh",
                    4.150298627791926e-05
                ],
                [
                    "id",
                    3.276269126217812e-05
                ],
                [
                    "gl",
                    3.202102016075514e-05
                ],
                [
                    "ru",
                    3.0762937967665493e-05
                ],
                [
                    "ms",
                    3.052880856557749e-05
                ],
                [
                    "vi",
                    2.955901982204523e-05
                ],
                [
                    "ko",
                    2.4027829567785375e-05
                ],
                [
                    "br",
                    2.1168176317587495e-05
                ],
                [
                    "tr",
                    1.8198492398369126e-05
                ],
                [
                    "sn",
                    1.771288771124091e-05
                ],
                [
                    "nl",
                    1.6453028365503997e-05
                ],
                [
                    "yo",
                    1.1773283404181711e-05
                ],
                [
                    "tl",
                    1.089363831852097e-05
                ],
                [
                    "mi",
                    9.560937542119063e-06
                ],
                [
                    "sa",
                    7.608422947669169e-06
                ],
                [
                    "oc",
                    7.536043540312676e-06
                ],
                [
                    "yi",
                    6.933417807886144e-06
                ],
                [
                    "sv",
                    6.676991233689478e-06
                ],
                [
                    "hi",
                    5.328755833033938e-06
                ],
                [
                    "si",
                    5.157591203897027e-06
                ],
                [
                    "ca",
                    5.0598605412233155e-06
                ],
                [
                    "hu",
                    4.7511466618743725e-06
                ],
                [
                    "eu",
                    4.649326456274139e-06
                ],
                [
                    "bg",
                    4.6466357161989436e-06
                ],
                [
                    "af",
                    4.405055733514018e-06
                ],
                [
                    "cs",
                    4.2374845179438125e-06
                ],
                [
                    "he",
                    3.6980800359742716e-06
                ],
                [
                    "ur",
                    2.5317297058791155e-06
                ],
                [
                    "fi",
                    2.1340233615774196e-06
                ],
                [
                    "th",
                    2.0887914615741465e-06
                ],
                [
                    "ht",
                    2.0695481453003595e-06
                ],
                [
                    "mn",
                    2.0320178464316996e-06
                ],
                [
                    "hr",
                    2.0045476958330255e-06
                ],
                [
                    "sl",
                    1.962468331839773e-06
                ],
                [
                    "fo",
                    1.6257320112345042e-06
                ],
                [
                    "uk",
                    1.5173402516666101e-06
                ],
                [
                    "sk",
                    1.2806734730475e-06
                ],
                [
                    "te",
                    1.2589993048095494e-06
                ],
                [
                    "no",
                    1.1575482403713977e-06
                ],
                [
                    "fa",
                    1.137586878030561e-06
                ],
                [
                    "bs",
                    1.0595530284263077e-06
                ],
                [
                    "sw",
                    8.55685641454329e-07
                ],
                [
                    "bn",
                    7.530536549893441e-07
                ],
                [
                    "my",
                    6.218795647328079e-07
                ],
                [
                    "ta",
                    5.662866442435188e-07
                ],
                [
                    "sd",
                    5.165178436072893e-07
                ],
                [
                    "da",
                    5.145654995430959e-07
                ],
                [
                    "is",
