{
    "path": "/Users/cindyzhang/YouLingo/video_analysis/sampled_videos_subset/577_video.mp4",
    "audio_path": "video_analysis/sampled_audios_subset/577_video_audio.wav",
    "language": "pt",
    "length_sec": 13.25,
    "vad_duration_sec": 6.224,
    "total_segment_length_sec": 6.16,
    "word_count": -1,
    "tokens": [],
    "types": [],
    "mean_sentence_length_words": -1.0,
    "wpm": -1,
    "spm": -1,
    "average_ptr": -1,
    "transcript_text": " E ainda me falaram que eu não combino com qualquer cor de cabelo.  HA HA HA HA HA HA HA HA HA HA HA HA HA HA HA HA HA HA!",
    "transcript": {
        "segments": [
            {
                "id": 1,
                "start": 0.0,
                "end": 3.66,
                "text": " E ainda me falaram que eu não combino com qualquer cor de cabelo.",
                "no_speech_prob": 0.0846727043390274,
                "avg_logprob": -0.5110064948477396,
                "compression_ratio": 1.6575342465753424,
                "temperature": 0.0
            },
            {
                "id": 2,
                "start": 3.66,
                "end": 6.16,
                "text": " HA HA HA HA HA HA HA HA HA HA HA HA HA HA HA HA HA HA!",
                "no_speech_prob": 0.0846727043390274,
                "avg_logprob": -0.5110064948477396,
                "compression_ratio": 1.6575342465753424,
                "temperature": 0.0
            }
        ],
        "info": {
            "language": "pt",
            "duration": 13.167125,
            "duration_after_vad": 6.224,
            "language_probability": 0.9803465604782104,
            "all_language_probs": [
                [
                    "pt",
                    0.9803465604782104
                ],
                [
                    "en",
                    0.0077204592525959015
                ],
                [
                    "es",
                    0.00558048440143466
                ],
                [
                    "ja",
                    0.0013155575143173337
                ],
                [
                    "it",
                    0.0008658051956444979
                ],
                [
                    "pl",
                    0.0006231077713891864
                ],
                [
                    "ko",
                    0.00042249931721016765
                ],
                [
                    "nn",
                    0.0003540883189998567
                ],
                [
                    "fr",
                    0.00033510918729007244
                ],
                [
                    "zh",
                    0.0003094743296969682
                ],
                [
                    "jw",
                    0.0003035195404663682
                ],
                [
                    "la",
                    0.00018163083586841822
                ],
                [
                    "ru",
                    0.0001458353945054114
                ],
                [
                    "haw",
                    0.00014412440941669047
                ],
                [
                    "tr",
                    0.0001428526156814769
                ],
                [
                    "id",
                    0.00010524244862608612
                ],
                [
                    "km",
                    0.00010188994201598689
                ],
                [
                    "de",
                    9.429967758478597e-05
                ],
                [
                    "gl",
                    8.759379124967381e-05
                ],
                [
                    "vi",
                    8.069771865848452e-05
                ],
                [
                    "ro",
                    7.89398472988978e-05
                ],
                [
                    "el",
                    6.272290920605883e-05
                ],
                [
                    "ms",
                    4.782143878401257e-05
                ],
                [
                    "tl",
                    4.6673445467604324e-05
                ],
                [
                    "cy",
                    4.562600588542409e-05
                ],
                [
                    "ar",
                    4.152580368099734e-05
                ],
                [
                    "nl",
                    3.694244514917955e-05
                ],
                [
                    "hi",
                    3.6868394090561196e-05
                ],
                [
                    "ca",
                    3.4289889299543574e-05
                ],
                [
                    "sv",
                    3.273774200351909e-05
                ],
                [
                    "sn",
                    3.200491482857615e-05
                ],
                [
                    "mi",
                    2.370077527302783e-05
                ],
                [
                    "br",
                    2.2559430362889543e-05
                ],
                [
                    "hu",
                    2.0283641788410023e-05
                ],
                [
                    "yo",
                    1.862430690380279e-05
                ],
                [
                    "fi",
                    1.7822541849454865e-05
                ],
                [
                    "eu",
                    1.0131887393072248e-05
                ],
                [
                    "th",
                    9.589970431989059e-06
                ],
                [
                    "ur",
                    9.019122444442473e-06
                ],
                [
                    "te",
                    7.341779564740136e-06
                ],
                [
                    "hr",
                    6.742466212017462e-06
                ],
                [
                    "cs",
                    6.55254598314059e-06
                ],
                [
                    "sa",
                    5.946178134763613e-06
                ],
                [
                    "ht",
                    5.82878874411108e-06
                ],
                [
                    "si",
                    5.458617124531884e-06
                ],
                [
                    "bn",
                    5.204234639677452e-06
                ],
                [
                    "bs",
                    4.807075129065197e-06
                ],
                [
                    "yi",
                    4.631921910913661e-06
                ],
                [
                    "he",
                    4.491665094974451e-06
                ],
                [
                    "ta",
                    4.166045073361602e-06
                ],
                [
                    "oc",
                    3.87533782486571e-06
                ],
                [
                    "be",
                    3.739215344467084e-06
                ],
                [
                    "sk",
                    3.173812046952662e-06
                ],
                [
                    "sl",
                    3.0829485240246868e-06
                ],
                [
                    "uk",
                    2.94326287075819e-06
                ],
                [
                    "no",
                    2.8034103252139175e-06
                ],
                [
                    "af",
                    2.7894648155779578e-06
                ],
                [
                    "fa",
                    2.7516578029462835e-06
                ],
                [
                    "da",
                    2.5488338906143326e-06
                ],
                [
                    "fo",
                    2.480814600858139e-06
                ],
                [
