{
    "path": "/Users/cindyzhang/YouLingo/video_analysis/sampled_videos_subset/588_video.mp4",
    "audio_path": "video_analysis/sampled_audios_subset/588_video_audio.wav",
    "language": "es",
    "length_sec": 11.17,
    "vad_duration_sec": 8.0501875,
    "total_segment_length_sec": 8.469999999999999,
    "word_count": -1,
    "tokens": [],
    "types": [],
    "mean_sentence_length_words": -1.0,
    "wpm": -1,
    "spm": -1,
    "average_ptr": -1,
    "transcript_text": " Y iluminarí, haciéndolo vacano, palo chico vacano  Runa perra una riabla, mira como melar y me dice",
    "transcript": {
        "segments": [
            {
                "id": 1,
                "start": 1.65,
                "end": 5.65,
                "text": " Y iluminarí, haciéndolo vacano, palo chico vacano",
                "no_speech_prob": 0.22916939854621887,
                "avg_logprob": -0.6412204831838608,
                "compression_ratio": 1.1363636363636365,
                "temperature": 0.0
            },
            {
                "id": 2,
                "start": 5.65,
                "end": 10.12,
                "text": " Runa perra una riabla, mira como melar y me dice",
                "no_speech_prob": 0.22916939854621887,
                "avg_logprob": -0.6412204831838608,
                "compression_ratio": 1.1363636363636365,
                "temperature": 0.0
            }
        ],
        "info": {
            "language": "es",
            "duration": 11.1701875,
            "duration_after_vad": 8.0501875,
            "language_probability": 0.907596230506897,
            "all_language_probs": [
                [
                    "es",
                    0.907596230506897
                ],
                [
                    "en",
                    0.04275158792734146
                ],
                [
                    "it",
                    0.00732659175992012
                ],
                [
                    "pt",
                    0.006171073764562607
                ],
                [
                    "gl",
                    0.004951149690896273
                ],
                [
                    "jw",
                    0.0027785461861640215
                ],
                [
                    "el",
                    0.002739862771704793
                ],
                [
                    "ja",
                    0.002219544956460595
                ],
                [
                    "fr",
                    0.0020825339015573263
                ],
                [
                    "eu",
                    0.0019580768421292305
                ],
                [
                    "ko",
                    0.0018787123262882233
                ],
                [
                    "km",
                    0.001577007700689137
                ],
                [
                    "pl",
                    0.001459810184314847
                ],
                [
                    "nn",
                    0.001380201312713325
                ],
                [
                    "ca",
                    0.0013032375136390328
                ],
                [
                    "ru",
                    0.0010679038241505623
                ],
                [
                    "la",
                    0.0009891887893900275
                ],
                [
                    "zh",
                    0.0009745460120029747
                ],
                [
                    "de",
                    0.0009405865566805005
                ],
                [
                    "haw",
                    0.0008434724877588451
                ],
                [
                    "sn",
                    0.0006684071267955005
                ],
                [
                    "tr",
                    0.0005740457563661039
                ],
                [
                    "hi",
                    0.00037700592656619847
                ],
                [
                    "cy",
                    0.000376297568436712
                ],
                [
                    "ar",
                    0.00037149564013816416
                ],
                [
                    "nl",
                    0.0003683196846395731
                ],
                [
                    "ta",
                    0.00035654634120874107
                ],
                [
                    "tl",
                    0.0003257261123508215
                ],
                [
                    "he",
                    0.00030135747510939837
                ],
                [
                    "oc",
                    0.0002690234105102718
                ],
                [
                    "yo",
                    0.0002646995708346367
                ],
                [
                    "ro",
                    0.00025470624677836895
                ],
                [
                    "fi",
                    0.00020570558262988925
                ],
                [
                    "vi",
                    0.0001841902849264443
                ],
                [
                    "br",
                    0.00013835678691975772
                ],
                [
                    "sa",
                    0.0001283044257434085
                ],
                [
                    "bn",
                    0.00012682437954936177
                ],
                [
                    "sv",
                    0.00012573151616379619
                ],
                [
                    "hr",
                    0.00012135438737459481
                ],
                [
                    "te",
                    0.00011981389252468944
                ],
                [
                    "id",
                    0.0001191761766676791
                ],
                [
                    "mi",
                    0.00010467189713381231
                ],
                [
                    "hu",
                    9.801070700632408e-05
                ],
                [
                    "cs",
                    8.292066195281222e-05
                ],
                [
                    "ur",
                    8.173839160008356e-05
                ],
                [
                    "be",
                    5.240324389887974e-05
                ],
                [
                    "sw",
                    4.965728294337168e-05
                ],
                [
                    "yi",
                    4.6087909140624106e-05
                ],
                [
                    "is",
                    4.323364919400774e-05
                ],
                [
                    "fa",
                    4.315064870752394e-05
                ],
                [
                    "si",
                    4.289499338483438e-05
                ],
                [
                    "fo",
                    4.1242547013098374e-05
                ],
                [
                    "uk",
                    4.1162387788062915e-05
                ],
                [
                    "ht",
                    3.5094079066766426e-05
                ],
                [
                    "ms",
                    3.23481326631736e-05
                ],
                [
                    "sk",
                    3.0391240215976723e-05
                ],
                [
                    "bs",
                    3.0174092898960225e-05
                ],
                [
                    "no",
                    2.8751110221492127e-05
                ],
                [
                    "th",
                    2.8360109354252927e-05
                ],
                [
                    "my",
                    2.704401413211599e-05
                ],
                [
                    "ml",
