{
    "path": "/Users/cindyzhang/YouLingo/video_analysis/sampled_videos_subset/650_video.mp4",
    "audio_path": "video_analysis/sampled_audios_subset/650_video_audio.wav",
    "language": "es",
    "length_sec": 8.93,
    "vad_duration_sec": 4.79725,
    "total_segment_length_sec": 3.8,
    "word_count": -1,
    "tokens": [],
    "types": [],
    "mean_sentence_length_words": -1.0,
    "wpm": -1,
    "spm": -1,
    "average_ptr": -1,
    "transcript_text": " Yo digo al infierno, ¿y veo eso?  Obviamente me quedo",
    "transcript": {
        "segments": [
            {
                "id": 1,
                "start": 0.0,
                "end": 2.3,
                "text": " Yo digo al infierno, ¿y veo eso?",
                "no_speech_prob": 0.08461063355207443,
                "avg_logprob": -0.5610472815377372,
                "compression_ratio": 0.8688524590163934,
                "temperature": 0.0
            },
            {
                "id": 2,
                "start": 7.4,
                "end": 8.9,
                "text": " Obviamente me quedo",
                "no_speech_prob": 0.08461063355207443,
                "avg_logprob": -0.5610472815377372,
                "compression_ratio": 0.8688524590163934,
                "temperature": 0.0
            }
        ],
        "info": {
            "language": "es",
            "duration": 8.89325,
            "duration_after_vad": 4.79725,
            "language_probability": 0.9326755404472351,
            "all_language_probs": [
                [
                    "es",
                    0.9326755404472351
                ],
                [
                    "en",
                    0.028515873476862907
                ],
                [
                    "gl",
                    0.010168636217713356
                ],
                [
                    "ja",
                    0.005227481480687857
                ],
                [
                    "el",
                    0.00265126652084291
                ],
                [
                    "la",
                    0.0026354228612035513
                ],
                [
                    "eu",
                    0.002545303199440241
                ],
                [
                    "pt",
                    0.0024539646692574024
                ],
                [
                    "pl",
                    0.0022768217604607344
                ],
                [
                    "it",
                    0.0021828822791576385
                ],
                [
                    "nn",
                    0.0012206581886857748
                ],
                [
                    "jw",
                    0.0008708672248758376
                ],
                [
                    "ca",
                    0.0006499500595964491
                ],
                [
                    "fi",
                    0.0006300643435679376
                ],
                [
                    "ru",
                    0.0005410556332208216
                ],
                [
                    "ko",
                    0.0005328345578163862
                ],
                [
                    "cy",
                    0.0004532625316642225
                ],
                [
                    "fr",
                    0.00044863345101475716
                ],
                [
                    "de",
                    0.0003202782245352864
                ],
                [
                    "tr",
                    0.0003040855808649212
                ],
                [
                    "haw",
                    0.00029232027009129524
                ],
                [
                    "zh",
                    0.00029002578230574727
                ],
                [
                    "km",
                    0.00028774573002010584
                ],
                [
                    "nl",
                    0.0001765148335834965
                ],
                [
                    "br",
                    0.0001500006183050573
                ],
                [
                    "hu",
                    0.00012339056411292404
                ],
                [
                    "hi",
                    0.00011956172966165468
                ],
                [
                    "oc",
                    0.0001123952170019038
                ],
                [
                    "id",
                    0.00011089862528024241
                ],
                [
                    "vi",
                    9.317605872638524e-05
                ],
                [
                    "is",
                    5.6837139709386975e-05
                ],
                [
                    "sn",
                    5.618428986053914e-05
                ],
                [
                    "hr",
                    5.058570968685672e-05
                ],
                [
                    "mi",
                    4.852686106460169e-05
                ],
                [
                    "bn",
                    4.697369149653241e-05
                ],
                [
                    "tl",
                    4.691795038525015e-05
                ],
                [
                    "ms",
                    4.471604188438505e-05
                ],
                [
                    "ar",
                    4.213811916997656e-05
                ],
                [
                    "sv",
                    4.079580685356632e-05
                ],
                [
                    "cs",
                    3.991726043750532e-05
                ],
                [
                    "sa",
                    3.886382910422981e-05
                ],
                [
                    "bg",
                    2.9084440029691905e-05
                ],
                [
                    "af",
                    2.8041729819960892e-05
                ],
                [
                    "ur",
                    2.686468906176742e-05
                ],
                [
                    "he",
                    2.4346913050976582e-05
                ],
                [
                    "ro",
                    2.4344728444702923e-05
                ],
                [
                    "te",
                    2.427675099170301e-05
                ],
                [
                    "sk",
                    2.2951648134039715e-05
                ],
                [
                    "yo",
                    2.1718291463912465e-05
                ],
                [
                    "th",
                    1.8955754057969898e-05
                ],
                [
                    "bs",
                    1.874781446531415e-05
                ],
                [
                    "ta",
                    1.645102383918129e-05
                ],
                [
                    "yi",
                    1.3911588212067727e-05
                ],
                [
                    "fa",
                    1.3491328900272492e-05
                ],
                [
                    "da",
                    1.165706999017857e-05
                ],
                [
                    "fo",
                    1.1114580047433265e-05
                ],
                [
                    "no",
                    9.935339221556205e-06
                ],
                [
                    "mn",
                    8.251175131590571e-06
                ],
                [
                    "uk",
                    7.998968612810131e-06
                ],
                [
                    "ht",
                    6.79156346450327e-06
                ],
                [
                    "ml",
                    6.611864591832273e-06
                ],
                [
                    "be",
