{
    "path": "/Users/cindyzhang/YouLingo/video_analysis/sampled_videos_subset/691_video.mp4",
    "audio_path": "video_analysis/sampled_audios_subset/691_video_audio.wav",
    "language": "es",
    "length_sec": 14.14,
    "vad_duration_sec": 4.992,
    "total_segment_length_sec": 5.000000000000001,
    "word_count": -1,
    "tokens": [],
    "types": [],
    "mean_sentence_length_words": -1.0,
    "wpm": -1,
    "spm": -1,
    "average_ptr": -1,
    "transcript_text": " ¡Va bien en la que alta!  ¡Va bien en la que alta! ¡Le mamá!  ¡Dale!",
    "transcript": {
        "segments": [
            {
                "id": 1,
                "start": 6.8,
                "end": 8.8,
                "text": " ¡Va bien en la que alta!",
                "no_speech_prob": 0.06452376395463943,
                "avg_logprob": -0.6814586572787341,
                "compression_ratio": 1.392156862745098,
                "temperature": 0.2
            },
            {
                "id": 2,
                "start": 8.8,
                "end": 10.8,
                "text": " ¡Va bien en la que alta! ¡Le mamá!",
                "no_speech_prob": 0.06452376395463943,
                "avg_logprob": -0.6814586572787341,
                "compression_ratio": 1.392156862745098,
                "temperature": 0.2
            },
            {
                "id": 3,
                "start": 10.8,
                "end": 11.8,
                "text": " ¡Dale!",
                "no_speech_prob": 0.06452376395463943,
                "avg_logprob": -0.6814586572787341,
                "compression_ratio": 1.392156862745098,
                "temperature": 0.2
            }
        ],
        "info": {
            "language": "es",
            "duration": 14.1409375,
            "duration_after_vad": 4.992,
            "language_probability": 0.894635021686554,
            "all_language_probs": [
                [
                    "es",
                    0.894635021686554
                ],
                [
                    "en",
                    0.0217280350625515
                ],
                [
                    "it",
                    0.014385849237442017
                ],
                [
                    "ca",
                    0.009872626513242722
                ],
                [
                    "fr",
                    0.0062088752165436745
                ],
                [
                    "gl",
                    0.005708679556846619
                ],
                [
                    "de",
                    0.004115295130759478
                ],
                [
                    "pt",
                    0.004023439716547728
                ],
                [
                    "hi",
                    0.0034915797878056765
                ],
                [
                    "el",
                    0.0030968543142080307
                ],
                [
                    "ar",
                    0.0029211773071438074
                ],
                [
                    "tr",
                    0.0020392443984746933
                ],
                [
                    "ko",
                    0.0019691092893481255
                ],
                [
                    "nl",
                    0.001938022905960679
                ],
                [
                    "jw",
                    0.0016488825203850865
                ],
                [
                    "nn",
                    0.001538612530566752
                ],
                [
                    "eu",
                    0.001434675301425159
                ],
                [
                    "zh",
                    0.001208372414112091
                ],
                [
                    "fi",
                    0.0011997362598776817
                ],
                [
                    "tl",
                    0.0011288938112556934
                ],
                [
                    "ja",
                    0.0010923170484602451
                ],
                [
                    "ta",
                    0.001086403732188046
                ],
                [
                    "pl",
                    0.0010711356298997998
                ],
                [
                    "ro",
                    0.0010150268208235502
                ],
                [
                    "he",
                    0.0010033027501776814
                ],
                [
                    "haw",
                    0.0009812574135139585
                ],
                [
                    "la",
                    0.0008231202373281121
                ],
                [
                    "ru",
                    0.0007719413260929286
                ],
                [
                    "ur",
                    0.0007491550641134381
                ],
                [
                    "cy",
                    0.0007443806971423328
                ],
                [
                    "sv",
                    0.0005203309119679034
                ],
                [
                    "ms",
                    0.0004130513407289982
                ],
                [
                    "id",
                    0.00037266252911649644
                ],
                [
                    "br",
                    0.00035616420791484416
                ],
                [
                    "hu",
                    0.0003084851196035743
                ],
                [
                    "sn",
                    0.00029974477365612984
                ],
                [
                    "oc",
                    0.0002543299342505634
                ],
                [
                    "hr",
                    0.00023415317991748452
                ],
                [
                    "te",
                    0.00022198224905878305
                ],
                [
                    "no",
                    0.0001973178150365129
                ],
                [
                    "cs",
                    0.00018570778775028884
                ],
                [
                    "vi",
                    0.00018256122712045908
                ],
                [
                    "th",
                    0.00017708315863274038
                ],
                [
                    "da",
                    0.00017564209701959044
                ],
                [
                    "sa",
                    0.0001746819179970771
                ],
                [
                    "bn",
                    0.0001727798953652382
                ],
                [
                    "fa",
                    0.00016549516294617206
                ],
                [
                    "mi",
                    0.0001581057149451226
                ],
                [
                    "km",
                    0.00015423668082803488
                ],
                [
                    "sw",
                    0.00013021826453041285
                ],
                [
                    "is",
                    0.00012603458890225738
                ],
                [
                    "yo",
                    0.000123830686789006
                ],
                [
                    "sl",
                    0.00011262866610195488
                ],
                [
                    "ne",
                    9.591305570211262e-05
                ],
                [
                    "si",
                    7.980903319548815e-05
                ],
                [
                    "ht",
                    7.76954329921864e-05
                ],
                [
                    "sd",
                    7.504310633521527e-05
                ],
                [
                    "ml",
                    6.628451956203207e-05
                ],
