{
    "path": "/Users/cindyzhang/YouLingo/video_analysis/sampled_videos_subset/692_video.mp4",
    "audio_path": "video_analysis/sampled_audios_subset/692_video_audio.wav",
    "language": "pt",
    "length_sec": 13.25,
    "vad_duration_sec": 13.1425,
    "total_segment_length_sec": 6.0,
    "word_count": -1,
    "tokens": [],
    "types": [],
    "mean_sentence_length_words": -1.0,
    "wpm": -1,
    "spm": -1,
    "average_ptr": -1,
    "transcript_text": " Me jogou no lixo, mas esqueceu que na lixeira estava escrito reciclável.",
    "transcript": {
        "segments": [
            {
                "id": 1,
                "start": 0.0,
                "end": 6.0,
                "text": " Me jogou no lixo, mas esqueceu que na lixeira estava escrito reciclável.",
                "no_speech_prob": 0.22249798476696014,
                "avg_logprob": -0.32552390098571776,
                "compression_ratio": 0.9864864864864865,
                "temperature": 0.0
            }
        ],
        "info": {
            "language": "pt",
            "duration": 13.1425,
            "duration_after_vad": 13.1425,
            "language_probability": 0.9089446067810059,
            "all_language_probs": [
                [
                    "pt",
                    0.9089446067810059
                ],
                [
                    "en",
                    0.04613334313035011
                ],
                [
                    "es",
                    0.02050904557108879
                ],
                [
                    "la",
                    0.0023509711027145386
                ],
                [
                    "ru",
                    0.0019274578662589192
                ],
                [
                    "it",
                    0.0018733730539679527
                ],
                [
                    "pl",
                    0.001687358831986785
                ],
                [
                    "nn",
                    0.0014354378217831254
                ],
                [
                    "ja",
                    0.001388189964927733
                ],
                [
                    "jw",
                    0.0012242021039128304
                ],
                [
                    "de",
                    0.0010525971883907914
                ],
                [
                    "gl",
                    0.0009736056090332568
                ],
                [
                    "fr",
                    0.0009072328684851527
                ],
                [
                    "haw",
                    0.0008827398414723575
                ],
                [
                    "el",
                    0.000726249476429075
                ],
                [
                    "ko",
                    0.0006957369041629136
                ],
                [
                    "ro",
                    0.0006842290167696774
                ],
                [
                    "zh",
                    0.0004406362713780254
                ],
                [
                    "cy",
                    0.0004373923584353179
                ],
                [
                    "tl",
                    0.00037429388612508774
                ],
                [
                    "tr",
                    0.000352133356500417
                ],
                [
                    "km",
                    0.00034395846887491643
                ],
                [
                    "ar",
                    0.0003188245464116335
                ],
                [
                    "ca",
                    0.00024196901358664036
                ],
                [
                    "yo",
                    0.00024029398628044873
                ],
                [
                    "sn",
                    0.00023897603387013078
                ],
                [
                    "hu",
                    0.0002244488277938217
                ],
                [
                    "br",
                    0.00021949382789898664
                ],
                [
                    "sv",
                    0.00018576467118691653
                ],
                [
                    "cs",
                    0.00018414194346405566
                ],
                [
                    "te",
                    0.00017655234842095524
                ],
                [
                    "hi",
                    0.00017625221516937017
                ],
                [
                    "vi",
                    0.00017259299056604505
                ],
                [
                    "nl",
                    0.000168259022757411
                ],
                [
                    "ms",
                    0.00016794288239907473
                ],
                [
                    "id",
                    0.00015785818686708808
                ],
                [
                    "fi",
                    0.00015504975453950465
                ],
                [
                    "hr",
                    0.0001357474538963288
                ],
                [
                    "mi",
                    0.0001356469001621008
                ],
                [
                    "eu",
                    0.00011308362445561215
                ],
                [
                    "yi",
                    0.00010472507710801437
                ],
                [
                    "he",
                    8.821638039080426e-05
                ],
                [
                    "sa",
                    7.88452525739558e-05
                ],
                [
                    "oc",
                    7.030869164736941e-05
                ],
                [
                    "bg",
                    6.948930240469053e-05
                ],
                [
                    "bs",
                    6.40451253275387e-05
                ],
                [
                    "sl",
                    6.177230534376577e-05
                ],
                [
                    "sk",
                    5.855415656697005e-05
                ],
                [
                    "ta",
                    5.6052787840599194e-05
                ],
                [
                    "ur",
                    4.96122520416975e-05
                ],
                [
                    "lt",
                    3.970960096921772e-05
                ],
                [
                    "bn",
                    3.4343516745138913e-05
                ],
                [
                    "ht",
                    3.1511175620835274e-05
                ],
                [
                    "fa",
                    3.124228533124551e-05
                ],
                [
                    "uk",
                    2.9174496376072057e-05
                ],
                [
                    "sw",
                    2.670689173100982e-05
                ],
                [
                    "af",
                    2.5533521693432704e-05
                ],
                [
                    "is",
                    2.5375056793564e-05
                ],
                [
                    "si",
                    2.4861721612978727e-05
                ],
                [
                    "no",
                    2.4558041332056746e-05
                ],
                [
                    "sr",
                    2.3250799131346866e-05
                ],
                [
                    "be",
                    2.306781243532896e-05
                ],
                [
                    "fo",
                    2.0401215806487016e-05
                ],
                [
                    "th",
                    1.932134182425216e-05
                ],
                [
                    "da",
