{
    "path": "/Users/cindyzhang/YouLingo/video_analysis/sampled_videos_subset/694_video.mp4",
    "audio_path": "video_analysis/sampled_audios_subset/694_video_audio.wav",
    "language": "ja",
    "length_sec": 23.73,
    "vad_duration_sec": 5.552,
    "total_segment_length_sec": 7.06,
    "word_count": -1,
    "tokens": [],
    "types": [],
    "mean_sentence_length_words": -1.0,
    "wpm": -1,
    "spm": -1,
    "average_ptr": -1,
    "transcript_text": "ナッファン アマニアマニー メッケ 少々 ナッケル パッ",
    "transcript": {
        "segments": [
            {
                "id": 1,
                "start": 0.0,
                "end": 2.64,
                "text": "ナッファン アマニアマニー",
                "no_speech_prob": 0.24153025448322296,
                "avg_logprob": -1.1612954573197798,
                "compression_ratio": 1.0909090909090908,
                "temperature": 1.0
            },
            {
                "id": 2,
                "start": 2.64,
                "end": 5.94,
                "text": "メッケ 少々",
                "no_speech_prob": 0.24153025448322296,
                "avg_logprob": -1.1612954573197798,
                "compression_ratio": 1.0909090909090908,
                "temperature": 1.0
            },
            {
                "id": 3,
                "start": 5.94,
                "end": 7.06,
                "text": "ナッケル パッ",
                "no_speech_prob": 0.24153025448322296,
                "avg_logprob": -1.1612954573197798,
                "compression_ratio": 1.0909090909090908,
                "temperature": 1.0
            }
        ],
        "info": {
            "language": "ja",
            "duration": 23.684375,
            "duration_after_vad": 5.552,
            "language_probability": 0.6453137993812561,
            "all_language_probs": [
                [
                    "ja",
                    0.6453137993812561
                ],
                [
                    "en",
                    0.1395515650510788
                ],
                [
                    "ko",
                    0.11478838324546814
                ],
                [
                    "es",
                    0.013523809611797333
                ],
                [
                    "fr",
                    0.011268755421042442
                ],
                [
                    "hi",
                    0.00776194641366601
                ],
                [
                    "zh",
                    0.0053131189197301865
                ],
                [
                    "pt",
                    0.004986217711120844
                ],
                [
                    "ru",
                    0.004152143374085426
                ],
                [
                    "it",
                    0.0035960818640887737
                ],
                [
                    "ar",
                    0.0035849602427333593
                ],
                [
                    "tr",
                    0.0030326987616717815
                ],
                [
                    "de",
                    0.0029932018369436264
                ],
                [
                    "jw",
                    0.0027340541128069162
                ],
                [
                    "el",
                    0.002360039856284857
                ],
                [
                    "pl",
                    0.0023510900791734457
                ],
                [
                    "id",
                    0.0022483605425804853
                ],
                [
                    "te",
                    0.0022419884335249662
                ],
                [
                    "nn",
                    0.0021269049029797316
                ],
                [
                    "tl",
                    0.0021089992951601744
                ],
                [
                    "ms",
                    0.001780004589818418
                ],
                [
                    "ta",
                    0.001606931909918785
                ],
                [
                    "la",
                    0.0016003816854208708
                ],
                [
                    "th",
                    0.0014861151576042175
                ],
                [
                    "haw",
                    0.0012804848374798894
                ],
                [
                    "ur",
                    0.0012250849977135658
                ],
                [
                    "bn",
                    0.0009125407668761909
                ],
                [
                    "cy",
                    0.0008594137034378946
                ],
                [
                    "km",
                    0.000809348828624934
                ],
                [
                    "nl",
                    0.0007647086749784648
                ],
                [
                    "sv",
                    0.0007068312843330204
                ],
                [
                    "ro",
                    0.0006787424790672958
                ],
                [
                    "vi",
                    0.000605968467425555
                ],
                [
                    "he",
                    0.000580493884626776
                ],
                [
                    "mi",
                    0.0005448289448395371
                ],
                [
                    "sn",
                    0.0005055915098637342
                ],
                [
                    "no",
                    0.00045410808525048196
                ],
                [
                    "fa",
                    0.00043763205758295953
                ],
                [
                    "cs",
                    0.0004373456467874348
                ],
                [
                    "ne",
                    0.0004212860658299178
                ],
                [
                    "br",
                    0.000361020298441872
                ],
                [
                    "fi",
                    0.00034780323039740324
                ],
                [
                    "hr",
                    0.00034169829450547695
                ],
                [
                    "gl",
                    0.00031405151821672916
                ],
                [
                    "si",
                    0.0003021310258191079
                ],
                [
                    "da",
                    0.00027479673735797405
                ],
                [
                    "sa",
                    0.0002689237880986184
                ],
                [
                    "yo",
                    0.00025916690356098115
                ],
                [
                    "mn",
                    0.00024206201487686485
                ],
                [
                    "ml",
                    0.00023526352015323937
                ],
                [
                    "sw",
                    0.00022907087986823171
                ],
                [
                    "eu",
                    0.0002160937583539635
                ],
                [
                    "hu",
                    0.00021489235223270953
                ],
                [
                    "ca",
                    0.0002071584021905437
                ],
                [
                    "uk",
                    0.0002055243239738047
                ],
                [
                    "bg",
                    0.0002022418921114877
                ],
                [
                    "bs",
                    0.00018565132631920278
                ],
                [
                    "sk",
                    0.00018100273155141622
                ],
                [
                    "bo",
                    0.00018052950326818973
                ],
