{
    "path": "/Users/cindyzhang/YouLingo/video_analysis/sampled_videos_subset/720_video.mp4",
    "audio_path": "video_analysis/sampled_audios_subset/720_video_audio.wav",
    "language": "nl",
    "length_sec": 6.67,
    "vad_duration_sec": 6.664125,
    "total_segment_length_sec": 6.52,
    "word_count": -1,
    "tokens": [],
    "types": [],
    "mean_sentence_length_words": -1.0,
    "wpm": -1,
    "spm": -1,
    "average_ptr": -1,
    "transcript_text": " Ik ben geen vroeger vogel, ook geen nacht uit.  Ik ben meer een groonis van moeien de duif.",
    "transcript": {
        "segments": [
            {
                "id": 1,
                "start": 0.0,
                "end": 3.52,
                "text": " Ik ben geen vroeger vogel, ook geen nacht uit.",
                "no_speech_prob": 0.02355578914284706,
                "avg_logprob": -0.42706601790019444,
                "compression_ratio": 1.139240506329114,
                "temperature": 0.0
            },
            {
                "id": 2,
                "start": 3.52,
                "end": 6.52,
                "text": " Ik ben meer een groonis van moeien de duif.",
                "no_speech_prob": 0.02355578914284706,
                "avg_logprob": -0.42706601790019444,
                "compression_ratio": 1.139240506329114,
                "temperature": 0.0
            }
        ],
        "info": {
            "language": "nl",
            "duration": 6.664125,
            "duration_after_vad": 6.664125,
            "language_probability": 0.8560768365859985,
            "all_language_probs": [
                [
                    "nl",
                    0.8560768365859985
                ],
                [
                    "en",
                    0.04546821489930153
                ],
                [
                    "de",
                    0.02855195291340351
                ],
                [
                    "la",
                    0.021016700193285942
                ],
                [
                    "pl",
                    0.012458682991564274
                ],
                [
                    "pt",
                    0.007960010319948196
                ],
                [
                    "nn",
                    0.004666315857321024
                ],
                [
                    "yi",
                    0.004296868108212948
                ],
                [
                    "af",
                    0.002753170905634761
                ],
                [
                    "cy",
                    0.002430763328447938
                ],
                [
                    "fr",
                    0.001941875321790576
                ],
                [
                    "br",
                    0.0015175726730376482
                ],
                [
                    "es",
                    0.0010361883323639631
                ],
                [
                    "el",
                    0.0008158647688105702
                ],
                [
                    "haw",
                    0.0007923900848254561
                ],
                [
                    "ru",
                    0.0007411394617520273
                ],
                [
                    "ja",
                    0.0006197710172273219
                ],
                [
                    "cs",
                    0.0005550946807488799
                ],
                [
                    "it",
                    0.0004778543661814183
                ],
                [
                    "tr",
                    0.0004055907193105668
                ],
                [
                    "ar",
                    0.0004030723648611456
                ],
                [
                    "he",
                    0.00040297245141118765
                ],
                [
                    "hu",
                    0.0003916698042303324
                ],
                [
                    "sl",
                    0.0003203988599125296
                ],
                [
                    "jw",
                    0.00031232801848091185
                ],
                [
                    "mi",
                    0.00023270821839105338
                ],
                [
                    "no",
                    0.00022343888122122735
                ],
                [
                    "sv",
                    0.00020967352611478418
                ],
                [
                    "km",
                    0.00019725257880054414
                ],
                [
                    "oc",
                    0.00018451375945005566
                ],
                [
                    "zh",
                    0.0001750872324919328
                ],
                [
                    "uk",
                    0.00016996095655485988
                ],
                [
                    "bg",
                    0.00015738754882477224
                ],
                [
                    "vi",
                    0.00015226269897539169
                ],
                [
                    "fo",
                    0.00013352060341276228
                ],
                [
                    "ko",
                    0.0001302950840909034
                ],
                [
                    "sn",
                    0.00012735594646073878
                ],
                [
                    "ur",
                    0.00012718142534140497
                ],
                [
                    "ro",
                    0.00011987500329269096
                ],
                [
                    "sk",
                    9.009426867123693e-05
                ],
                [
                    "gl",
                    8.337468898389488e-05
                ],
                [
                    "mn",
                    7.230039045680314e-05
                ],
                [
                    "ca",
                    7.191357872216031e-05
                ],
                [
                    "hi",
                    6.751830369466916e-05
                ],
                [
                    "mt",
                    6.626815593335778e-05
                ],
                [
                    "sa",
                    6.25614047748968e-05
                ],
                [
                    "is",
                    5.315035014064051e-05
                ],
                [
                    "yo",
                    4.9566053348826244e-05
                ],
                [
                    "lv",
                    4.363797415862791e-05
                ],
                [
                    "ms",
                    4.2136991396546364e-05
                ],
                [
                    "tl",
                    4.022066423203796e-05
                ],
                [
                    "ht",
                    3.860826473101042e-05
                ],
                [
                    "sq",
                    3.722741894307546e-05
                ],
                [
                    "fi",
                    3.6200101021677256e-05
                ],
                [
                    "da",
                    3.145275331917219e-05
                ],
                [
                    "eu",
                    3.140901753795333e-05
                ],
                [
                    "bs",
                    3.116596053587273e-05
                ],
                [
                    "fa",
                    2.55901541095227e-05
                ],
                [
                    "lt",
                    2.2893953428138047e-05
                ],
                [
                    "hy",
                    2.03956151381135e-05
                ],
                [
                    "si",
                    1.9906363377231173e-05
