{
    "path": "/Users/cindyzhang/YouLingo/video_analysis/sampled_videos_subset/788_video.mp4",
    "audio_path": "video_analysis/sampled_audios_subset/788_video_audio.wav",
    "language": "hi",
    "length_sec": 13.13,
    "vad_duration_sec": 0.896,
    "total_segment_length_sec": 1.0,
    "word_count": -1,
    "tokens": [],
    "types": [],
    "mean_sentence_length_words": -1.0,
    "wpm": -1,
    "spm": -1,
    "average_ptr": -1,
    "transcript_text": " Trajha Dhooch",
    "transcript": {
        "segments": [
            {
                "id": 1,
                "start": 4.53,
                "end": 5.53,
                "text": " Trajha Dhooch",
                "no_speech_prob": 0.17204266786575317,
                "avg_logprob": -1.0001146528455946,
                "compression_ratio": 0.6190476190476191,
                "temperature": 1.0
            }
        ],
        "info": {
            "language": "hi",
            "duration": 13.0960625,
            "duration_after_vad": 0.896,
            "language_probability": 0.16325317323207855,
            "all_language_probs": [
                [
                    "hi",
                    0.16325317323207855
                ],
                [
                    "pt",
                    0.1546671837568283
                ],
                [
                    "sk",
                    0.13947027921676636
                ],
                [
                    "cs",
                    0.09289482980966568
                ],
                [
                    "ro",
                    0.08417332917451859
                ],
                [
                    "pl",
                    0.0732794851064682
                ],
                [
                    "ca",
                    0.04152727499604225
                ],
                [
                    "es",
                    0.03475615382194519
                ],
                [
                    "ru",
                    0.026924099773168564
                ],
                [
                    "en",
                    0.0215249452739954
                ],
                [
                    "it",
                    0.015303905121982098
                ],
                [
                    "de",
                    0.0131029998883605
                ],
                [
                    "bg",
                    0.012911525554955006
                ],
                [
                    "hu",
                    0.01233150064945221
                ],
                [
                    "hr",
                    0.01169608160853386
                ],
                [
                    "el",
                    0.011485281400382519
                ],
                [
                    "id",
                    0.011206072755157948
                ],
                [
                    "te",
                    0.009040876291692257
                ],
                [
                    "ko",
                    0.0052427975460886955
                ],
                [
                    "fr",
                    0.005235535092651844
                ],
                [
                    "bs",
                    0.0046424828469753265
                ],
                [
                    "lv",
                    0.004208443686366081
                ],
                [
                    "ja",
                    0.0032845858950167894
                ],
                [
                    "sl",
                    0.002782906172797084
                ],
                [
                    "nl",
                    0.0025127404369413853
                ],
                [
                    "gu",
                    0.0023277821019291878
                ],
                [
                    "lt",
                    0.0021241907961666584
                ],
                [
                    "tr",
                    0.001893425825983286
                ],
                [
                    "nn",
                    0.001876854570582509
                ],
                [
                    "la",
                    0.0018763999687507749
                ],
                [
                    "ne",
                    0.001839656149968505
                ],
                [
                    "uk",
                    0.0018067299388349056
                ],
                [
                    "mr",
                    0.0017472092295065522
                ],
                [
                    "sr",
                    0.0016935945022851229
                ],
                [
                    "no",
                    0.00165654590819031
                ],
                [
                    "he",
                    0.0016551547450944781
                ],
                [
                    "jw",
                    0.0015861800638958812
                ],
                [
                    "bn",
                    0.001366903306916356
                ],
                [
                    "ar",
                    0.0011295233853161335
                ],
                [
                    "cy",
                    0.0010345797054469585
                ],
                [
                    "ur",
                    0.0010169545421376824
                ],
                [
                    "fi",
                    0.0009280928643420339
                ],
                [
                    "zh",
                    0.0008811766165308654
                ],
                [
                    "tl",
                    0.0007998081855475903
                ],
                [
                    "km",
                    0.0007511826697736979
                ],
                [
                    "ta",
                    0.0007351968088187277
                ],
                [
                    "ms",
                    0.0006836713291704655
                ],
                [
                    "kn",
                    0.0006176034221425653
                ],
                [
                    "sa",
                    0.0006112120463512838
                ],
                [
                    "ka",
                    0.0005506929010152817
                ],
                [
                    "sv",
                    0.0005290941335260868
                ],
                [
                    "et",
                    0.0005007855361327529
                ],
                [
                    "vi",
                    0.0004946645349264145
                ],
                [
                    "sq",
                    0.00048339483328163624
                ],
                [
                    "mn",
                    0.00042672466952353716
                ],
                [
                    "eu",
                    0.00042572920210659504
                ],
                [
                    "hy",
                    0.0003971463884226978
                ],
                [
                    "be",
                    0.00039505158201791346
                ],
                [
                    "da",
                    0.00039316160837188363
                ],
                [
                    "fa",
                    0.0003704025293700397
                ],
                [
                    "gl",
                    0.00035477097844704986
                ],
                [
                    "haw",
                    0.0003262012905906886
                ],
                [
                    "pa",
                    0.0003162343637086451
                ],
                [
                    "yo",
                    0.00028678408125415444
                ],
                [
                    "ml",
                    0.000276263861451298
                ],
                [
                    "is",
                    0.00026843746309168637
                ],
