{
    "path": "/Users/cindyzhang/YouLingo/video_analysis/sampled_videos_subset/818_video.mp4",
    "audio_path": "video_analysis/sampled_audios_subset/818_video_audio.wav",
    "language": "nl",
    "length_sec": 10.0,
    "vad_duration_sec": 10.0091875,
    "total_segment_length_sec": 8.72,
    "word_count": -1,
    "tokens": [],
    "types": [],
    "mean_sentence_length_words": -1.0,
    "wpm": -1,
    "spm": -1,
    "average_ptr": -1,
    "transcript_text": " MUZIEK.",
    "transcript": {
        "segments": [
            {
                "id": 1,
                "start": 0.0,
                "end": 8.72,
                "text": " MUZIEK.",
                "no_speech_prob": 0.2391064316034317,
                "avg_logprob": -0.9030796438455582,
                "compression_ratio": 0.4666666666666667,
                "temperature": 0.0
            }
        ],
        "info": {
            "language": "nl",
            "duration": 10.0091875,
            "duration_after_vad": 10.0091875,
            "language_probability": 0.8796922564506531,
            "all_language_probs": [
                [
                    "nl",
                    0.8796922564506531
                ],
                [
                    "en",
                    0.034786663949489594
                ],
                [
                    "de",
                    0.029022634029388428
                ],
                [
                    "ru",
                    0.005840853787958622
                ],
                [
                    "fr",
                    0.005804731510579586
                ],
                [
                    "nn",
                    0.005301816388964653
                ],
                [
                    "pl",
                    0.004219698719680309
                ],
                [
                    "el",
                    0.0037387595511972904
                ],
                [
                    "pt",
                    0.0035339544992893934
                ],
                [
                    "tr",
                    0.0029557833913713694
                ],
                [
                    "cy",
                    0.002501278417184949
                ],
                [
                    "ja",
                    0.0018270171713083982
                ],
                [
                    "zh",
                    0.0017557337414473295
                ],
                [
                    "ar",
                    0.0017039304366335273
                ],
                [
                    "la",
                    0.0015055399853736162
                ],
                [
                    "es",
                    0.0013705405872315168
                ],
                [
                    "ko",
                    0.0013264846056699753
                ],
                [
                    "no",
                    0.001248178188689053
                ],
                [
                    "sv",
                    0.0009855265961959958
                ],
                [
                    "br",
                    0.0008995667449198663
                ],
                [
                    "ca",
                    0.0007476028404198587
                ],
                [
                    "af",
                    0.0006360113620758057
                ],
                [
                    "it",
                    0.0006056703859940171
                ],
                [
                    "cs",
                    0.0005841100937686861
                ],
                [
                    "jw",
                    0.0005765875685028732
                ],
                [
                    "da",
                    0.0005460338434204459
                ],
                [
                    "hi",
                    0.0004995377967134118
                ],
                [
                    "hu",
                    0.0004970609443262219
                ],
                [
                    "fi",
                    0.0004531669255811721
                ],
                [
                    "vi",
                    0.0004048942355439067
                ],
                [
                    "sn",
                    0.0003499732702039182
                ],
                [
                    "ro",
                    0.0003206482797395438
                ],
                [
                    "km",
                    0.00029513961635529995
                ],
                [
                    "yi",
                    0.00023550449986942112
                ],
                [
                    "is",
                    0.00023086619330570102
                ],
                [
                    "ur",
                    0.0002252735721413046
                ],
                [
                    "haw",
                    0.00020625258912332356
                ],
                [
                    "uk",
                    0.000199534697458148
                ],
                [
                    "lv",
                    0.00018153620476368815
                ],
                [
                    "mi",
                    0.00015886810433585197
                ],
                [
                    "he",
                    0.00015706814883742481
                ],
                [
                    "tl",
                    0.0001520896767033264
                ],
                [
                    "ms",
                    0.00013567510177381337
                ],
                [
                    "bg",
                    0.00012394957593642175
                ],
                [
                    "oc",
                    0.00012087949289707467
                ],
                [
                    "gl",
                    0.00011756481399061158
                ],
                [
                    "yo",
                    8.219542360166088e-05
                ],
                [
                    "sl",
                    7.94079460320063e-05
                ],
                [
                    "sk",
                    7.855186413507909e-05
                ],
                [
                    "ta",
                    7.804059714544564e-05
                ],
                [
                    "eu",
                    6.643925735261291e-05
                ],
                [
                    "et",
                    6.33633608231321e-05
                ],
                [
                    "sa",
                    4.824868301511742e-05
                ],
                [
                    "id",
                    4.798560621566139e-05
                ],
                [
                    "hr",
                    4.722904850495979e-05
                ],
                [
                    "th",
                    4.5160279114497826e-05
                ],
                [
                    "mn",
                    4.472610089578666e-05
                ],
                [
                    "be",
                    4.340470695751719e-05
                ],
                [
                    "ht",
                    4.33527457062155e-05
                ],
                [
                    "fo",
                    3.9426849980372936e-05
                ],
                [
                    "sq",
                    3.9166727219708264e-05
                ],
                [
                    "hy",
                    3.916437708539888e-05
                ],
                [
                    "bn",
                    3.2878186175366864e-05
                ],
                [
                    "lt",
                    2.990753455378581e-05
                ],
                [
                    "fa",
                    2.5571025616955012e-05
                ],
                [
                    "bs",
