{
    "path": "/Users/cindyzhang/YouLingo/video_analysis/sampled_videos_subset/834_video.mp4",
    "audio_path": "video_analysis/sampled_audios_subset/834_video_audio.wav",
    "language": "nl",
    "length_sec": 8.87,
    "vad_duration_sec": 7.216,
    "total_segment_length_sec": 3.5,
    "word_count": -1,
    "tokens": [],
    "types": [],
    "mean_sentence_length_words": -1.0,
    "wpm": -1,
    "spm": -1,
    "average_ptr": -1,
    "transcript_text": " Dezein drie tips, we het snelste spieren kwijt.",
    "transcript": {
        "segments": [
            {
                "id": 1,
                "start": 0.0,
                "end": 3.5,
                "text": " Dezein drie tips, we het snelste spieren kwijt.",
                "no_speech_prob": 0.005078451707959175,
                "avg_logprob": -0.8961850969414962,
                "compression_ratio": 0.8545454545454545,
                "temperature": 0.0
            }
        ],
        "info": {
            "language": "nl",
            "duration": 8.8468125,
            "duration_after_vad": 7.216,
            "language_probability": 0.7153061628341675,
            "all_language_probs": [
                [
                    "nl",
                    0.7153061628341675
                ],
                [
                    "en",
                    0.16882102191448212
                ],
                [
                    "bg",
                    0.03690086677670479
                ],
                [
                    "nn",
                    0.017499642446637154
                ],
                [
                    "lv",
                    0.013101201504468918
                ],
                [
                    "af",
                    0.009857320226728916
                ],
                [
                    "la",
                    0.008236169815063477
                ],
                [
                    "cs",
                    0.005974754225462675
                ],
                [
                    "de",
                    0.004989009816199541
                ],
                [
                    "cy",
                    0.004260827787220478
                ],
                [
                    "uk",
                    0.0024371694307774305
                ],
                [
                    "no",
                    0.0016201873077079654
                ],
                [
                    "yi",
                    0.0015039787394925952
                ],
                [
                    "lt",
                    0.0009634316666051745
                ],
                [
                    "ru",
                    0.000899894570466131
                ],
                [
                    "sl",
                    0.0008928642491810024
                ],
                [
                    "km",
                    0.0008229484083130956
                ],
                [
                    "pl",
                    0.000576837279368192
                ],
                [
                    "br",
                    0.0005248162779025733
                ],
                [
                    "mt",
                    0.0004421077901497483
                ],
                [
                    "jw",
                    0.0003610061830841005
                ],
                [
                    "haw",
                    0.0003432935627643019
                ],
                [
                    "sq",
                    0.00028849332011304796
                ],
                [
                    "ro",
                    0.0002838844375219196
                ],
                [
                    "sk",
                    0.00026913316105492413
                ],
                [
                    "he",
                    0.00024342692631762475
                ],
                [
                    "ja",
                    0.00024197660968638957
                ],
                [
                    "id",
                    0.00023321718617808074
                ],
                [
                    "fi",
                    0.00017468375153839588
                ],
                [
                    "ar",
                    0.0001424947113264352
                ],
                [
                    "ms",
                    0.00014120159903541207
                ],
                [
                    "tt",
                    0.00011414142500143498
                ],
                [
                    "fo",
                    0.00010878485045395792
                ],
                [
                    "ca",
                    0.00010354132245993242
                ],
                [
                    "mi",
                    9.99969633994624e-05
                ],
                [
                    "si",
                    9.341316035715863e-05
                ],
                [
                    "pt",
                    8.914114732760936e-05
                ],
                [
                    "zh",
                    7.817565347068012e-05
                ],
                [
                    "lb",
                    7.135277701308951e-05
                ],
                [
                    "es",
                    6.49652793072164e-05
                ],
                [
                    "fr",
                    6.284592382144183e-05
                ],
                [
                    "hr",
                    5.810274524264969e-05
                ],
                [
                    "sv",
                    5.5454194807680324e-05
                ],
                [
                    "is",
                    5.429434895631857e-05
                ],
                [
                    "et",
                    5.2484952902887017e-05
                ],
                [
                    "oc",
                    5.0711190851870924e-05
                ],
                [
                    "sn",
                    4.3758282117778435e-05
                ],
                [
                    "da",
                    4.365503627923317e-05
                ],
                [
                    "mn",
                    3.716955325216986e-05
                ],
                [
                    "sa",
                    3.449194264248945e-05
                ],
                [
                    "it",
                    2.8705402655759826e-05
                ],
                [
                    "hy",
                    2.1778350856038742e-05
                ],
                [
                    "mk",
                    2.116353061865084e-05
                ],
                [
                    "tl",
                    1.9022354535991326e-05
                ],
                [
                    "bs",
                    1.7193822714034468e-05
                ],
                [
                    "hi",
                    1.6942727597779594e-05
                ],
                [
                    "yo",
                    1.6778591088950634e-05
                ],
                [
                    "hu",
                    1.5299328879336827e-05
                ],
                [
                    "vi",
                    1.5296060155378655e-05
                ],
                [
                    "tr",
                    1.4989154806244187e-05
                ],
                [
                    "kk",
                    1.2757298463839106e-05
                ],
                [
                    "eu",
                    1.2601121852640063e-05
                ],
                [
                    "pa",
                    1.1784089110733476e-05
                ],
                [
                    "bo",
                    1.0199387361353729e-05
                ],
                [
                    "ur",
                    8.860629350238014e-06
