{
    "path": "/Users/cindyzhang/YouLingo/video_analysis/sampled_videos_subset/842_video.mp4",
    "audio_path": "video_analysis/sampled_audios_subset/842_video_audio.wav",
    "language": "ja",
    "length_sec": 15.08,
    "vad_duration_sec": 3.2951875,
    "total_segment_length_sec": 14.94,
    "word_count": -1,
    "tokens": [],
    "types": [],
    "mean_sentence_length_words": -1.0,
    "wpm": -1,
    "spm": -1,
    "average_ptr": -1,
    "transcript_text": "無事を手を逃げ込むべいな",
    "transcript": {
        "segments": [
            {
                "id": 1,
                "start": 0.0,
                "end": 14.94,
                "text": "無事を手を逃げ込むべいな",
                "no_speech_prob": 0.17906934022903442,
                "avg_logprob": -1.0698497996610754,
                "compression_ratio": 0.8181818181818182,
                "temperature": 1.0
            }
        ],
        "info": {
            "language": "ja",
            "duration": 15.0711875,
            "duration_after_vad": 3.2951875,
            "language_probability": 0.1759033203125,
            "all_language_probs": [
                [
                    "ja",
                    0.1759033203125
                ],
                [
                    "es",
                    0.08018593490123749
                ],
                [
                    "fr",
                    0.07833829522132874
                ],
                [
                    "en",
                    0.07148036360740662
                ],
                [
                    "ro",
                    0.0570218451321125
                ],
                [
                    "ko",
                    0.05253103747963905
                ],
                [
                    "pt",
                    0.0433003231883049
                ],
                [
                    "ru",
                    0.03550893813371658
                ],
                [
                    "pl",
                    0.03204008936882019
                ],
                [
                    "la",
                    0.02629530429840088
                ],
                [
                    "el",
                    0.02503402903676033
                ],
                [
                    "te",
                    0.01920057274401188
                ],
                [
                    "hi",
                    0.01909071020781994
                ],
                [
                    "it",
                    0.019024988636374474
                ],
                [
                    "nn",
                    0.015924399718642235
                ],
                [
                    "jw",
                    0.015682555735111237
                ],
                [
                    "zh",
                    0.014517119154334068
                ],
                [
                    "cs",
                    0.012941749766469002
                ],
                [
                    "ar",
                    0.012324448674917221
                ],
                [
                    "haw",
                    0.009912681765854359
                ],
                [
                    "de",
                    0.009699062444269657
                ],
                [
                    "hu",
                    0.008643134497106075
                ],
                [
                    "he",
                    0.008602236397564411
                ],
                [
                    "uk",
                    0.008550033904612064
                ],
                [
                    "hr",
                    0.008521783165633678
                ],
                [
                    "tr",
                    0.008316072635352612
                ],
                [
                    "km",
                    0.006172870751470327
                ],
                [
                    "fi",
                    0.005834438372403383
                ],
                [
                    "tl",
                    0.004765673074871302
                ],
                [
                    "sv",
                    0.004681689199060202
                ],
                [
                    "ms",
                    0.004551074933260679
                ],
                [
                    "sa",
                    0.004512291867285967
                ],
                [
                    "ta",
                    0.0042938473634421825
                ],
                [
                    "th",
                    0.004273060709238052
                ],
                [
                    "sk",
                    0.004195136483758688
                ],
                [
                    "mn",
                    0.004190742038190365
                ],
                [
                    "ur",
                    0.004180580843240023
                ],
                [
                    "br",
                    0.004163940902799368
                ],
                [
                    "eu",
                    0.0037328172475099564
                ],
                [
                    "ca",
                    0.0036417783703655005
                ],
                [
                    "sn",
                    0.003592983353883028
                ],
                [
                    "vi",
                    0.003326300298795104
                ],
                [
                    "id",
                    0.0032964639831334352
                ],
                [
                    "hy",
                    0.0030383223202079535
                ],
                [
                    "si",
                    0.0029154906515032053
                ],
                [
                    "cy",
                    0.002904588123783469
                ],
                [
                    "gl",
                    0.00281997281126678
                ],
                [
                    "lt",
                    0.0025783188175410032
                ],
                [
                    "sl",
                    0.0025384461041539907
                ],
                [
                    "oc",
                    0.0024894315283745527
                ],
                [
                    "ne",
                    0.0024398998357355595
                ],
                [
                    "bs",
                    0.002068605273962021
                ],
                [
                    "bg",
                    0.0020339288748800755
                ],
                [
                    "bo",
                    0.001978209475055337
                ],
                [
                    "fa",
                    0.0019754578825086355
                ],
                [
                    "no",
                    0.0018916645785793662
                ],
                [
                    "nl",
                    0.0016252889763563871
                ],
                [
                    "mi",
                    0.0015554710989817977
                ],
                [
                    "my",
                    0.0015417252434417605
                ],
                [
                    "yo",
                    0.0015332979382947087
                ],
                [
                    "bn",
                    0.0014514217618852854
                ],
                [
                    "sw",
                    0.0012668196577578783
                ],
                [
                    "be",
                    0.00121787388343364
                ],
                [
                    "ka",
                    0.001214051735587418
                ],
                [
                    "ht",
                    0.0012101145694032311
                ],
                [
                    "lv",
                    0.0010340220760554075
                ],
                [
