{
    "path": "/Users/cindyzhang/YouLingo/video_analysis/sampled_videos_subset/854_video.mp4",
    "audio_path": "video_analysis/sampled_audios_subset/854_video_audio.wav",
    "language": "ta",
    "length_sec": 15.1,
    "vad_duration_sec": 6.496,
    "total_segment_length_sec": 9.55,
    "word_count": -1,
    "tokens": [],
    "types": [],
    "mean_sentence_length_words": -1.0,
    "wpm": -1,
    "spm": -1,
    "average_ptr": -1,
    "transcript_text": " நான் சரி, உனக்காகப் படிகாட்டுவிட்டேன்.  சரி, சரி.",
    "transcript": {
        "segments": [
            {
                "id": 1,
                "start": 0.72,
                "end": 4.72,
                "text": " நான் சரி, உனக்காகப் படிகாட்டுவிட்டேன்.",
                "no_speech_prob": 0.01743500679731369,
                "avg_logprob": -0.5668969839177234,
                "compression_ratio": 1.5555555555555556,
                "temperature": 0.0
            },
            {
                "id": 2,
                "start": 4.72,
                "end": 10.27,
                "text": " சரி, சரி.",
                "no_speech_prob": 0.01743500679731369,
                "avg_logprob": -0.5668969839177234,
                "compression_ratio": 1.5555555555555556,
                "temperature": 0.0
            }
        ],
        "info": {
            "language": "ta",
            "duration": 15.06975,
            "duration_after_vad": 6.496,
            "language_probability": 0.9561055302619934,
            "all_language_probs": [
                [
                    "ta",
                    0.9561055302619934
                ],
                [
                    "ml",
                    0.023792460560798645
                ],
                [
                    "kn",
                    0.0040028770454227924
                ],
                [
                    "en",
                    0.0037543640937656164
                ],
                [
                    "te",
                    0.003587115788832307
                ],
                [
                    "hi",
                    0.00338861346244812
                ],
                [
                    "si",
                    0.0009136238368228078
                ],
                [
                    "jw",
                    0.0007855687290430069
                ],
                [
                    "ur",
                    0.00044203014113008976
                ],
                [
                    "sa",
                    0.0003996232699137181
                ],
                [
                    "pa",
                    0.0003581484197638929
                ],
                [
                    "mr",
                    0.0003218372003175318
                ],
                [
                    "nn",
                    0.00028987592668272555
                ],
                [
                    "es",
                    0.00020058467634953558
                ],
                [
                    "ja",
                    0.00018096223357133567
                ],
                [
                    "it",
                    0.00013940257485955954
                ],
                [
                    "la",
                    0.00012923589383717626
                ],
                [
                    "ne",
                    0.00012500971206463873
                ],
                [
                    "gu",
                    9.491011587670073e-05
                ],
                [
                    "bn",
                    8.987014007288963e-05
                ],
                [
                    "id",
                    8.860493107931688e-05
                ],
                [
                    "ms",
                    7.273527444340289e-05
                ],
                [
                    "ko",
                    5.987629992887378e-05
                ],
                [
                    "km",
                    5.8597408497007564e-05
                ],
                [
                    "ru",
                    5.7449844462098554e-05
                ],
                [
                    "pt",
                    5.3326337365433574e-05
                ],
                [
                    "fi",
                    4.484450982999988e-05
                ],
                [
                    "de",
                    3.558117896318436e-05
                ],
                [
                    "hr",
                    3.066681165364571e-05
                ],
                [
                    "zh",
                    2.8389820727170445e-05
                ],
                [
                    "bo",
                    2.487830897734966e-05
                ],
                [
                    "sr",
                    2.3376916942652315e-05
                ],
                [
                    "sd",
                    2.233086524938699e-05
                ],
                [
                    "tl",
                    2.0992676581954584e-05
                ],
                [
                    "haw",
                    1.8885040844907053e-05
                ],
                [
                    "bs",
                    1.7579071936779656e-05
                ],
                [
                    "lv",
                    1.6055935702752322e-05
                ],
                [
                    "bg",
                    1.5818501196918078e-05
                ],
                [
                    "tr",
                    1.569568667036947e-05
                ],
                [
                    "sw",
                    1.38065142891719e-05
                ],
                [
                    "mi",
                    1.3408853192231618e-05
                ],
                [
                    "af",
                    1.1910407010873314e-05
                ],
                [
                    "no",
                    1.0649117029970512e-05
                ],
                [
                    "cy",
                    1.0338570064050145e-05
                ],
                [
                    "sn",
                    8.63583500176901e-06
                ],
                [
                    "da",
                    8.437081305601168e-06
                ],
                [
                    "nl",
                    8.035669452510774e-06
                ],
                [
                    "sk",
                    7.794709745212458e-06
                ],
                [
                    "ar",
                    7.610370175825665e-06
                ],
                [
                    "fr",
                    7.578300028399099e-06
                ],
                [
                    "el",
                    7.049962732708082e-06
                ],
                [
                    "ca",
                    6.801546078349929e-06
                ],
                [
                    "sl",
                    6.774079338356387e-06
                ],
                [
                    "cs",
                    5.619235707854386e-06
                ],
                [
                    "vi",
                    5.152548510523047e-06
                ],
                [
                    "th",
                    5.094773314340273e-06
                ],
                [
                    "as",
                    4.948291007167427e-06
                ],
                [
                    "lt",
                    4.680740858020727e-06
                ],
                [
                    "uk",
                    3.916429250239162e-06
                ],
                [
                    "is",
                    3.6700512282550335e-06
                ],
                [
                    "sv",
                    3.412239038880216e-06
                ],
                [
                    "gl",
