{
    "path": "/Users/cindyzhang/YouLingo/video_analysis/sampled_videos_subset/939_video.mp4",
    "audio_path": "video_analysis/sampled_audios_subset/939_video_audio.wav",
    "language": "nl",
    "length_sec": 13.45,
    "vad_duration_sec": 3.037125,
    "total_segment_length_sec": 3.0,
    "word_count": -1,
    "tokens": [],
    "types": [],
    "mean_sentence_length_words": -1.0,
    "wpm": -1,
    "spm": -1,
    "average_ptr": -1,
    "transcript_text": " Is het nieuws van vrijdag 23 meen met vandaag?",
    "transcript": {
        "segments": [
            {
                "id": 1,
                "start": 10.38,
                "end": 13.38,
                "text": " Is het nieuws van vrijdag 23 meen met vandaag?",
                "no_speech_prob": 0.14598774909973145,
                "avg_logprob": -0.48712173476815224,
                "compression_ratio": 0.92,
                "temperature": 0.0
            }
        ],
        "info": {
            "language": "nl",
            "duration": 13.421125,
            "duration_after_vad": 3.037125,
            "language_probability": 0.9828128218650818,
            "all_language_probs": [
                [
                    "nl",
                    0.9828128218650818
                ],
                [
                    "pl",
                    0.0026883676182478666
                ],
                [
                    "en",
                    0.0026370009873062372
                ],
                [
                    "nn",
                    0.0010162609396502376
                ],
                [
                    "pt",
                    0.0009383615688420832
                ],
                [
                    "fr",
                    0.0008807586855255067
                ],
                [
                    "tr",
                    0.0008480091346427798
                ],
                [
                    "el",
                    0.0008242341573350132
                ],
                [
                    "de",
                    0.0006579526816494763
                ],
                [
                    "ca",
                    0.000646578730084002
                ],
                [
                    "ru",
                    0.0005536064272746444
                ],
                [
                    "es",
                    0.0005476881633512676
                ],
                [
                    "cy",
                    0.0005246541113592684
                ],
                [
                    "hu",
                    0.0005186401540413499
                ],
                [
                    "ja",
                    0.0004573937621898949
                ],
                [
                    "sv",
                    0.00040980963967740536
                ],
                [
                    "zh",
                    0.0004051770083606243
                ],
                [
                    "ko",
                    0.0003316202200949192
                ],
                [
                    "ar",
                    0.00030081323347985744
                ],
                [
                    "vi",
                    0.00027078422135673463
                ],
                [
                    "hi",
                    0.00025962828658521175
                ],
                [
                    "no",
                    0.00022180027735885233
                ],
                [
                    "fi",
                    0.0002186174679081887
                ],
                [
                    "la",
                    0.0001944635296240449
                ],
                [
                    "cs",
                    0.00017841947556007653
                ],
                [
                    "af",
                    9.539174061501399e-05
                ],
                [
                    "it",
                    5.1970735512441024e-05
                ],
                [
                    "id",
                    5.115334352012724e-05
                ],
                [
                    "jw",
                    4.806103970622644e-05
                ],
                [
                    "uk",
                    3.564189319149591e-05
                ],
                [
                    "da",
                    3.188933987985365e-05
                ],
                [
                    "gl",
                    3.1062427297001705e-05
                ],
                [
                    "ur",
                    2.616981146275066e-05
                ],
                [
                    "mi",
                    2.4806162400636822e-05
                ],
                [
                    "ms",
                    2.300774576724507e-05
                ],
                [
                    "is",
                    2.2254025680013e-05
                ],
                [
                    "br",
                    2.050467264780309e-05
                ],
                [
                    "km",
                    1.8413395082461648e-05
                ],
                [
                    "ro",
                    1.5534984413534403e-05
                ],
                [
                    "eu",
                    1.3972708075016271e-05
                ],
                [
                    "haw",
                    1.2838290786021389e-05
                ],
                [
                    "th",
                    1.180490835395176e-05
                ],
                [
                    "ml",
                    9.119185961026233e-06
                ],
                [
                    "bg",
                    8.570065801905002e-06
                ],
                [
                    "tl",
                    8.437545147899073e-06
                ],
                [
                    "ta",
                    7.444361017405754e-06
                ],
                [
                    "sn",
                    7.130424819479231e-06
                ],
                [
                    "sk",
                    5.87890781389433e-06
                ],
                [
                    "he",
                    5.709950983145973e-06
                ],
                [
                    "sq",
                    4.9408063205191866e-06
                ],
                [
                    "az",
                    4.366021585155977e-06
                ],
                [
                    "oc",
                    4.271571015124209e-06
                ],
                [
                    "sl",
                    4.083209205418825e-06
                ],
                [
                    "yo",
                    3.958639354095794e-06
                ],
                [
                    "yi",
                    3.914803528459743e-06
                ],
                [
                    "et",
                    3.91376579500502e-06
                ],
                [
                    "lv",
                    3.881009888573317e-06
                ],
                [
                    "be",
                    3.017637254743022e-06
                ],
                [
                    "te",
                    2.9460616133292206e-06
                ],
                [
                    "sa",
                    2.8319814191490877e-06
                ],
                [
                    "hr",
                    2.5570843718014657e-06
                ],
                [
                    "bs",
                    2.305130919921794e-06
                ],
                [
                    "bn",
                    2.298977051395923e-06
                ],
                [
                    "mn",
                    2.103464339597849e-06
                ],
                [
                    "fa",
                    1.8253372218168806e-06
                ],
