{
    "path": "/Users/cindyzhang/YouLingo/video_analysis/sampled_videos_subset/950_video.mp4",
    "audio_path": "video_analysis/sampled_audios_subset/950_video_audio.wav",
    "language": "hi",
    "length_sec": 15.28,
    "vad_duration_sec": 10.28675,
    "total_segment_length_sec": 14.99,
    "word_count": -1,
    "tokens": [],
    "types": [],
    "mean_sentence_length_words": -1.0,
    "wpm": -1,
    "spm": -1,
    "average_ptr": -1,
    "transcript_text": " जाना मुजे है कि तर के लिग पल की लिग पुदो  भुरी ना मुजे को देना पुदेना पुदे",
    "transcript": {
        "segments": [
            {
                "id": 1,
                "start": 0.0,
                "end": 10.79,
                "text": " जाना मुजे है कि तर के लिग पल की लिग पुदो",
                "no_speech_prob": 0.18151287734508514,
                "avg_logprob": -0.686921360913445,
                "compression_ratio": 1.9270833333333333,
                "temperature": 0.0
            },
            {
                "id": 2,
                "start": 10.79,
                "end": 14.99,
                "text": " भुरी ना मुजे को देना पुदेना पुदे",
                "no_speech_prob": 0.18151287734508514,
                "avg_logprob": -0.686921360913445,
                "compression_ratio": 1.9270833333333333,
                "temperature": 0.0
            }
        ],
        "info": {
            "language": "hi",
            "duration": 15.27875,
            "duration_after_vad": 10.28675,
            "language_probability": 0.43544822931289673,
            "all_language_probs": [
                [
                    "hi",
                    0.43544822931289673
                ],
                [
                    "ur",
                    0.4002598822116852
                ],
                [
                    "en",
                    0.04392983391880989
                ],
                [
                    "pa",
                    0.03156708553433418
                ],
                [
                    "sa",
                    0.022793758660554886
                ],
                [
                    "ar",
                    0.010911774821579456
                ],
                [
                    "sd",
                    0.007883424870669842
                ],
                [
                    "tr",
                    0.007083184085786343
                ],
                [
                    "jw",
                    0.005777078215032816
                ],
                [
                    "bn",
                    0.004923535976558924
                ],
                [
                    "ta",
                    0.0018362791743129492
                ],
                [
                    "ja",
                    0.0016024409560486674
                ],
                [
                    "te",
                    0.0015898068668320775
                ],
                [
                    "pt",
                    0.0015828409232199192
                ],
                [
                    "fr",
                    0.0014299319591373205
                ],
                [
                    "km",
                    0.0012749433517456055
                ],
                [
                    "ne",
                    0.001272921683266759
                ],
                [
                    "el",
                    0.00119428476318717
                ],
                [
                    "nl",
                    0.0011264901841059327
                ],
                [
                    "zh",
                    0.0010121635859832168
                ],
                [
                    "de",
                    0.000967560161370784
                ],
                [
                    "mi",
                    0.0009599542245268822
                ],
                [
                    "ko",
                    0.0008763906662352383
                ],
                [
                    "gu",
                    0.0008177429554052651
                ],
                [
                    "la",
                    0.0007680130656808615
                ],
                [
                    "haw",
                    0.0007386166835203767
                ],
                [
                    "ml",
                    0.0007189758471213281
                ],
                [
                    "es",
                    0.0006779773975722492
                ],
                [
                    "fa",
                    0.0006478590657934546
                ],
                [
                    "si",
                    0.0006383942672982812
                ],
                [
                    "ru",
                    0.0005769562558270991
                ],
                [
                    "nn",
                    0.0005653872503899038
                ],
                [
                    "mr",
                    0.0005305638769641519
                ],
                [
                    "sn",
                    0.0005241646431386471
                ],
                [
                    "kn",
                    0.00045628423686139286
                ],
                [
                    "yi",
                    0.00043137624743394554
                ],
                [
                    "it",
                    0.0003765710862353444
                ],
                [
                    "ms",
                    0.00028336115065030754
                ],
                [
                    "cy",
                    0.000240856155869551
                ],
                [
                    "he",
                    0.0002380224032094702
                ],
                [
                    "yo",
                    0.00023372478608507663
                ],
                [
                    "tl",
                    0.00021224691590759903
                ],
                [
                    "br",
                    0.00018469442147761583
                ],
                [
                    "cs",
                    0.00017924755229614675
                ],
                [
                    "ps",
                    0.00017085889703594148
                ],
                [
                    "uk",
                    0.00015783165872562677
                ],
                [
                    "bo",
                    0.00015581563638988882
                ],
                [
                    "pl",
                    0.00012897253327537328
                ],
                [
                    "be",
                    0.00012248965504113585
                ],
                [
                    "hr",
                    0.00012238469207659364
                ],
                [
                    "id",
                    0.00011325881496304646
                ],
                [
                    "my",
                    9.426073665963486e-05
                ],
                [
                    "af",
                    9.314994531450793e-05
                ],
                [
                    "eu",
                    9.257139754481614e-05
                ],
                [
                    "vi",
                    9.148129902314395e-05
                ],
                [
                    "sr",
                    9.014860552269965e-05
                ],
                [
                    "as",
                    8.539258851669729e-05
                ],
                [
                    "bs",
                    8.176895062206313e-05
                ],
                [
                    "sv",
                    7.407520024571568e-05
                ],
                [
                    "lv",
                    7.172278128564358e-05
                ],
                [
                    "oc",
                    5.6659635447431356e-05
                ],
                [
