{
    "path": "/Users/cindyzhang/YouLingo/video_analysis/sampled_videos_subset/1000_video.mp4",
    "audio_path": "video_analysis/sampled_audios_subset/1000_video_audio.wav",
    "language": "pt",
    "length_sec": 13.13,
    "vad_duration_sec": 3.696,
    "total_segment_length_sec": 0.0,
    "word_count": -1,
    "tokens": [],
    "types": [],
    "mean_sentence_length_words": -1.0,
    "wpm": -1,
    "spm": -1,
    "average_ptr": -1,
    "transcript_text": "",
    "transcript": {
        "segments": [],
        "info": {
            "language": "pt",
            "duration": 13.0960625,
            "duration_after_vad": 3.696,
            "language_probability": 0.23536808788776398,
            "all_language_probs": [
                [
                    "pt",
                    0.23536808788776398
                ],
                [
                    "it",
                    0.1749851107597351
                ],
                [
                    "en",
                    0.15376266837120056
                ],
                [
                    "es",
                    0.07870884239673615
                ],
                [
                    "ja",
                    0.0775686502456665
                ],
                [
                    "ko",
                    0.03502791002392769
                ],
                [
                    "la",
                    0.019450264051556587
                ],
                [
                    "ro",
                    0.015425742603838444
                ],
                [
                    "hi",
                    0.01338773313909769
                ],
                [
                    "jw",
                    0.012754298746585846
                ],
                [
                    "el",
                    0.012277286499738693
                ],
                [
                    "tr",
                    0.009589861147105694
                ],
                [
                    "cs",
                    0.009505528025329113
                ],
                [
                    "pl",
                    0.00866022240370512
                ],
                [
                    "fr",
                    0.00864461064338684
                ],
                [
                    "nn",
                    0.007504746783524752
                ],
                [
                    "haw",
                    0.007322832942008972
                ],
                [
                    "hr",
                    0.0071128844283521175
                ],
                [
                    "zh",
                    0.007093615364283323
                ],
                [
                    "hu",
                    0.006709493231028318
                ],
                [
                    "ar",
                    0.0061508119106292725
                ],
                [
                    "ru",
                    0.005924156866967678
                ],
                [
                    "de",
                    0.005907930433750153
                ],
                [
                    "te",
                    0.004480079747736454
                ],
                [
                    "cy",
                    0.004138031974434853
                ],
                [
                    "id",
                    0.003744075307622552
                ],
                [
                    "bs",
                    0.0037248432636260986
                ],
                [
                    "sv",
                    0.0034266856964677572
                ],
                [
                    "fi",
                    0.0030113726388663054
                ],
                [
                    "tl",
                    0.002866285853087902
                ],
                [
                    "ms",
                    0.0027802451513707638
                ],
                [
                    "uk",
                    0.0026697227731347084
                ],
                [
                    "km",
                    0.0026373639702796936
                ],
                [
                    "mi",
                    0.0026293201372027397
                ],
                [
                    "ta",
                    0.0023107542656362057
                ],
                [
                    "ur",
                    0.002246677642688155
                ],
                [
                    "yo",
                    0.0020972576458007097
                ],
                [
                    "vi",
                    0.002015284262597561
                ],
                [
                    "gl",
                    0.001941994996741414
                ],
                [
                    "sl",
                    0.0019049674738198519
                ],
                [
                    "sn",
                    0.001827196218073368
                ],
                [
                    "nl",
                    0.0017947376472875476
                ],
                [
                    "eu",
                    0.0017926139989867806
                ],
                [
                    "sa",
                    0.0017896946519613266
                ],
                [
                    "he",
                    0.001728480332531035
                ],
                [
                    "bn",
                    0.0015195301966741681
                ],
                [
                    "bg",
                    0.0013633879134431481
                ],
                [
                    "da",
                    0.0013338018907234073
                ],
                [
                    "si",
                    0.0012869584606960416
                ],
                [
                    "sk",
                    0.0012748903827741742
                ],
                [
                    "ml",
                    0.001141013577580452
                ],
                [
                    "ca",
                    0.0011346190003678203
                ],
                [
                    "oc",
                    0.001116367056965828
                ],
                [
                    "sr",
                    0.0010818177834153175
                ],
                [
                    "no",
                    0.0009556126897223294
                ],
                [
                    "bo",
                    0.0008832955500110984
                ],
                [
                    "br",
                    0.0008620214066468179
                ],
                [
                    "my",
                    0.0007501162472181022
                ],
                [
                    "ht",
                    0.0006611925782635808
                ],
                [
                    "lv",
                    0.0006319540552794933
                ],
                [
                    "sw",
                    0.0005912067135795951
                ],
                [
                    "fa",
                    0.0005577974370680749
                ],
                [
                    "yi",
                    0.0005278429016470909
                ],
                [
                    "mn",
                    0.0005250632530078292
                ],
                [
                    "lt",
                    0.0005192089010961354
                ],
                [
                    "fo",
                    0.0004627256712410599
                ],
                [
                    "be",
                    0.0004161158867646009
                ],
                [
                    "pa",
                    0.0003826083557214588
                ],
                [
                    "th",
                    0.00034136453177779913
                ],
                [
                    "af",
