{
    "path": "/Users/cindyzhang/YouLingo/video_analysis/sampled_videos_subset/108_video.mp4",
    "audio_path": "video_analysis/sampled_audios_subset/108_video_audio.wav",
    "language": "ja",
    "length_sec": 14.93,
    "vad_duration_sec": 0.944,
    "total_segment_length_sec": 0.0,
    "word_count": -1,
    "tokens": [],
    "types": [],
    "mean_sentence_length_words": -1.0,
    "wpm": -1,
    "spm": -1,
    "average_ptr": -1,
    "transcript_text": "",
    "transcript": {
        "segments": [],
        "info": {
            "language": "ja",
            "duration": 14.9304375,
            "duration_after_vad": 0.944,
            "language_probability": 0.25520187616348267,
            "all_language_probs": [
                [
                    "ja",
                    0.25520187616348267
                ],
                [
                    "en",
                    0.1627008020877838
                ],
                [
                    "es",
                    0.094185471534729
                ],
                [
                    "ko",
                    0.06731317937374115
                ],
                [
                    "ru",
                    0.05654138699173927
                ],
                [
                    "pt",
                    0.049934159964323044
                ],
                [
                    "fi",
                    0.026469221338629723
                ],
                [
                    "it",
                    0.021323513239622116
                ],
                [
                    "pl",
                    0.021234609186649323
                ],
                [
                    "nn",
                    0.017629090696573257
                ],
                [
                    "nl",
                    0.01687052473425865
                ],
                [
                    "zh",
                    0.016820192337036133
                ],
                [
                    "el",
                    0.016522129997611046
                ],
                [
                    "fr",
                    0.01620931550860405
                ],
                [
                    "de",
                    0.015739206224679947
                ],
                [
                    "jw",
                    0.012477160431444645
                ],
                [
                    "hi",
                    0.012029416859149933
                ],
                [
                    "tr",
                    0.010548247024416924
                ],
                [
                    "ar",
                    0.010079914703965187
                ],
                [
                    "ta",
                    0.007687916047871113
                ],
                [
                    "sv",
                    0.007622030563652515
                ],
                [
                    "la",
                    0.00643121125176549
                ],
                [
                    "cy",
                    0.005753119941800833
                ],
                [
                    "hu",
                    0.00547296367585659
                ],
                [
                    "te",
                    0.004627671092748642
                ],
                [
                    "haw",
                    0.003950872458517551
                ],
                [
                    "id",
                    0.0036053091753274202
                ],
                [
                    "ca",
                    0.003488209331408143
                ],
                [
                    "uk",
                    0.0030127076897770166
                ],
                [
                    "gl",
                    0.0025251242332160473
                ],
                [
                    "tl",
                    0.0025095699820667505
                ],
                [
                    "km",
                    0.0024529979564249516
                ],
                [
                    "hr",
                    0.0023655337281525135
                ],
                [
                    "ur",
                    0.002278565661981702
                ],
                [
                    "cs",
                    0.0022033348213881254
                ],
                [
                    "mi",
                    0.002161612967029214
                ],
                [
                    "ro",
                    0.0019109726417809725
                ],
                [
                    "th",
                    0.0018568756058812141
                ],
                [
                    "vi",
                    0.0017891559982672334
                ],
                [
                    "ml",
                    0.0017108182655647397
                ],
                [
                    "no",
                    0.0016868376405909657
                ],
                [
                    "ms",
                    0.0016560264630243182
                ],
                [
                    "sn",
                    0.0016351744998246431
                ],
                [
                    "he",
                    0.0016264277510344982
                ],
                [
                    "eu",
                    0.0014395795296877623
                ],
                [
                    "br",
                    0.0013360105222091079
                ],
                [
                    "da",
                    0.001259526121430099
                ],
                [
                    "sa",
                    0.0011867501307278872
                ],
                [
                    "si",
                    0.0011710933176800609
                ],
                [
                    "sk",
                    0.0009595906012691557
                ],
                [
                    "bs",
                    0.0007509943097829819
                ],
                [
                    "be",
                    0.0006812304491177201
                ],
                [
                    "bg",
                    0.0006428133347071707
                ],
                [
                    "mn",
                    0.00062415940919891
                ],
                [
                    "sl",
                    0.0006132205598987639
                ],
                [
                    "lv",
                    0.0005306688253767788
                ],
                [
                    "bn",
                    0.0005057154921814799
                ],
                [
                    "is",
                    0.0004909239360131323
                ],
                [
                    "lt",
                    0.00045787254930473864
                ],
                [
                    "fa",
                    0.0004240363196004182
                ],
                [
                    "oc",
                    0.00036844005808234215
                ],
                [
                    "bo",
                    0.00035318604204803705
                ],
                [
                    "af",
                    0.0003429419593885541
                ],
                [
                    "ne",
                    0.0003263395046815276
                ],
                [
                    "et",
                    0.00031953593133948743
                ],
                [
                    "yo",
                    0.00031674132333137095
                ],
                [
                    "sw",
                    0.0002948637993540615
                ],
                [
                    "fo",
                    0.0002557125990279019
                ],
                [
                    "sr",
                    0.00024097648565657437
                ],
                [
                    "hy",
