{
    "path": "/Users/cindyzhang/YouLingo/video_analysis/sampled_videos_subset/113_video.mp4",
    "audio_path": "video_analysis/sampled_audios_subset/113_video_audio.wav",
    "language": "en",
    "length_sec": 9.5,
    "vad_duration_sec": 5.8839375,
    "total_segment_length_sec": 0.0,
    "word_count": -1,
    "tokens": [],
    "types": [],
    "mean_sentence_length_words": -1.0,
    "wpm": -1,
    "spm": -1,
    "average_ptr": -1,
    "transcript_text": "",
    "transcript": {
        "segments": [],
        "info": {
            "language": "en",
            "duration": 9.4519375,
            "duration_after_vad": 5.8839375,
            "language_probability": 0.4292278289794922,
            "all_language_probs": [
                [
                    "en",
                    0.4292278289794922
                ],
                [
                    "ko",
                    0.09661444276571274
                ],
                [
                    "th",
                    0.04091096669435501
                ],
                [
                    "ja",
                    0.03787212446331978
                ],
                [
                    "tl",
                    0.03404919058084488
                ],
                [
                    "vi",
                    0.030705340206623077
                ],
                [
                    "fr",
                    0.02778218872845173
                ],
                [
                    "ru",
                    0.023200007155537605
                ],
                [
                    "ar",
                    0.022076336666941643
                ],
                [
                    "zh",
                    0.020345257595181465
                ],
                [
                    "jw",
                    0.020012935623526573
                ],
                [
                    "nl",
                    0.01840863563120365
                ],
                [
                    "de",
                    0.018023112788796425
                ],
                [
                    "nn",
                    0.01497382391244173
                ],
                [
                    "hi",
                    0.013654797337949276
                ],
                [
                    "pt",
                    0.012367555871605873
                ],
                [
                    "es",
                    0.011811675503849983
                ],
                [
                    "tr",
                    0.009166165255010128
                ],
                [
                    "id",
                    0.008342473767697811
                ],
                [
                    "hu",
                    0.00827009603381157
                ],
                [
                    "cy",
                    0.00790262408554554
                ],
                [
                    "km",
                    0.007261599414050579
                ],
                [
                    "ms",
                    0.007048756815493107
                ],
                [
                    "pl",
                    0.007023954764008522
                ],
                [
                    "fi",
                    0.006814710795879364
                ],
                [
                    "la",
                    0.006316452287137508
                ],
                [
                    "it",
                    0.006172291934490204
                ],
                [
                    "sv",
                    0.005924179218709469
                ],
                [
                    "el",
                    0.004918193444609642
                ],
                [
                    "te",
                    0.004020031075924635
                ],
                [
                    "cs",
                    0.0037816811818629503
                ],
                [
                    "ta",
                    0.0027805501595139503
                ],
                [
                    "haw",
                    0.002740159397944808
                ],
                [
                    "ur",
                    0.0022991884034126997
                ],
                [
                    "no",
                    0.0022429695818573236
                ],
                [
                    "sn",
                    0.0018417405663058162
                ],
                [
                    "br",
                    0.0016718005063012242
                ],
                [
                    "ro",
                    0.0016548592830076814
                ],
                [
                    "uk",
                    0.0014744761865586042
                ],
                [
                    "ca",
                    0.0013248611940070987
                ],
                [
                    "he",
                    0.0012401003623381257
                ],
                [
                    "mi",
                    0.0010164569830521941
                ],
                [
                    "ml",
                    0.0010014501167461276
                ],
                [
                    "yo",
                    0.0008878556545823812
                ],
                [
                    "ne",
                    0.0008843617979437113
                ],
                [
                    "da",
                    0.0007323416066356003
                ],
                [
                    "sa",
                    0.0006794301443733275
                ],
                [
                    "bn",
                    0.0006695807096548378
                ],
                [
                    "fa",
                    0.0006195796304382384
                ],
                [
                    "hr",
                    0.0006038520368747413
                ],
                [
                    "mn",
                    0.0005335830501280725
                ],
                [
                    "sl",
                    0.0005165673210285604
                ],
                [
                    "gl",
                    0.0004916076431982219
                ],
                [
                    "eu",
                    0.0004889040137641132
                ],
                [
                    "si",
                    0.0004805365460924804
                ],
                [
                    "is",
                    0.00044698608689941466
                ],
                [
                    "et",
                    0.0004048289265483618
                ],
                [
                    "ht",
                    0.0003805902088060975
                ],
                [
                    "lv",
                    0.0003653404419310391
                ],
                [
                    "my",
                    0.00036521366564556956
                ],
                [
                    "sk",
                    0.0003287109429948032
                ],
                [
                    "bs",
                    0.0003154896548949182
                ],
                [
                    "be",
                    0.000312515941914171
                ],
                [
                    "oc",
                    0.0002761750656645745
                ],
                [
                    "lt",
                    0.0002564929018262774
                ],
                [
                    "lo",
                    0.00024164473870769143
                ],
                [
                    "bg",
                    0.00023106859589461237
                ],
                [
                    "hy",
                    0.00022875212016515434
                ],
                [
                    "bo",
                    0.00020154246885795146
                ],
                [
                    "yi",
