{
    "path": "/Users/cindyzhang/YouLingo/video_analysis/sampled_videos_subset/132_video.mp4",
    "audio_path": "video_analysis/sampled_audios_subset/132_video_audio.wav",
    "language": "en",
    "length_sec": 59.14,
    "vad_duration_sec": 54.718,
    "total_segment_length_sec": 0.0,
    "word_count": -1,
    "tokens": [],
    "types": [],
    "mean_sentence_length_words": -1.0,
    "wpm": -1,
    "spm": -1,
    "average_ptr": -1,
    "transcript_text": "",
    "transcript": {
        "segments": [],
        "info": {
            "language": "en",
            "duration": 59.118,
            "duration_after_vad": 54.718,
            "language_probability": 0.9867081642150879,
            "all_language_probs": [
                [
                    "en",
                    0.9867081642150879
                ],
                [
                    "ko",
                    0.005114874802529812
                ],
                [
                    "pt",
                    0.0015455347020179033
                ],
                [
                    "haw",
                    0.0009012006921693683
                ],
                [
                    "ja",
                    0.000707921979483217
                ],
                [
                    "tr",
                    0.0005082081188447773
                ],
                [
                    "zh",
                    0.00048371433513239026
                ],
                [
                    "de",
                    0.0003912963147740811
                ],
                [
                    "nn",
                    0.0003882778692059219
                ],
                [
                    "es",
                    0.0003816753451246768
                ],
                [
                    "cy",
                    0.0003795609809458256
                ],
                [
                    "fr",
                    0.00030801136745139956
                ],
                [
                    "ru",
                    0.0002241862821392715
                ],
                [
                    "th",
                    0.00020457293430808932
                ],
                [
                    "nl",
                    0.00019757859990932047
                ],
                [
                    "pl",
                    0.0001966473355423659
                ],
                [
                    "km",
                    0.00017402891535311937
                ],
                [
                    "vi",
                    0.00014744211512152106
                ],
                [
                    "tl",
                    8.760292985243723e-05
                ],
                [
                    "la",
                    8.230577077483758e-05
                ],
                [
                    "mi",
                    7.328005449380726e-05
                ],
                [
                    "hu",
                    6.502390169771388e-05
                ],
                [
                    "hi",
                    6.30912181804888e-05
                ],
                [
                    "jw",
                    6.28899215371348e-05
                ],
                [
                    "it",
                    5.290864282869734e-05
                ],
                [
                    "da",
                    5.154008249519393e-05
                ],
                [
                    "ta",
                    4.4983564293943346e-05
                ],
                [
                    "ar",
                    4.268297925591469e-05
                ],
                [
                    "sv",
                    2.8986181860091165e-05
                ],
                [
                    "sn",
                    2.8219421437825076e-05
                ],
                [
                    "ur",
                    2.330271490791347e-05
                ],
                [
                    "te",
                    2.2127278498373926e-05
                ],
                [
                    "br",
                    2.145029793609865e-05
                ],
                [
                    "ml",
                    2.1364856365835294e-05
                ],
                [
                    "si",
                    2.0911420506308787e-05
                ],
                [
                    "yo",
                    1.943984898389317e-05
                ],
                [
                    "ht",
                    1.4619199646404013e-05
                ],
                [
                    "id",
                    1.4516544979414903e-05
                ],
                [
                    "ms",
                    1.400044948240975e-05
                ],
                [
                    "cs",
                    1.3870224393031094e-05
                ],
                [
                    "yi",
                    1.3407747246674262e-05
                ],
                [
                    "my",
                    1.2508698091551196e-05
                ],
                [
                    "el",
                    1.1464284398243763e-05
                ],
                [
                    "no",
                    1.1370578249625396e-05
                ],
                [
                    "bn",
                    8.986868124338798e-06
                ],
                [
                    "fa",
                    8.780244570516516e-06
                ],
                [
                    "hr",
                    8.492471351928543e-06
                ],
                [
                    "bs",
                    8.389633876504377e-06
                ],
                [
                    "fi",
                    7.435674888256472e-06
                ],
                [
                    "ro",
                    7.358767106779851e-06
                ],
                [
                    "he",
                    7.133089184208075e-06
                ],
                [
                    "eu",
                    7.047485723887803e-06
                ],
                [
                    "fo",
                    5.288833563099615e-06
                ],
                [
                    "af",
                    4.8201786739809904e-06
                ],
                [
                    "uk",
                    3.7282422908901935e-06
                ],
                [
                    "ca",
                    3.7020274703536415e-06
                ],
                [
                    "is",
                    3.5464402117213467e-06
                ],
                [
                    "sl",
                    3.5011471481993794e-06
                ],
                [
                    "sa",
                    3.4108156796719413e-06
                ],
                [
                    "bg",
                    3.208249609087943e-06
                ],
                [
                    "pa",
                    3.0062071800784906e-06
                ],
                [
                    "ne",
                    2.5490683128737146e-06
                ],
                [
                    "lv",
                    1.9914455151592847e-06
                ],
                [
                    "bo",
                    1.8404076627120958e-06
                ],
                [
                    "mn",
                    1.772717155290593e-06
                ],
                [
                    "sk",
                    1.7343328408969683e-06
                ],
                [
                    "be",
                    1.3407958476818749e-06
                ],
                [
                    "sw",
                    1.1472274081825162e-06
                ],
                [
                    "lt",
                    7.397300691991404e-07
                ],
