{
    "path": "/Users/cindyzhang/YouLingo/video_analysis/sampled_videos_subset/141_video.mp4",
    "audio_path": "video_analysis/sampled_audios_subset/141_video_audio.wav",
    "language": "en",
    "length_sec": 10.97,
    "vad_duration_sec": 1.728,
    "total_segment_length_sec": 0.0,
    "word_count": -1,
    "tokens": [],
    "types": [],
    "mean_sentence_length_words": -1.0,
    "wpm": -1,
    "spm": -1,
    "average_ptr": -1,
    "transcript_text": "",
    "transcript": {
        "segments": [],
        "info": {
            "language": "en",
            "duration": 10.936625,
            "duration_after_vad": 1.728,
            "language_probability": 0.8289339542388916,
            "all_language_probs": [
                [
                    "en",
                    0.8289339542388916
                ],
                [
                    "ja",
                    0.03759385272860527
                ],
                [
                    "pt",
                    0.014543789438903332
                ],
                [
                    "es",
                    0.010833010077476501
                ],
                [
                    "la",
                    0.01037201564759016
                ],
                [
                    "fr",
                    0.009221991524100304
                ],
                [
                    "ru",
                    0.008812895976006985
                ],
                [
                    "cy",
                    0.008214295841753483
                ],
                [
                    "nl",
                    0.008062226697802544
                ],
                [
                    "nn",
                    0.0069554769434034824
                ],
                [
                    "ko",
                    0.005668385419994593
                ],
                [
                    "de",
                    0.004569067154079676
                ],
                [
                    "pl",
                    0.004143924918025732
                ],
                [
                    "jw",
                    0.003950812853872776
                ],
                [
                    "km",
                    0.00389962294138968
                ],
                [
                    "it",
                    0.003500009188428521
                ],
                [
                    "haw",
                    0.0032180531416088343
                ],
                [
                    "ar",
                    0.0024314315523952246
                ],
                [
                    "zh",
                    0.002189099323004484
                ],
                [
                    "hu",
                    0.0020976148080080748
                ],
                [
                    "mi",
                    0.0014522949932143092
                ],
                [
                    "th",
                    0.0014492387417703867
                ],
                [
                    "eu",
                    0.0014003436081111431
                ],
                [
                    "vi",
                    0.0011331549612805247
                ],
                [
                    "br",
                    0.0011148648336529732
                ],
                [
                    "tr",
                    0.0009682078380137682
                ],
                [
                    "sv",
                    0.0008949310285970569
                ],
                [
                    "ro",
                    0.0007714213570579886
                ],
                [
                    "te",
                    0.0007616070797666907
                ],
                [
                    "hi",
                    0.0006728129810653627
                ],
                [
                    "el",
                    0.0006310392636805773
                ],
                [
                    "cs",
                    0.0006205684039741755
                ],
                [
                    "tl",
                    0.000546224182471633
                ],
                [
                    "ca",
                    0.0004940925864502788
                ],
                [
                    "sn",
                    0.00046687936992384493
                ],
                [
                    "ta",
                    0.00044545179116539657
                ],
                [
                    "da",
                    0.00043454987462610006
                ],
                [
                    "uk",
                    0.00043186862603761256
                ],
                [
                    "id",
                    0.00041980392416007817
                ],
                [
                    "no",
                    0.00041168570169247687
                ],
                [
                    "fi",
                    0.00034089316613972187
                ],
                [
                    "ms",
                    0.0003375536180101335
                ],
                [
                    "my",
                    0.00033218503813259304
                ],
                [
                    "bg",
                    0.00029934983467683196
                ],
                [
                    "hr",
                    0.00026958127273246646
                ],
                [
                    "he",
                    0.0002450960746500641
                ],
                [
                    "is",
                    0.00024432476493529975
                ],
                [
                    "mn",
                    0.00020936087821610272
                ],
                [
                    "bs",
                    0.000207658507861197
                ],
                [
                    "sl",
                    0.00020435448095668107
                ],
                [
                    "sa",
                    0.00020018586656078696
                ],
                [
                    "yo",
                    0.0001966127601917833
                ],
                [
                    "si",
                    0.0001889894192572683
                ],
                [
                    "yi",
                    0.0001786299835657701
                ],
                [
                    "ml",
                    0.00015835250087548047
                ],
                [
                    "ur",
                    0.0001569979649502784
                ],
                [
                    "fa",
                    0.00012648076517507434
                ],
                [
                    "af",
                    0.00012282421812415123
                ],
                [
                    "gl",
                    0.00012103965855203569
                ],
                [
                    "oc",
                    0.00010963862587232143
                ],
                [
                    "lv",
                    9.304767445428297e-05
                ],
                [
                    "ht",
                    8.144698949763551e-05
                ],
                [
                    "bo",
                    7.415507570840418e-05
                ],
                [
                    "bn",
                    7.257251854753122e-05
                ],
                [
                    "sk",
                    6.874462269479409e-05
                ],
                [
                    "fo",
                    6.819709960836917e-05
                ],
                [
                    "ne",
                    5.9647474699886516e-05
                ],
                [
                    "lt",
                    5.820087608299218e-05
                ],
                [
                    "sq",
                    4.6806140744592994e-05
                ],
                [
