{
    "path": "/Users/cindyzhang/YouLingo/video_analysis/sampled_videos_subset/146_video.mp4",
    "audio_path": "video_analysis/sampled_audios_subset/146_video_audio.wav",
    "language": "en",
    "length_sec": 45.67,
    "vad_duration_sec": 0.72,
    "total_segment_length_sec": 0.0,
    "word_count": -1,
    "tokens": [],
    "types": [],
    "mean_sentence_length_words": -1.0,
    "wpm": -1,
    "spm": -1,
    "average_ptr": -1,
    "transcript_text": "",
    "transcript": {
        "segments": [],
        "info": {
            "language": "en",
            "duration": 45.604,
            "duration_after_vad": 0.72,
            "language_probability": 0.6399641036987305,
            "all_language_probs": [
                [
                    "en",
                    0.6399641036987305
                ],
                [
                    "nn",
                    0.05189889669418335
                ],
                [
                    "ko",
                    0.030247049406170845
                ],
                [
                    "ja",
                    0.029063597321510315
                ],
                [
                    "es",
                    0.027516888454556465
                ],
                [
                    "cy",
                    0.018710598349571228
                ],
                [
                    "ru",
                    0.018117906525731087
                ],
                [
                    "la",
                    0.015295458026230335
                ],
                [
                    "jw",
                    0.011768820695579052
                ],
                [
                    "zh",
                    0.011646517552435398
                ],
                [
                    "fr",
                    0.011277904734015465
                ],
                [
                    "haw",
                    0.010690370574593544
                ],
                [
                    "hi",
                    0.010520708747208118
                ],
                [
                    "pt",
                    0.010467725805938244
                ],
                [
                    "de",
                    0.008469087071716785
                ],
                [
                    "nl",
                    0.007374369073659182
                ],
                [
                    "it",
                    0.006848991848528385
                ],
                [
                    "pl",
                    0.0058966935612261295
                ],
                [
                    "tr",
                    0.00515883369371295
                ],
                [
                    "km",
                    0.004355140961706638
                ],
                [
                    "ar",
                    0.004256518557667732
                ],
                [
                    "te",
                    0.0037260486278682947
                ],
                [
                    "th",
                    0.0036911724600940943
                ],
                [
                    "ms",
                    0.003515456337481737
                ],
                [
                    "si",
                    0.002934737130999565
                ],
                [
                    "tl",
                    0.002914109965786338
                ],
                [
                    "ro",
                    0.002622850239276886
                ],
                [
                    "el",
                    0.002421274781227112
                ],
                [
                    "vi",
                    0.0024146498180925846
                ],
                [
                    "sa",
                    0.002233876148238778
                ],
                [
                    "sn",
                    0.0020698849111795425
                ],
                [
                    "br",
                    0.002047415357083082
                ],
                [
                    "sv",
                    0.001965754898265004
                ],
                [
                    "ta",
                    0.0019593744073063135
                ],
                [
                    "fi",
                    0.001909542246721685
                ],
                [
                    "cs",
                    0.0018198334146291018
                ],
                [
                    "id",
                    0.0018087633652612567
                ],
                [
                    "ml",
                    0.0017262599430978298
                ],
                [
                    "ur",
                    0.001647699042223394
                ],
                [
                    "uk",
                    0.001385452225804329
                ],
                [
                    "fa",
                    0.0010838890448212624
                ],
                [
                    "hu",
                    0.0010517101036384702
                ],
                [
                    "mi",
                    0.0010427506640553474
                ],
                [
                    "he",
                    0.0009969886159524322
                ],
                [
                    "sl",
                    0.000920395425055176
                ],
                [
                    "bg",
                    0.0008682780317030847
                ],
                [
                    "da",
                    0.0008289663237519562
                ],
                [
                    "no",
                    0.0007879417389631271
                ],
                [
                    "sk",
                    0.0006545111536979675
                ],
                [
                    "bn",
                    0.0006416290416382253
                ],
                [
                    "hr",
                    0.000619130558334291
                ],
                [
                    "yo",
                    0.0005648621590808034
                ],
                [
                    "gl",
                    0.000497451692353934
                ],
                [
                    "ca",
                    0.0004954130854457617
                ],
                [
                    "my",
                    0.0003425784525461495
                ],
                [
                    "mn",
                    0.0003122800262644887
                ],
                [
                    "sw",
                    0.0002828858559951186
                ],
                [
                    "yi",
                    0.00023914290068205446
                ],
                [
                    "oc",
                    0.0002290732809342444
                ],
                [
                    "hy",
                    0.00021661620121449232
                ],
                [
                    "fo",
                    0.0001957947970367968
                ],
                [
                    "eu",
                    0.00018879317212849855
                ],
                [
                    "be",
                    0.00018349348101764917
                ],
                [
                    "bo",
                    0.00017805911193136126
                ],
                [
                    "bs",
                    0.00017691556422505528
                ],
                [
                    "lv",
                    0.00016622421389911324
                ],
                [
                    "af",
                    0.0001585310383234173
                ],
                [
                    "is",
                    0.0001560294913360849
                ],
                [
                    "ne",
                    0.00014737987658008933
                ],
                [
                    "lo",
