{
    "path": "/Users/cindyzhang/YouLingo/video_analysis/sampled_videos_subset/166_video.mp4",
    "audio_path": "video_analysis/sampled_audios_subset/166_video_audio.wav",
    "language": "en",
    "length_sec": 9.97,
    "vad_duration_sec": 9.794125,
    "total_segment_length_sec": 0.0,
    "word_count": -1,
    "tokens": [],
    "types": [],
    "mean_sentence_length_words": -1.0,
    "wpm": -1,
    "spm": -1,
    "average_ptr": -1,
    "transcript_text": "",
    "transcript": {
        "segments": [],
        "info": {
            "language": "en",
            "duration": 9.938125,
            "duration_after_vad": 9.794125,
            "language_probability": 0.7104774117469788,
            "all_language_probs": [
                [
                    "en",
                    0.7104774117469788
                ],
                [
                    "ko",
                    0.07102474570274353
                ],
                [
                    "pt",
                    0.02470245584845543
                ],
                [
                    "ja",
                    0.01784435659646988
                ],
                [
                    "es",
                    0.017204271629452705
                ],
                [
                    "zh",
                    0.015209426172077656
                ],
                [
                    "fr",
                    0.010374707169830799
                ],
                [
                    "ru",
                    0.010296091437339783
                ],
                [
                    "de",
                    0.009746953845024109
                ],
                [
                    "ar",
                    0.008509133011102676
                ],
                [
                    "la",
                    0.007961728610098362
                ],
                [
                    "tr",
                    0.00761508010327816
                ],
                [
                    "cy",
                    0.006987596862018108
                ],
                [
                    "nn",
                    0.006666835863143206
                ],
                [
                    "hi",
                    0.006638103164732456
                ],
                [
                    "el",
                    0.006495595443993807
                ],
                [
                    "it",
                    0.005740921478718519
                ],
                [
                    "pl",
                    0.004580148961395025
                ],
                [
                    "jw",
                    0.004458477254956961
                ],
                [
                    "haw",
                    0.00427882419899106
                ],
                [
                    "nl",
                    0.0035945954732596874
                ],
                [
                    "tl",
                    0.0026288365479558706
                ],
                [
                    "ta",
                    0.002500523580238223
                ],
                [
                    "ur",
                    0.002493341686204076
                ],
                [
                    "ms",
                    0.002128356834873557
                ],
                [
                    "km",
                    0.0019316119141876698
                ],
                [
                    "vi",
                    0.001833736663684249
                ],
                [
                    "te",
                    0.0017998869298025966
                ],
                [
                    "mi",
                    0.0015691916923969984
                ],
                [
                    "sn",
                    0.0014300699112936854
                ],
                [
                    "ro",
                    0.0011924810241907835
                ],
                [
                    "th",
                    0.0010403136257082224
                ],
                [
                    "br",
                    0.0009533289703540504
                ],
                [
                    "sv",
                    0.0009195675957016647
                ],
                [
                    "sa",
                    0.000835886865388602
                ],
                [
                    "hu",
                    0.0008226702339015901
                ],
                [
                    "id",
                    0.0008148960769176483
                ],
                [
                    "ca",
                    0.0007516896585002542
                ],
                [
                    "yo",
                    0.0007421808550134301
                ],
                [
                    "si",
                    0.0006749852909706533
                ],
                [
                    "uk",
                    0.0006585392402485013
                ],
                [
                    "he",
                    0.0006405752501450479
                ],
                [
                    "ml",
                    0.0006099472520872951
                ],
                [
                    "gl",
                    0.000597702746745199
                ],
                [
                    "cs",
                    0.0005723682115785778
                ],
                [
                    "bn",
                    0.000569565047044307
                ],
                [
                    "fi",
                    0.0005612403037957847
                ],
                [
                    "ht",
                    0.000539662316441536
                ],
                [
                    "sl",
                    0.0004829243989661336
                ],
                [
                    "da",
                    0.00048078480176627636
                ],
                [
                    "fa",
                    0.0004765261255670339
                ],
                [
                    "sw",
                    0.00046680550440214574
                ],
                [
                    "no",
                    0.0004349831724539399
                ],
                [
                    "bs",
                    0.00043215788900852203
                ],
                [
                    "hr",
                    0.00042125594336539507
                ],
                [
                    "yi",
                    0.0003900214796885848
                ],
                [
                    "bo",
                    0.0003804597945418209
                ],
                [
                    "my",
                    0.00032302187173627317
                ],
                [
                    "ne",
                    0.0003179832419846207
                ],
                [
                    "eu",
                    0.00028488397947512567
                ],
                [
                    "is",
                    0.00027290277648717165
                ],
                [
                    "af",
                    0.0002690421824809164
                ],
                [
                    "mn",
                    0.0002667795051820576
                ],
                [
                    "be",
                    0.00020977898384444416
                ],
                [
                    "oc",
                    0.00019234749197494239
                ],
                [
                    "lv",
                    0.00017482800467405468
                ],
                [
                    "bg",
                    0.0001640680420678109
                ],
                [
                    "fo",
                    0.0001371076505165547
                ],
                [
                    "sk",
                    0.00011776987958000973
                ],
                [
                    "lt",
