{
    "path": "/Users/cindyzhang/YouLingo/video_analysis/sampled_videos_subset/168_video.mp4",
    "audio_path": "video_analysis/sampled_audios_subset/168_video_audio.wav",
    "language": "en",
    "length_sec": 8.64,
    "vad_duration_sec": 1.4784375,
    "total_segment_length_sec": 0.0,
    "word_count": -1,
    "tokens": [],
    "types": [],
    "mean_sentence_length_words": -1.0,
    "wpm": -1,
    "spm": -1,
    "average_ptr": -1,
    "transcript_text": "",
    "transcript": {
        "segments": [],
        "info": {
            "language": "en",
            "duration": 8.6624375,
            "duration_after_vad": 1.4784375,
            "language_probability": 0.833998441696167,
            "all_language_probs": [
                [
                    "en",
                    0.833998441696167
                ],
                [
                    "ko",
                    0.023900369182229042
                ],
                [
                    "nn",
                    0.012563658878207207
                ],
                [
                    "pt",
                    0.010789560154080391
                ],
                [
                    "ja",
                    0.01064215786755085
                ],
                [
                    "cy",
                    0.010314516723155975
                ],
                [
                    "jw",
                    0.009638975374400616
                ],
                [
                    "haw",
                    0.008462873287498951
                ],
                [
                    "fr",
                    0.006979923229664564
                ],
                [
                    "la",
                    0.006871663499623537
                ],
                [
                    "es",
                    0.006143041420727968
                ],
                [
                    "zh",
                    0.005796767305582762
                ],
                [
                    "it",
                    0.0050377449952065945
                ],
                [
                    "de",
                    0.0044626714661717415
                ],
                [
                    "km",
                    0.004205041099339724
                ],
                [
                    "ru",
                    0.0039803567342460155
                ],
                [
                    "nl",
                    0.0032501600217074156
                ],
                [
                    "pl",
                    0.003066385630518198
                ],
                [
                    "ar",
                    0.0025542518123984337
                ],
                [
                    "mi",
                    0.0023583394940942526
                ],
                [
                    "vi",
                    0.00208604009822011
                ],
                [
                    "tr",
                    0.0018630451522767544
                ],
                [
                    "hi",
                    0.0017249915981665254
                ],
                [
                    "el",
                    0.0013356284471228719
                ],
                [
                    "hu",
                    0.0012185961240902543
                ],
                [
                    "br",
                    0.0011087722377851605
                ],
                [
                    "tl",
                    0.001039051334373653
                ],
                [
                    "te",
                    0.000981606892310083
                ],
                [
                    "th",
                    0.0009592705755494535
                ],
                [
                    "ms",
                    0.0009490336524322629
                ],
                [
                    "sv",
                    0.0009438860579393804
                ],
                [
                    "sn",
                    0.0008793405722826719
                ],
                [
                    "id",
                    0.0007282172446139157
                ],
                [
                    "ta",
                    0.0005928913014940917
                ],
                [
                    "ro",
                    0.0005723107606172562
                ],
                [
                    "fi",
                    0.0005681192269548774
                ],
                [
                    "cs",
                    0.0005184429464861751
                ],
                [
                    "si",
                    0.0004105753032490611
                ],
                [
                    "da",
                    0.0003748891467694193
                ],
                [
                    "sa",
                    0.00033285951940342784
                ],
                [
                    "ca",
                    0.0003074166888836771
                ],
                [
                    "yo",
                    0.00030450671329163015
                ],
                [
                    "gl",
                    0.00028765795286744833
                ],
                [
                    "he",
                    0.000286953232716769
                ],
                [
                    "no",
                    0.0002771388681139797
                ],
                [
                    "eu",
                    0.0002695835428312421
                ],
                [
                    "sl",
                    0.00026933863409794867
                ],
                [
                    "ml",
                    0.0002662774350028485
                ],
                [
                    "ur",
                    0.0002470723120495677
                ],
                [
                    "my",
                    0.0002467892481945455
                ],
                [
                    "uk",
                    0.0002365850959904492
                ],
                [
                    "bg",
                    0.0002285997907165438
                ],
                [
                    "bn",
                    0.00021869280317332596
                ],
                [
                    "is",
                    0.00020164571469649673
                ],
                [
                    "yi",
                    0.00019254897779319435
                ],
                [
                    "hr",
                    0.00017797615146264434
                ],
                [
                    "mn",
                    0.00016775948461145163
                ],
                [
                    "bs",
                    0.0001658202090766281
                ],
                [
                    "fa",
                    0.00014611853112000972
                ],
                [
                    "af",
                    0.00014310608094092458
                ],
                [
                    "bo",
                    0.0001225378073286265
                ],
                [
                    "fo",
                    0.00010990294686052948
                ],
                [
                    "oc",
                    0.00010476836905581877
                ],
                [
                    "ht",
                    9.117749868892133e-05
                ],
                [
                    "sk",
                    8.553668885724619e-05
                ],
                [
                    "lv",
                    8.192303357645869e-05
                ],
                [
                    "ne",
                    5.590454748016782e-05
                ],
                [
                    "be",
                    4.587142029777169e-05
                ],
                [
                    "az",
                    4.138765871175565e-05
                ],
                [
