{
    "path": "/Users/cindyzhang/YouLingo/video_analysis/sampled_videos_subset/172_video.mp4",
    "audio_path": "video_analysis/sampled_audios_subset/172_video_audio.wav",
    "language": "en",
    "length_sec": 7.07,
    "vad_duration_sec": 2.9250625,
    "total_segment_length_sec": 0.0,
    "word_count": -1,
    "tokens": [],
    "types": [],
    "mean_sentence_length_words": -1.0,
    "wpm": -1,
    "spm": -1,
    "average_ptr": -1,
    "transcript_text": "",
    "transcript": {
        "segments": [],
        "info": {
            "language": "en",
            "duration": 7.0370625,
            "duration_after_vad": 2.9250625,
            "language_probability": 0.6140985488891602,
            "all_language_probs": [
                [
                    "en",
                    0.6140985488891602
                ],
                [
                    "ko",
                    0.05261263623833656
                ],
                [
                    "ja",
                    0.03695634379982948
                ],
                [
                    "jw",
                    0.026207946240901947
                ],
                [
                    "nn",
                    0.024222280830144882
                ],
                [
                    "de",
                    0.021562468260526657
                ],
                [
                    "zh",
                    0.020205438137054443
                ],
                [
                    "pt",
                    0.019558211788535118
                ],
                [
                    "es",
                    0.017511548474431038
                ],
                [
                    "th",
                    0.016225464642047882
                ],
                [
                    "hi",
                    0.010529503226280212
                ],
                [
                    "ru",
                    0.009176012128591537
                ],
                [
                    "it",
                    0.009125753305852413
                ],
                [
                    "nl",
                    0.008469113148748875
                ],
                [
                    "vi",
                    0.00828133337199688
                ],
                [
                    "tl",
                    0.008007185533642769
                ],
                [
                    "cy",
                    0.006758054718375206
                ],
                [
                    "ms",
                    0.006638461723923683
                ],
                [
                    "fr",
                    0.006232886575162411
                ],
                [
                    "haw",
                    0.006068016868084669
                ],
                [
                    "la",
                    0.0059822299517691135
                ],
                [
                    "km",
                    0.005704306066036224
                ],
                [
                    "fi",
                    0.005685986019670963
                ],
                [
                    "id",
                    0.005514779593795538
                ],
                [
                    "ar",
                    0.003110580611974001
                ],
                [
                    "hu",
                    0.0029359806794673204
                ],
                [
                    "tr",
                    0.002896524965763092
                ],
                [
                    "sv",
                    0.0027411405462771654
                ],
                [
                    "ur",
                    0.0025771146174520254
                ],
                [
                    "ta",
                    0.0025134626775979996
                ],
                [
                    "pl",
                    0.00238770036958158
                ],
                [
                    "br",
                    0.0018918587593361735
                ],
                [
                    "mi",
                    0.0018256449839100242
                ],
                [
                    "da",
                    0.0018012928776443005
                ],
                [
                    "el",
                    0.0017959565157070756
                ],
                [
                    "te",
                    0.0017794414889067411
                ],
                [
                    "uk",
                    0.0015233249869197607
                ],
                [
                    "cs",
                    0.0013629328459501266
                ],
                [
                    "ro",
                    0.0013048517284914851
                ],
                [
                    "sn",
                    0.001254137372598052
                ],
                [
                    "ml",
                    0.0012454804964363575
                ],
                [
                    "no",
                    0.0009738128865137696
                ],
                [
                    "hr",
                    0.0009035202674567699
                ],
                [
                    "si",
                    0.0008202822064049542
                ],
                [
                    "my",
                    0.0008061744156293571
                ],
                [
                    "ca",
                    0.000801886199042201
                ],
                [
                    "sa",
                    0.0007900227210484445
                ],
                [
                    "yo",
                    0.0006775801302865148
                ],
                [
                    "bn",
                    0.0006751982728019357
                ],
                [
                    "he",
                    0.0006391560891643167
                ],
                [
                    "sl",
                    0.0006340898689813912
                ],
                [
                    "gl",
                    0.0006231424631550908
                ],
                [
                    "bg",
                    0.0004177048394922167
                ],
                [
                    "fa",
                    0.0004041702195536345
                ],
                [
                    "bs",
                    0.00038618268445134163
                ],
                [
                    "mn",
                    0.0002994620008394122
                ],
                [
                    "ht",
                    0.00026783993234857917
                ],
                [
                    "sw",
                    0.0002580906148068607
                ],
                [
                    "ne",
                    0.0002518019755370915
                ],
                [
                    "sk",
                    0.00023660596343688667
                ],
                [
                    "yi",
                    0.0001980735396500677
                ],
                [
                    "lv",
                    0.00019707529281731695
                ],
                [
                    "oc",
                    0.0001890449202619493
                ],
                [
                    "eu",
                    0.00018345731950830668
                ],
                [
                    "be",
                    0.00017389230197295547
                ],
                [
                    "is",
                    0.0001732188102323562
                ],
                [
                    "bo",
                    0.00017264389316551387
                ],
                [
                    "lo",
                    0.00016619826783426106
                ],
                [
                    "fo",
                    0.00015807169256731868
                ],
                [
                    "et",
