{
    "path": "/Users/cindyzhang/YouLingo/video_analysis/sampled_videos_subset/17_video.mp4",
    "audio_path": "video_analysis/sampled_audios_subset/17_video_audio.wav",
    "language": "en",
    "length_sec": 14.61,
    "vad_duration_sec": 5.504,
    "total_segment_length_sec": 0.0,
    "word_count": -1,
    "tokens": [],
    "types": [],
    "mean_sentence_length_words": -1.0,
    "wpm": -1,
    "spm": -1,
    "average_ptr": -1,
    "transcript_text": "",
    "transcript": {
        "segments": [],
        "info": {
            "language": "en",
            "duration": 14.5356875,
            "duration_after_vad": 5.504,
            "language_probability": 0.3570098578929901,
            "all_language_probs": [
                [
                    "en",
                    0.3570098578929901
                ],
                [
                    "es",
                    0.16485698521137238
                ],
                [
                    "ru",
                    0.10930206626653671
                ],
                [
                    "it",
                    0.043016672134399414
                ],
                [
                    "ko",
                    0.04092944785952568
                ],
                [
                    "ro",
                    0.04026808217167854
                ],
                [
                    "pt",
                    0.02511831372976303
                ],
                [
                    "tl",
                    0.02293822169303894
                ],
                [
                    "la",
                    0.015572416596114635
                ],
                [
                    "ja",
                    0.014364094473421574
                ],
                [
                    "de",
                    0.00978160835802555
                ],
                [
                    "pl",
                    0.009003310464322567
                ],
                [
                    "km",
                    0.008598929271101952
                ],
                [
                    "el",
                    0.008383817039430141
                ],
                [
                    "jw",
                    0.00818384438753128
                ],
                [
                    "te",
                    0.00795335415750742
                ],
                [
                    "ar",
                    0.007315711118280888
                ],
                [
                    "nn",
                    0.00692513445392251
                ],
                [
                    "hr",
                    0.005849745124578476
                ],
                [
                    "fr",
                    0.00554026011377573
                ],
                [
                    "nl",
                    0.0053301965817809105
                ],
                [
                    "cs",
                    0.0047699082642793655
                ],
                [
                    "uk",
                    0.004243872594088316
                ],
                [
                    "zh",
                    0.004202700685709715
                ],
                [
                    "hi",
                    0.003945502452552319
                ],
                [
                    "cy",
                    0.003935605753213167
                ],
                [
                    "hu",
                    0.003541849320754409
                ],
                [
                    "sl",
                    0.00338647048920393
                ],
                [
                    "fi",
                    0.003359415102750063
                ],
                [
                    "ta",
                    0.0032096400391310453
                ],
                [
                    "haw",
                    0.0030567352660000324
                ],
                [
                    "vi",
                    0.0030484816525131464
                ],
                [
                    "ca",
                    0.002781033283099532
                ],
                [
                    "sn",
                    0.002638168167322874
                ],
                [
                    "sv",
                    0.0022437379229813814
                ],
                [
                    "th",
                    0.002082863822579384
                ],
                [
                    "eu",
                    0.0017415339825674891
                ],
                [
                    "id",
                    0.0016404191264882684
                ],
                [
                    "sk",
                    0.0015504612820222974
                ],
                [
                    "tr",
                    0.001432120450772345
                ],
                [
                    "ne",
                    0.0013211104087531567
                ],
                [
                    "he",
                    0.0013144039548933506
                ],
                [
                    "lv",
                    0.001307833124883473
                ],
                [
                    "yo",
                    0.0012952705146744847
                ],
                [
                    "si",
                    0.0012928374344483018
                ],
                [
                    "bs",
                    0.0012642403598874807
                ],
                [
                    "da",
                    0.0012361290864646435
                ],
                [
                    "lt",
                    0.0012178592151030898
                ],
                [
                    "bg",
                    0.001191507326439023
                ],
                [
                    "et",
                    0.0011429539881646633
                ],
                [
                    "ms",
                    0.001096542226150632
                ],
                [
                    "is",
                    0.0009769706521183252
                ],
                [
                    "sa",
                    0.0008983841398730874
                ],
                [
                    "no",
                    0.0008683160995133221
                ],
                [
                    "oc",
                    0.0007577690994367003
                ],
                [
                    "sw",
                    0.0007351550739258528
                ],
                [
                    "be",
                    0.0007311201770789921
                ],
                [
                    "ur",
                    0.0006876093102619052
                ],
                [
                    "bn",
                    0.0006079811719246209
                ],
                [
                    "ht",
                    0.0005916039226576686
                ],
                [
                    "ml",
                    0.0005660585011355579
                ],
                [
                    "mi",
                    0.0005497997626662254
                ],
                [
                    "gl",
                    0.0005461322725750506
                ],
                [
                    "br",
                    0.00045650644460693
                ],
                [
                    "mn",
                    0.00044520109076984227
                ],
                [
                    "fa",
                    0.00042115672840736806
                ],
                [
                    "yi",
                    0.0004130639717914164
                ],
                [
                    "fo",
                    0.0003168022958561778
                ],
                [
                    "my",
                    0.0002975565439555794
                ],
                [
                    "kn",
