{
    "path": "/Users/cindyzhang/YouLingo/video_analysis/sampled_videos_subset/183_video.mp4",
    "audio_path": "video_analysis/sampled_audios_subset/183_video_audio.wav",
    "language": "ja",
    "length_sec": 12.89,
    "vad_duration_sec": 6.9190625,
    "total_segment_length_sec": 0.0,
    "word_count": -1,
    "tokens": [],
    "types": [],
    "mean_sentence_length_words": -1.0,
    "wpm": -1,
    "spm": -1,
    "average_ptr": -1,
    "transcript_text": "",
    "transcript": {
        "segments": [],
        "info": {
            "language": "ja",
            "duration": 12.8870625,
            "duration_after_vad": 6.9190625,
            "language_probability": 0.2852477729320526,
            "all_language_probs": [
                [
                    "ja",
                    0.2852477729320526
                ],
                [
                    "en",
                    0.27455171942710876
                ],
                [
                    "ko",
                    0.1640928089618683
                ],
                [
                    "zh",
                    0.054608553647994995
                ],
                [
                    "km",
                    0.020204856991767883
                ],
                [
                    "de",
                    0.016741150990128517
                ],
                [
                    "th",
                    0.015606015920639038
                ],
                [
                    "fr",
                    0.014027257449924946
                ],
                [
                    "es",
                    0.01311943307518959
                ],
                [
                    "jw",
                    0.011720100417733192
                ],
                [
                    "ru",
                    0.01120349857956171
                ],
                [
                    "pt",
                    0.009255116805434227
                ],
                [
                    "sn",
                    0.008792058564722538
                ],
                [
                    "hi",
                    0.008344214409589767
                ],
                [
                    "nl",
                    0.008222294971346855
                ],
                [
                    "vi",
                    0.005857488606125116
                ],
                [
                    "nn",
                    0.004686500411480665
                ],
                [
                    "br",
                    0.004622708540409803
                ],
                [
                    "tr",
                    0.004306964576244354
                ],
                [
                    "it",
                    0.004158963914960623
                ],
                [
                    "mi",
                    0.0038636259268969297
                ],
                [
                    "ar",
                    0.0038063095416873693
                ],
                [
                    "ms",
                    0.003628765232861042
                ],
                [
                    "cy",
                    0.0035947654396295547
                ],
                [
                    "tl",
                    0.0025567442644387484
                ],
                [
                    "sv",
                    0.0025480519980192184
                ],
                [
                    "la",
                    0.0023922675754874945
                ],
                [
                    "ta",
                    0.0023091034963726997
                ],
                [
                    "id",
                    0.002201947383582592
                ],
                [
                    "haw",
                    0.0021527463104575872
                ],
                [
                    "eu",
                    0.001925913617014885
                ],
                [
                    "pl",
                    0.0019130503060296178
                ],
                [
                    "my",
                    0.0018804918508976698
                ],
                [
                    "te",
                    0.0018722693203017116
                ],
                [
                    "da",
                    0.0016045346856117249
                ],
                [
                    "el",
                    0.0013395468704402447
                ],
                [
                    "fi",
                    0.001334449858404696
                ],
                [
                    "ca",
                    0.0011686119250953197
                ],
                [
                    "ro",
                    0.0011392225278541446
                ],
                [
                    "cs",
                    0.0010833543492481112
                ],
                [
                    "ur",
                    0.0010429989779368043
                ],
                [
                    "mn",
                    0.0010273793013766408
                ],
                [
                    "hy",
                    0.0009299761150032282
                ],
                [
                    "hu",
                    0.0009225058020092547
                ],
                [
                    "yo",
                    0.0009164632647298276
                ],
                [
                    "he",
                    0.0008962136344052851
                ],
                [
                    "no",
                    0.0008149210480041802
                ],
                [
                    "bn",
                    0.0006959094316698611
                ],
                [
                    "uk",
                    0.0006150440312922001
                ],
                [
                    "si",
                    0.0005707363015972078
                ],
                [
                    "hr",
                    0.0005700470646843314
                ],
                [
                    "sa",
                    0.000565631955396384
                ],
                [
                    "bo",
                    0.000551970093511045
                ],
                [
                    "bg",
                    0.000447490339865908
                ],
                [
                    "gl",
                    0.0004045329988002777
                ],
                [
                    "ne",
                    0.00036488057230599225
                ],
                [
                    "ml",
                    0.0003623997909016907
                ],
                [
                    "is",
                    0.0003576131712179631
                ],
                [
                    "lv",
                    0.0003437599225435406
                ],
                [
                    "yi",
                    0.00034087421954609454
                ],
                [
                    "oc",
                    0.0003314774658065289
                ],
                [
                    "lo",
                    0.0003035457630176097
                ],
                [
                    "ht",
                    0.00027735193725675344
                ],
                [
                    "be",
                    0.0002712463610805571
                ],
                [
                    "sl",
                    0.0002620423911139369
                ],
                [
                    "bs",
                    0.0002505060110706836
                ],
                [
                    "lt",
                    0.0002212231484008953
                ],
                [
                    "et",
                    0.00018976342107634991
                ],
                [
                    "kk",
                    0.00018735419143922627
                ],
                [
                    "fa",
