{
    "path": "/Users/cindyzhang/YouLingo/video_analysis/sampled_videos_subset/193_video.mp4",
    "audio_path": "video_analysis/sampled_audios_subset/193_video_audio.wav",
    "language": "en",
    "length_sec": 43.07,
    "vad_duration_sec": 41.5138125,
    "total_segment_length_sec": 0.0,
    "word_count": -1,
    "tokens": [],
    "types": [],
    "mean_sentence_length_words": -1.0,
    "wpm": -1,
    "spm": -1,
    "average_ptr": -1,
    "transcript_text": "",
    "transcript": {
        "segments": [],
        "info": {
            "language": "en",
            "duration": 43.0498125,
            "duration_after_vad": 41.5138125,
            "language_probability": 0.7864041924476624,
            "all_language_probs": [
                [
                    "en",
                    0.7864041924476624
                ],
                [
                    "ko",
                    0.05642154812812805
                ],
                [
                    "ru",
                    0.026854179799556732
                ],
                [
                    "pt",
                    0.02018061652779579
                ],
                [
                    "de",
                    0.012392976321280003
                ],
                [
                    "fr",
                    0.010764822363853455
                ],
                [
                    "ja",
                    0.009584114886820316
                ],
                [
                    "zh",
                    0.008460581302642822
                ],
                [
                    "es",
                    0.007592272944748402
                ],
                [
                    "cy",
                    0.00613382738083601
                ],
                [
                    "nl",
                    0.00505153788253665
                ],
                [
                    "nn",
                    0.004052367992699146
                ],
                [
                    "pl",
                    0.0032389431726187468
                ],
                [
                    "km",
                    0.0032074120827019215
                ],
                [
                    "it",
                    0.0031523387879133224
                ],
                [
                    "sv",
                    0.002715550595894456
                ],
                [
                    "la",
                    0.002459465991705656
                ],
                [
                    "jw",
                    0.0023426238913089037
                ],
                [
                    "ar",
                    0.002210969803854823
                ],
                [
                    "haw",
                    0.00181791209615767
                ],
                [
                    "tr",
                    0.001750983763486147
                ],
                [
                    "el",
                    0.0016729080816730857
                ],
                [
                    "sn",
                    0.0016419520834460855
                ],
                [
                    "hu",
                    0.001533393980935216
                ],
                [
                    "mi",
                    0.001158892409875989
                ],
                [
                    "th",
                    0.0010944624664261937
                ],
                [
                    "no",
                    0.0010468981927260756
                ],
                [
                    "da",
                    0.001043560798279941
                ],
                [
                    "hi",
                    0.0010332459351047873
                ],
                [
                    "tl",
                    0.0010217265225946903
                ],
                [
                    "vi",
                    0.0009408915066160262
                ],
                [
                    "fi",
                    0.0009076163987629116
                ],
                [
                    "cs",
                    0.0006638782215304673
                ],
                [
                    "ta",
                    0.0006524697528220713
                ],
                [
                    "ro",
                    0.000559439358767122
                ],
                [
                    "ca",
                    0.0005426275893114507
                ],
                [
                    "te",
                    0.0005149974604137242
                ],
                [
                    "uk",
                    0.0004971307353116572
                ],
                [
                    "ms",
                    0.0004311060765758157
                ],
                [
                    "br",
                    0.00042202207259833813
                ],
                [
                    "is",
                    0.00035974360071122646
                ],
                [
                    "yo",
                    0.00033490563509985805
                ],
                [
                    "si",
                    0.0003056906280107796
                ],
                [
                    "ml",
                    0.0003009938227478415
                ],
                [
                    "ur",
                    0.0002719102194532752
                ],
                [
                    "id",
                    0.00026907166466116905
                ],
                [
                    "be",
                    0.0002363149542361498
                ],
                [
                    "hr",
                    0.00022481585619971156
                ],
                [
                    "eu",
                    0.0002204355550929904
                ],
                [
                    "ht",
                    0.0002164933830499649
                ],
                [
                    "sl",
                    0.0002052525378530845
                ],
                [
                    "he",
                    0.00020369932462926954
                ],
                [
                    "bn",
                    0.00019266671733930707
                ],
                [
                    "lv",
                    0.00019142424571327865
                ],
                [
                    "sw",
                    0.00018939193978440017
                ],
                [
                    "bs",
                    0.0001779389858711511
                ],
                [
                    "sa",
                    0.00017398022464476526
                ],
                [
                    "fa",
                    0.00017373499576933682
                ],
                [
                    "yi",
                    0.00017368678527418524
                ],
                [
                    "sk",
                    0.00013762035814579576
                ],
                [
                    "ne",
                    0.00011542757420102134
                ],
                [
                    "gl",
                    0.00010665404261089861
                ],
                [
                    "my",
                    0.00010307672346243635
                ],
                [
                    "mn",
                    9.537221194477752e-05
                ],
                [
                    "fo",
                    9.295967902289703e-05
                ],
                [
                    "oc",
                    8.985985914478078e-05
                ],
                [
                    "bg",
                    8.773925219429657e-05
                ],
                [
                    "af",
                    6.971939728828147e-05
                ],
                [
                    "et",
                    6.950018723728135e-05
                ],
                [
