{
    "path": "/Users/cindyzhang/YouLingo/video_analysis/sampled_videos_subset/201_video.mp4",
    "audio_path": "video_analysis/sampled_audios_subset/201_video_audio.wav",
    "language": "en",
    "length_sec": 28.79,
    "vad_duration_sec": 15.488,
    "total_segment_length_sec": 0.0,
    "word_count": -1,
    "tokens": [],
    "types": [],
    "mean_sentence_length_words": -1.0,
    "wpm": -1,
    "spm": -1,
    "average_ptr": -1,
    "transcript_text": "",
    "transcript": {
        "segments": [],
        "info": {
            "language": "en",
            "duration": 28.7709375,
            "duration_after_vad": 15.488,
            "language_probability": 0.9087201356887817,
            "all_language_probs": [
                [
                    "en",
                    0.9087201356887817
                ],
                [
                    "la",
                    0.03637619689106941
                ],
                [
                    "ja",
                    0.005320826545357704
                ],
                [
                    "jw",
                    0.0037725346628576517
                ],
                [
                    "es",
                    0.0033986971247941256
                ],
                [
                    "nn",
                    0.0033375597558915615
                ],
                [
                    "cy",
                    0.0031343516893684864
                ],
                [
                    "de",
                    0.0030785624403506517
                ],
                [
                    "pt",
                    0.00285393581725657
                ],
                [
                    "fr",
                    0.0028507451061159372
                ],
                [
                    "it",
                    0.00244963844306767
                ],
                [
                    "ru",
                    0.0024452432990074158
                ],
                [
                    "haw",
                    0.0018395123770460486
                ],
                [
                    "ar",
                    0.0018169530667364597
                ],
                [
                    "km",
                    0.0017764720832929015
                ],
                [
                    "tr",
                    0.0016247997991740704
                ],
                [
                    "pl",
                    0.0013552232412621379
                ],
                [
                    "ko",
                    0.001337602618150413
                ],
                [
                    "hi",
                    0.0010627626907080412
                ],
                [
                    "ml",
                    0.0008995934622362256
                ],
                [
                    "zh",
                    0.0008707167580723763
                ],
                [
                    "ur",
                    0.0007704234449192882
                ],
                [
                    "sa",
                    0.0007420509937219322
                ],
                [
                    "el",
                    0.000671291840262711
                ],
                [
                    "hu",
                    0.0005825802800245583
                ],
                [
                    "nl",
                    0.0005792020820081234
                ],
                [
                    "th",
                    0.000570598291233182
                ],
                [
                    "te",
                    0.0005037309019826353
                ],
                [
                    "br",
                    0.0004888299736194313
                ],
                [
                    "fi",
                    0.00042641794425435364
                ],
                [
                    "vi",
                    0.00031949474941939116
                ],
                [
                    "ta",
                    0.00031643908005207777
                ],
                [
                    "tl",
                    0.0003015396650880575
                ],
                [
                    "sv",
                    0.0003009343345183879
                ],
                [
                    "si",
                    0.00028938252944499254
                ],
                [
                    "ms",
                    0.00022495906159747392
                ],
                [
                    "cs",
                    0.00021359066886361688
                ],
                [
                    "id",
                    0.00019800041627604514
                ],
                [
                    "bn",
                    0.00018233887385576963
                ],
                [
                    "sn",
                    0.00016649789176881313
                ],
                [
                    "gl",
                    0.00015213828010018915
                ],
                [
                    "mi",
                    0.00011862460087286308
                ],
                [
                    "sl",
                    0.0001150231619249098
                ],
                [
                    "fa",
                    0.00010241040581604466
                ],
                [
                    "eu",
                    7.939319038996473e-05
                ],
                [
                    "ca",
                    7.715531683061272e-05
                ],
                [
                    "ro",
                    7.458534673787653e-05
                ],
                [
                    "no",
                    7.317239214899018e-05
                ],
                [
                    "da",
                    7.003264909144491e-05
                ],
                [
                    "uk",
                    6.75769115332514e-05
                ],
                [
                    "bo",
                    6.394838419510052e-05
                ],
                [
                    "is",
                    5.941706331213936e-05
                ],
                [
                    "he",
                    5.275649527902715e-05
                ],
                [
                    "af",
                    5.2108207455603406e-05
                ],
                [
                    "bs",
                    4.98889057780616e-05
                ],
                [
                    "mn",
                    4.832282502320595e-05
                ],
                [
                    "yi",
                    4.6217028284445405e-05
                ],
                [
                    "bg",
                    3.9722137444186956e-05
                ],
                [
                    "my",
                    3.8061531085986644e-05
                ],
                [
                    "hr",
                    3.650305370683782e-05
                ],
                [
                    "yo",
                    3.397381442482583e-05
                ],
                [
                    "lv",
                    3.3030955819413066e-05
                ],
                [
                    "sr",
                    3.252016176702455e-05
                ],
                [
                    "sk",
                    3.0326318665174767e-05
                ],
                [
                    "oc",
                    2.9672275559278205e-05
                ],
                [
                    "sw",
                    2.522562863305211e-05
                ],
                [
                    "fo",
                    2.5040542823262513e-05
                ],
                [
                    "ne",
                    2.1417739844764583e-05
                ],
                [
                    "ht",
                    2.0591032807715237e-05
                ],
                [
