{
    "path": "/Users/cindyzhang/YouLingo/video_analysis/sampled_videos_subset/205_video.mp4",
    "audio_path": "video_analysis/sampled_audios_subset/205_video_audio.wav",
    "language": "he",
    "length_sec": 10.88,
    "vad_duration_sec": 10.8915625,
    "total_segment_length_sec": 0.0,
    "word_count": -1,
    "tokens": [],
    "types": [],
    "mean_sentence_length_words": -1.0,
    "wpm": -1,
    "spm": -1,
    "average_ptr": -1,
    "transcript_text": "",
    "transcript": {
        "segments": [],
        "info": {
            "language": "he",
            "duration": 10.8915625,
            "duration_after_vad": 10.8915625,
            "language_probability": 0.2552773654460907,
            "all_language_probs": [
                [
                    "he",
                    0.2552773654460907
                ],
                [
                    "ar",
                    0.22582808136940002
                ],
                [
                    "fr",
                    0.17946691811084747
                ],
                [
                    "el",
                    0.1272401064634323
                ],
                [
                    "en",
                    0.03458007425069809
                ],
                [
                    "br",
                    0.03171923756599426
                ],
                [
                    "de",
                    0.01562444120645523
                ],
                [
                    "oc",
                    0.014070414938032627
                ],
                [
                    "es",
                    0.009647232480347157
                ],
                [
                    "nl",
                    0.009131647646427155
                ],
                [
                    "fa",
                    0.008883684873580933
                ],
                [
                    "ru",
                    0.008881007321178913
                ],
                [
                    "yi",
                    0.008226477541029453
                ],
                [
                    "la",
                    0.006643123459070921
                ],
                [
                    "nn",
                    0.004692887421697378
                ],
                [
                    "haw",
                    0.00445494893938303
                ],
                [
                    "pl",
                    0.0038092879112809896
                ],
                [
                    "yo",
                    0.0030509401112794876
                ],
                [
                    "it",
                    0.002999271731823683
                ],
                [
                    "ht",
                    0.0023665810003876686
                ],
                [
                    "eu",
                    0.002265967195853591
                ],
                [
                    "cy",
                    0.0022426454816013575
                ],
                [
                    "ja",
                    0.0021638593170791864
                ],
                [
                    "ro",
                    0.002152847358956933
                ],
                [
                    "sw",
                    0.0019821745809167624
                ],
                [
                    "pt",
                    0.001954144099727273
                ],
                [
                    "jw",
                    0.0018958266591653228
                ],
                [
                    "hy",
                    0.001805861247703433
                ],
                [
                    "ka",
                    0.0017194548854604363
                ],
                [
                    "tr",
                    0.0015220530331134796
                ],
                [
                    "sn",
                    0.0014202133752405643
                ],
                [
                    "zh",
                    0.0013910215348005295
                ],
                [
                    "da",
                    0.0012925504706799984
                ],
                [
                    "gl",
                    0.0010904512600973248
                ],
                [
                    "is",
                    0.0010754528921097517
                ],
                [
                    "uk",
                    0.0010095365578308702
                ],
                [
                    "bn",
                    0.0009434797102585435
                ],
                [
                    "sq",
                    0.0009344636928290129
                ],
                [
                    "tl",
                    0.0009226964903064072
                ],
                [
                    "sv",
                    0.0008682645275257528
                ],
                [
                    "ln",
                    0.0008444724371656775
                ],
                [
                    "ps",
                    0.0008138137054629624
                ],
                [
                    "ca",
                    0.0008099852711893618
                ],
                [
                    "sl",
                    0.0006865424220450222
                ],
                [
                    "ur",
                    0.000684007303789258
                ],
                [
                    "af",
                    0.0006394956726580858
                ],
                [
                    "mt",
                    0.0005597138660959899
                ],
                [
                    "mi",
                    0.0005041452823206782
                ],
                [
                    "no",
                    0.0004759328730870038
                ],
                [
                    "sa",
                    0.0004237853572703898
                ],
                [
                    "ko",
                    0.00040625507244840264
                ],
                [
                    "my",
                    0.0003880337462760508
                ],
                [
                    "ms",
                    0.00036831432953476906
                ],
                [
                    "mn",
                    0.00036373306647874415
                ],
                [
                    "be",
                    0.00035280032898299396
                ],
                [
                    "bo",
                    0.0003168409166391939
                ],
                [
                    "vi",
                    0.00031408650102093816
                ],
                [
                    "lt",
                    0.00028832038515247405
                ],
                [
                    "kk",
                    0.0002810309233609587
                ],
                [
                    "km",
                    0.00026419098139740527
                ],
                [
                    "hu",
                    0.00026255263946950436
                ],
                [
                    "az",
                    0.00025958401965908706
                ],
                [
                    "bg",
                    0.0002508835750631988
                ],
                [
                    "lv",
                    0.0001866576203610748
                ],
                [
                    "hr",
                    0.00018568705127108842
                ],
                [
                    "hi",
                    0.00017198377463500947
                ],
                [
                    "fo",
                    0.00016317007248289883
                ],
                [
                    "am",
                    0.00014388324052561074
                ],
                [
                    "cs",
                    0.00013925852545071393
                ],
                [
