{
    "path": "/Users/cindyzhang/YouLingo/video_analysis/sampled_videos_subset/223_video.mp4",
    "audio_path": "video_analysis/sampled_audios_subset/223_video_audio.wav",
    "language": "en",
    "length_sec": 10.24,
    "vad_duration_sec": 9.0094375,
    "total_segment_length_sec": 0.0,
    "word_count": -1,
    "tokens": [],
    "types": [],
    "mean_sentence_length_words": -1.0,
    "wpm": -1,
    "spm": -1,
    "average_ptr": -1,
    "transcript_text": "",
    "transcript": {
        "segments": [],
        "info": {
            "language": "en",
            "duration": 10.2414375,
            "duration_after_vad": 9.0094375,
            "language_probability": 0.7551046013832092,
            "all_language_probs": [
                [
                    "en",
                    0.7551046013832092
                ],
                [
                    "haw",
                    0.04715219885110855
                ],
                [
                    "fr",
                    0.040199849754571915
                ],
                [
                    "pt",
                    0.017409367486834526
                ],
                [
                    "it",
                    0.016590619459748268
                ],
                [
                    "la",
                    0.014304516837000847
                ],
                [
                    "yo",
                    0.011508733034133911
                ],
                [
                    "ko",
                    0.009694079868495464
                ],
                [
                    "es",
                    0.009497679769992828
                ],
                [
                    "cy",
                    0.007958891801536083
                ],
                [
                    "ht",
                    0.007244303822517395
                ],
                [
                    "nn",
                    0.006804225500673056
                ],
                [
                    "sn",
                    0.0039042611606419086
                ],
                [
                    "mi",
                    0.003883673343807459
                ],
                [
                    "ja",
                    0.0035909749567508698
                ],
                [
                    "km",
                    0.0032834031153470278
                ],
                [
                    "sw",
                    0.003189550945535302
                ],
                [
                    "jw",
                    0.00314510939642787
                ],
                [
                    "el",
                    0.002681003650650382
                ],
                [
                    "br",
                    0.0025573947932571173
                ],
                [
                    "ro",
                    0.0020247565116733313
                ],
                [
                    "da",
                    0.0017090680776163936
                ],
                [
                    "ru",
                    0.0016514821909368038
                ],
                [
                    "ar",
                    0.0015579150058329105
                ],
                [
                    "pl",
                    0.0015047733904793859
                ],
                [
                    "de",
                    0.001447685295715928
                ],
                [
                    "tr",
                    0.0012352007906883955
                ],
                [
                    "tl",
                    0.0011431151069700718
                ],
                [
                    "zh",
                    0.0011268726084381342
                ],
                [
                    "vi",
                    0.0010533841559663415
                ],
                [
                    "yi",
                    0.000952966685872525
                ],
                [
                    "te",
                    0.0008734427974559367
                ],
                [
                    "ta",
                    0.0008626669878140092
                ],
                [
                    "my",
                    0.0008534666849300265
                ],
                [
                    "si",
                    0.0008010286255739629
                ],
                [
                    "bn",
                    0.0007915650494396687
                ],
                [
                    "bs",
                    0.0007184635032899678
                ],
                [
                    "th",
                    0.0006738650845363736
                ],
                [
                    "hr",
                    0.0006527812220156193
                ],
                [
                    "fa",
                    0.0006520923925563693
                ],
                [
                    "he",
                    0.00053197774104774
                ],
                [
                    "nl",
                    0.000506016833242029
                ],
                [
                    "sl",
                    0.0004828296951018274
                ],
                [
                    "hi",
                    0.00048259124741889536
                ],
                [
                    "sv",
                    0.00040281881229020655
                ],
                [
                    "fo",
                    0.0003565952938515693
                ],
                [
                    "oc",
                    0.00031969769042916596
                ],
                [
                    "ms",
                    0.00030062635778449476
                ],
                [
                    "af",
                    0.00028394992114044726
                ],
                [
                    "no",
                    0.00027562081231735647
                ],
                [
                    "ne",
                    0.00026945440913550556
                ],
                [
                    "ur",
                    0.0002674477582331747
                ],
                [
                    "mn",
                    0.00025556038599461317
                ],
                [
                    "gl",
                    0.0002524936862755567
                ],
                [
                    "ml",
                    0.00023476019850932062
                ],
                [
                    "uk",
                    0.0002303761284565553
                ],
                [
                    "bo",
                    0.00021608590031974018
                ],
                [
                    "sa",
                    0.0001957277418114245
                ],
                [
                    "fi",
                    0.00016151551972143352
                ],
                [
                    "is",
                    0.00016014723223634064
                ],
                [
                    "ca",
                    0.0001530806184746325
                ],
                [
                    "hu",
                    0.0001383634371450171
                ],
                [
                    "cs",
                    0.00013801603927277029
                ],
                [
                    "id",
                    0.00013724334712605923
                ],
                [
                    "ka",
                    0.0001126257557189092
                ],
                [
                    "eu",
                    0.00011151816579513252
                ],
                [
                    "ln",
                    0.00011081749835284427
                ],
                [
                    "bg",
                    9.922026947606355e-05
                ],
                [
                    "sd",
                    7.815700519131497e-05
                ],
                [
