{
    "path": "/Users/cindyzhang/YouLingo/video_analysis/sampled_videos_subset/229_video.mp4",
    "audio_path": "video_analysis/sampled_audios_subset/229_video_audio.wav",
    "language": "pt",
    "length_sec": 13.13,
    "vad_duration_sec": 2.496,
    "total_segment_length_sec": 0.0,
    "word_count": -1,
    "tokens": [],
    "types": [],
    "mean_sentence_length_words": -1.0,
    "wpm": -1,
    "spm": -1,
    "average_ptr": -1,
    "transcript_text": "",
    "transcript": {
        "segments": [],
        "info": {
            "language": "pt",
            "duration": 13.0960625,
            "duration_after_vad": 2.496,
            "language_probability": 0.27330896258354187,
            "all_language_probs": [
                [
                    "pt",
                    0.27330896258354187
                ],
                [
                    "en",
                    0.22128084301948547
                ],
                [
                    "ru",
                    0.09033313393592834
                ],
                [
                    "ja",
                    0.07437130063772202
                ],
                [
                    "es",
                    0.04895003139972687
                ],
                [
                    "hu",
                    0.024305343627929688
                ],
                [
                    "uk",
                    0.02207881025969982
                ],
                [
                    "jw",
                    0.017117997631430626
                ],
                [
                    "la",
                    0.014637261629104614
                ],
                [
                    "hr",
                    0.012844971381127834
                ],
                [
                    "it",
                    0.01259476039558649
                ],
                [
                    "cs",
                    0.011921023018658161
                ],
                [
                    "pl",
                    0.011544535867869854
                ],
                [
                    "ro",
                    0.011336739175021648
                ],
                [
                    "ko",
                    0.010274956934154034
                ],
                [
                    "fi",
                    0.010173222050070763
                ],
                [
                    "ca",
                    0.009766367264091969
                ],
                [
                    "haw",
                    0.008431604132056236
                ],
                [
                    "zh",
                    0.008239170536398888
                ],
                [
                    "km",
                    0.007469759788364172
                ],
                [
                    "nn",
                    0.007391498424112797
                ],
                [
                    "el",
                    0.0070374696515500546
                ],
                [
                    "de",
                    0.005928590893745422
                ],
                [
                    "lv",
                    0.005542897153645754
                ],
                [
                    "bs",
                    0.004306626971811056
                ],
                [
                    "sv",
                    0.004078723955899477
                ],
                [
                    "cy",
                    0.004031847231090069
                ],
                [
                    "sk",
                    0.0038488414138555527
                ],
                [
                    "tr",
                    0.0034093186259269714
                ],
                [
                    "lt",
                    0.003328935243189335
                ],
                [
                    "eu",
                    0.0031693114433437586
                ],
                [
                    "fr",
                    0.0030984999611973763
                ],
                [
                    "mi",
                    0.0022281643468886614
                ],
                [
                    "bg",
                    0.0022233512718230486
                ],
                [
                    "he",
                    0.0021786701399832964
                ],
                [
                    "te",
                    0.002177716698497534
                ],
                [
                    "be",
                    0.0019275578670203686
                ],
                [
                    "sr",
                    0.0019215167267248034
                ],
                [
                    "sl",
                    0.0019168512662872672
                ],
                [
                    "id",
                    0.001747483154758811
                ],
                [
                    "nl",
                    0.0017281969776377082
                ],
                [
                    "hi",
                    0.001690476667135954
                ],
                [
                    "sn",
                    0.001662605907768011
                ],
                [
                    "sa",
                    0.0016612025210633874
                ],
                [
                    "ar",
                    0.001422953326255083
                ],
                [
                    "vi",
                    0.0012822248972952366
                ],
                [
                    "si",
                    0.0012786432635039091
                ],
                [
                    "no",
                    0.0012744534760713577
                ],
                [
                    "tl",
                    0.0011742899660021067
                ],
                [
                    "yi",
                    0.0011231107637286186
                ],
                [
                    "da",
                    0.001058983150869608
                ],
                [
                    "br",
                    0.0009881936712190509
                ],
                [
                    "my",
                    0.0009306493448093534
                ],
                [
                    "is",
                    0.0009298549266532063
                ],
                [
                    "yo",
                    0.0008693381096236408
                ],
                [
                    "th",
                    0.0006937487632967532
                ],
                [
                    "oc",
                    0.0006752798217348754
                ],
                [
                    "ms",
                    0.000612706586252898
                ],
                [
                    "gl",
                    0.0005887960433028638
                ],
                [
                    "ta",
                    0.0005279662436805665
                ],
                [
                    "fo",
                    0.00045473751379176974
                ],
                [
                    "ka",
                    0.0004221861599944532
                ],
                [
                    "bo",
                    0.0003873069363180548
                ],
                [
                    "bn",
                    0.00036972155794501305
                ],
                [
                    "sq",
                    0.00033014354994520545
                ],
                [
                    "et",
                    0.00032461254158988595
                ],
                [
                    "az",
                    0.00031742738792672753
                ],
                [
                    "mn",
                    0.00031388201750814915
                ],
                [
                    "ur",
                    0.0002768273407127708
                ],
                [
                    "fa",
