{
    "path": "/Users/cindyzhang/YouLingo/video_analysis/sampled_videos_subset/234_video.mp4",
    "audio_path": "video_analysis/sampled_audios_subset/234_video_audio.wav",
    "language": "en",
    "length_sec": 14.3,
    "vad_duration_sec": 1.024,
    "total_segment_length_sec": 0.0,
    "word_count": -1,
    "tokens": [],
    "types": [],
    "mean_sentence_length_words": -1.0,
    "wpm": -1,
    "spm": -1,
    "average_ptr": -1,
    "transcript_text": "",
    "transcript": {
        "segments": [],
        "info": {
            "language": "en",
            "duration": 14.2816875,
            "duration_after_vad": 1.024,
            "language_probability": 0.2980729639530182,
            "all_language_probs": [
                [
                    "en",
                    0.2980729639530182
                ],
                [
                    "de",
                    0.18226204812526703
                ],
                [
                    "nl",
                    0.06598683446645737
                ],
                [
                    "it",
                    0.050162043422460556
                ],
                [
                    "ru",
                    0.04679194092750549
                ],
                [
                    "pt",
                    0.04292280972003937
                ],
                [
                    "pl",
                    0.029226239770650864
                ],
                [
                    "es",
                    0.027494318783283234
                ],
                [
                    "nn",
                    0.022634010761976242
                ],
                [
                    "zh",
                    0.022194111719727516
                ],
                [
                    "fr",
                    0.01946835406124592
                ],
                [
                    "ja",
                    0.01496304851025343
                ],
                [
                    "ko",
                    0.014673301950097084
                ],
                [
                    "la",
                    0.013794995844364166
                ],
                [
                    "cy",
                    0.012781570665538311
                ],
                [
                    "sv",
                    0.012038854882121086
                ],
                [
                    "tr",
                    0.011745627969503403
                ],
                [
                    "ar",
                    0.009719005785882473
                ],
                [
                    "hi",
                    0.008955463767051697
                ],
                [
                    "cs",
                    0.007090748753398657
                ],
                [
                    "hu",
                    0.006741795688867569
                ],
                [
                    "el",
                    0.005273932125419378
                ],
                [
                    "sl",
                    0.005031226202845573
                ],
                [
                    "fi",
                    0.004879841580986977
                ],
                [
                    "uk",
                    0.004413205198943615
                ],
                [
                    "no",
                    0.004405518528074026
                ],
                [
                    "he",
                    0.003849912201985717
                ],
                [
                    "ro",
                    0.003586104139685631
                ],
                [
                    "bg",
                    0.003450515680015087
                ],
                [
                    "ca",
                    0.003220310201868415
                ],
                [
                    "hr",
                    0.0028096348978579044
                ],
                [
                    "da",
                    0.0026746238581836224
                ],
                [
                    "jw",
                    0.0024160631000995636
                ],
                [
                    "ur",
                    0.002321279374882579
                ],
                [
                    "bs",
                    0.0021173658315092325
                ],
                [
                    "vi",
                    0.0017558552790433168
                ],
                [
                    "haw",
                    0.0016096491599455476
                ],
                [
                    "ms",
                    0.001526283216662705
                ],
                [
                    "sk",
                    0.0015142366755753756
                ],
                [
                    "ml",
                    0.0013676205417141318
                ],
                [
                    "br",
                    0.0013395219575613737
                ],
                [
                    "mi",
                    0.0012972077820450068
                ],
                [
                    "lv",
                    0.0012823002180084586
                ],
                [
                    "ta",
                    0.0011893328046426177
                ],
                [
                    "km",
                    0.00118059734813869
                ],
                [
                    "gl",
                    0.001072457991540432
                ],
                [
                    "id",
                    0.0010424589272588491
                ],
                [
                    "sa",
                    0.0008618304273113608
                ],
                [
                    "te",
                    0.0008273848216049373
                ],
                [
                    "tl",
                    0.0007528038113377988
                ],
                [
                    "th",
                    0.0007090995204634964
                ],
                [
                    "si",
                    0.000703869853168726
                ],
                [
                    "sr",
                    0.0006414898089133203
                ],
                [
                    "fa",
                    0.000619540165644139
                ],
                [
                    "lt",
                    0.000581410015001893
                ],
                [
                    "sn",
                    0.0005634939298033714
                ],
                [
                    "eu",
                    0.0005422630347311497
                ],
                [
                    "af",
                    0.0005368483252823353
                ],
                [
                    "yi",
                    0.0004701796860899776
                ],
                [
                    "sq",
                    0.00046679575461894274
                ],
                [
                    "bn",
                    0.00045254355063661933
                ],
                [
                    "mn",
                    0.000430904736276716
                ],
                [
                    "bo",
                    0.00041877871262840927
                ],
                [
                    "oc",
                    0.00039968336932361126
                ],
                [
                    "my",
                    0.00036196233122609556
                ],
                [
                    "az",
                    0.00033682980574667454
                ],
                [
                    "is",
                    0.00032214756356552243
                ],
                [
                    "et",
                    0.00027464531012810767
                ],
                [
                    "fo",
                    0.0002528010809328407
                ],
                [
                    "be",
