{
    "path": "/Users/cindyzhang/YouLingo/video_analysis/sampled_videos_subset/239_video.mp4",
    "audio_path": "video_analysis/sampled_audios_subset/239_video_audio.wav",
    "language": "ta",
    "length_sec": 7.61,
    "vad_duration_sec": 7.5696875,
    "total_segment_length_sec": 0.0,
    "word_count": -1,
    "tokens": [],
    "types": [],
    "mean_sentence_length_words": -1.0,
    "wpm": -1,
    "spm": -1,
    "average_ptr": -1,
    "transcript_text": "",
    "transcript": {
        "segments": [],
        "info": {
            "language": "ta",
            "duration": 7.5696875,
            "duration_after_vad": 7.5696875,
            "language_probability": 0.4717769920825958,
            "all_language_probs": [
                [
                    "ta",
                    0.4717769920825958
                ],
                [
                    "ml",
                    0.34782078862190247
                ],
                [
                    "en",
                    0.06289801001548767
                ],
                [
                    "kn",
                    0.032110124826431274
                ],
                [
                    "hi",
                    0.023731248453259468
                ],
                [
                    "te",
                    0.023346424102783203
                ],
                [
                    "si",
                    0.005941296927630901
                ],
                [
                    "mr",
                    0.004432010930031538
                ],
                [
                    "pa",
                    0.004168903920799494
                ],
                [
                    "ne",
                    0.002856986364349723
                ],
                [
                    "fi",
                    0.002317130332812667
                ],
                [
                    "es",
                    0.0019655744545161724
                ],
                [
                    "sa",
                    0.001641549519263208
                ],
                [
                    "bn",
                    0.0015495754778385162
                ],
                [
                    "nn",
                    0.0015463049057871103
                ],
                [
                    "jw",
                    0.0012439301935955882
                ],
                [
                    "fr",
                    0.0011480706743896008
                ],
                [
                    "gu",
                    0.00114431360270828
                ],
                [
                    "ur",
                    0.0010125520639121532
                ],
                [
                    "ja",
                    0.0009895028779283166
                ],
                [
                    "tl",
                    0.0009626792161725461
                ],
                [
                    "de",
                    0.0006563796778209507
                ],
                [
                    "ko",
                    0.0006238535861484706
                ],
                [
                    "la",
                    0.00038661694270558655
                ],
                [
                    "tr",
                    0.00032356070005334914
                ],
                [
                    "th",
                    0.0002810847945511341
                ],
                [
                    "cs",
                    0.0002795762848109007
                ],
                [
                    "id",
                    0.00025089801056310534
                ],
                [
                    "km",
                    0.00023928757582325488
                ],
                [
                    "ms",
                    0.00017438185750506818
                ],
                [
                    "ar",
                    0.00015920134319458157
                ],
                [
                    "ru",
                    0.00015137747686821967
                ],
                [
                    "no",
                    0.00012856775720138103
                ],
                [
                    "et",
                    0.00012796981900464743
                ],
                [
                    "sd",
                    0.00012382271233946085
                ],
                [
                    "da",
                    0.00012312325998209417
                ],
                [
                    "it",
                    0.00011542426364030689
                ],
                [
                    "sv",
                    0.00010772543464554474
                ],
                [
                    "is",
                    9.073787805391476e-05
                ],
                [
                    "nl",
                    9.00366430869326e-05
                ],
                [
                    "haw",
                    8.096982492133975e-05
                ],
                [
                    "el",
                    7.162215479183942e-05
                ],
                [
                    "as",
                    6.374552322085947e-05
                ],
                [
                    "eu",
                    5.81019812671002e-05
                ],
                [
                    "lv",
                    5.337069524102844e-05
                ],
                [
                    "cy",
                    5.109713674755767e-05
                ],
                [
                    "lt",
                    4.974496550858021e-05
                ],
                [
                    "pt",
                    4.835159779759124e-05
                ],
                [
                    "zh",
                    4.0365190216107294e-05
                ],
                [
                    "hr",
                    3.927618308807723e-05
                ],
                [
                    "am",
                    3.8977890653768554e-05
                ],
                [
                    "ca",
                    2.7029596822103485e-05
                ],
                [
                    "bo",
                    2.6560976039036177e-05
                ],
                [
                    "af",
                    2.3050070012686774e-05
                ],
                [
                    "sk",
                    2.250660691061057e-05
                ],
                [
                    "ps",
                    1.6612448234809563e-05
                ],
                [
                    "hu",
                    1.5697989510954358e-05
                ],
                [
                    "mn",
                    1.4052276128495578e-05
                ],
                [
                    "bs",
                    1.3959524949314073e-05
                ],
                [
                    "he",
                    1.3827846487401985e-05
                ],
                [
                    "sl",
                    1.26601353258593e-05
                ],
                [
                    "pl",
                    1.2623821930901613e-05
                ],
                [
                    "vi",
                    1.142948713095393e-05
                ],
                [
                    "bg",
                    1.0962620763166342e-05
                ],
                [
                    "sn",
                    1.063488616637187e-05
                ],
                [
                    "sr",
                    9.932923603628296e-06
                ],
                [
                    "gl",
                    9.865705578704365e-06
                ],
                [
                    "my",
                    9.781399057828821e-06
                ],
                [
                    "ro",
                    9.243416570825502e-06
                ],
                [
