{
    "path": "/Users/cindyzhang/YouLingo/video_analysis/sampled_videos_subset/23_video.mp4",
    "audio_path": "video_analysis/sampled_audios_subset/23_video_audio.wav",
    "language": "en",
    "length_sec": 8.67,
    "vad_duration_sec": 1.5744375,
    "total_segment_length_sec": 0.0,
    "word_count": -1,
    "tokens": [],
    "types": [],
    "mean_sentence_length_words": -1.0,
    "wpm": -1,
    "spm": -1,
    "average_ptr": -1,
    "transcript_text": "",
    "transcript": {
        "segments": [],
        "info": {
            "language": "en",
            "duration": 8.6624375,
            "duration_after_vad": 1.5744375,
            "language_probability": 0.7006186246871948,
            "all_language_probs": [
                [
                    "en",
                    0.7006186246871948
                ],
                [
                    "zh",
                    0.05640045553445816
                ],
                [
                    "ko",
                    0.04103126749396324
                ],
                [
                    "ja",
                    0.034502167254686356
                ],
                [
                    "ru",
                    0.016785454005002975
                ],
                [
                    "es",
                    0.01244305819272995
                ],
                [
                    "nl",
                    0.009934179484844208
                ],
                [
                    "pt",
                    0.009590240195393562
                ],
                [
                    "hi",
                    0.009073511697351933
                ],
                [
                    "nn",
                    0.008764450438320637
                ],
                [
                    "th",
                    0.008366527035832405
                ],
                [
                    "fr",
                    0.007806839887052774
                ],
                [
                    "ms",
                    0.007492557168006897
                ],
                [
                    "vi",
                    0.007338450290262699
                ],
                [
                    "tr",
                    0.0060661532916128635
                ],
                [
                    "id",
                    0.006030937656760216
                ],
                [
                    "cy",
                    0.005743269342929125
                ],
                [
                    "de",
                    0.005412794183939695
                ],
                [
                    "it",
                    0.004783484153449535
                ],
                [
                    "ar",
                    0.0036266730166971684
                ],
                [
                    "pl",
                    0.0034222686663269997
                ],
                [
                    "la",
                    0.003100226866081357
                ],
                [
                    "jw",
                    0.003034762106835842
                ],
                [
                    "tl",
                    0.002539551816880703
                ],
                [
                    "haw",
                    0.00220263353548944
                ],
                [
                    "sv",
                    0.0021676267497241497
                ],
                [
                    "km",
                    0.0017126469174399972
                ],
                [
                    "fi",
                    0.001590592204593122
                ],
                [
                    "ur",
                    0.0014116440434008837
                ],
                [
                    "no",
                    0.0013917931355535984
                ],
                [
                    "ta",
                    0.0013817604631185532
                ],
                [
                    "ca",
                    0.0011942799901589751
                ],
                [
                    "hu",
                    0.0010474463924765587
                ],
                [
                    "cs",
                    0.0009376899106428027
                ],
                [
                    "te",
                    0.0008859161753207445
                ],
                [
                    "el",
                    0.0008201828459277749
                ],
                [
                    "ml",
                    0.0007981701637618244
                ],
                [
                    "mi",
                    0.0006764389108866453
                ],
                [
                    "uk",
                    0.000628872774541378
                ],
                [
                    "ro",
                    0.0005760617204941809
                ],
                [
                    "da",
                    0.0004841650079470128
                ],
                [
                    "br",
                    0.00047225525486283004
                ],
                [
                    "sa",
                    0.0003384319134056568
                ],
                [
                    "sn",
                    0.0003316687070764601
                ],
                [
                    "bn",
                    0.00031635130289942026
                ],
                [
                    "he",
                    0.00030696229077875614
                ],
                [
                    "my",
                    0.00029306975193321705
                ],
                [
                    "hr",
                    0.0002729975967667997
                ],
                [
                    "sk",
                    0.0002403144317213446
                ],
                [
                    "si",
                    0.000235210289247334
                ],
                [
                    "gl",
                    0.00022711732890456915
                ],
                [
                    "yo",
                    0.00022528694535139948
                ],
                [
                    "fa",
                    0.00022455805446952581
                ],
                [
                    "bs",
                    0.00020518478413578123
                ],
                [
                    "sl",
                    0.00019370802328921854
                ],
                [
                    "ne",
                    0.0001907245023176074
                ],
                [
                    "bo",
                    0.00017533487698528916
                ],
                [
                    "mn",
                    0.00017114410002250224
                ],
                [
                    "bg",
                    0.00015106324281077832
                ],
                [
                    "eu",
                    0.00013325588952284306
                ],
                [
                    "is",
                    0.00013254638179205358
                ],
                [
                    "be",
                    0.0001319203875027597
                ],
                [
                    "ht",
                    0.00011843087850138545
                ],
                [
                    "af",
                    8.750752749620005e-05
                ],
                [
                    "az",
                    8.347455150214955e-05
                ],
                [
                    "lv",
                    7.524112879764289e-05
                ],
                [
                    "sw",
                    7.417161396006122e-05
                ],
                [
                    "hy",
                    7.025522063486278e-05
                ],
                [
                    "fo",
                    6.545790529344231e-05
                ],
                [
