{
    "path": "/Users/cindyzhang/YouLingo/video_analysis/sampled_videos_subset/256_video.mp4",
    "audio_path": "video_analysis/sampled_audios_subset/256_video_audio.wav",
    "language": "en",
    "length_sec": 13.67,
    "vad_duration_sec": 13.653375,
    "total_segment_length_sec": 0.0,
    "word_count": -1,
    "tokens": [],
    "types": [],
    "mean_sentence_length_words": -1.0,
    "wpm": -1,
    "spm": -1,
    "average_ptr": -1,
    "transcript_text": "",
    "transcript": {
        "segments": [],
        "info": {
            "language": "en",
            "duration": 13.653375,
            "duration_after_vad": 13.653375,
            "language_probability": 0.8388929963111877,
            "all_language_probs": [
                [
                    "en",
                    0.8388929963111877
                ],
                [
                    "ko",
                    0.02989267185330391
                ],
                [
                    "pt",
                    0.02102297730743885
                ],
                [
                    "es",
                    0.01000126264989376
                ],
                [
                    "fr",
                    0.009987708181142807
                ],
                [
                    "haw",
                    0.00815325416624546
                ],
                [
                    "nl",
                    0.007204993162304163
                ],
                [
                    "ar",
                    0.005508361384272575
                ],
                [
                    "tl",
                    0.005353713873773813
                ],
                [
                    "ja",
                    0.004958889447152615
                ],
                [
                    "ru",
                    0.004321995656937361
                ],
                [
                    "yo",
                    0.0042534032836556435
                ],
                [
                    "de",
                    0.0037913727574050426
                ],
                [
                    "zh",
                    0.003536857897415757
                ],
                [
                    "tr",
                    0.0035290480591356754
                ],
                [
                    "ht",
                    0.003505995497107506
                ],
                [
                    "el",
                    0.0025140808429569006
                ],
                [
                    "sn",
                    0.0024917246773838997
                ],
                [
                    "la",
                    0.002429560525342822
                ],
                [
                    "pl",
                    0.00227619637735188
                ],
                [
                    "it",
                    0.001962797250598669
                ],
                [
                    "vi",
                    0.001850545289926231
                ],
                [
                    "jw",
                    0.001539470162242651
                ],
                [
                    "cy",
                    0.0014913545455783606
                ],
                [
                    "km",
                    0.0014373681042343378
                ],
                [
                    "yi",
                    0.001382080721668899
                ],
                [
                    "br",
                    0.0012183403596282005
                ],
                [
                    "hi",
                    0.0011618867283686996
                ],
                [
                    "nn",
                    0.0011101041454821825
                ],
                [
                    "mi",
                    0.0011095739901065826
                ],
                [
                    "he",
                    0.0009943690383806825
                ],
                [
                    "ur",
                    0.0008961462299339473
                ],
                [
                    "da",
                    0.0006654419121332467
                ],
                [
                    "ro",
                    0.0006447777268476784
                ],
                [
                    "th",
                    0.0005792475421912968
                ],
                [
                    "ms",
                    0.0005292908172123134
                ],
                [
                    "sw",
                    0.0004918887279927731
                ],
                [
                    "fa",
                    0.0004643469292204827
                ],
                [
                    "ta",
                    0.0003982746275141835
                ],
                [
                    "my",
                    0.0003685713454615325
                ],
                [
                    "sv",
                    0.00034839322324842215
                ],
                [
                    "bs",
                    0.0003111522237304598
                ],
                [
                    "no",
                    0.00030934929964132607
                ],
                [
                    "si",
                    0.0003009854699485004
                ],
                [
                    "af",
                    0.00029727185028605163
                ],
                [
                    "bn",
                    0.0002872376935556531
                ],
                [
                    "sl",
                    0.0002755862078629434
                ],
                [
                    "uk",
                    0.0002746749378275126
                ],
                [
                    "id",
                    0.00025661138352006674
                ],
                [
                    "hr",
                    0.00024466632748954
                ],
                [
                    "sa",
                    0.0002295244630658999
                ],
                [
                    "te",
                    0.00022856140276417136
                ],
                [
                    "ml",
                    0.00021310136071406305
                ],
                [
                    "bo",
                    0.00020165182650089264
                ],
                [
                    "mn",
                    0.00018377689411863685
                ],
                [
                    "bg",
                    0.00016059188055805862
                ],
                [
                    "gl",
                    0.00015428601182065904
                ],
                [
                    "fo",
                    0.00015275983605533838
                ],
                [
                    "hu",
                    0.0001253853115485981
                ],
                [
                    "oc",
                    0.00012233297456987202
                ],
                [
                    "mt",
                    0.00011426996206864715
                ],
                [
                    "is",
                    0.0001090270743588917
                ],
                [
                    "ca",
                    0.00010271794599248096
                ],
                [
                    "cs",
                    0.00010147468856303021
                ],
                [
                    "ne",
                    9.93024732451886e-05
                ],
                [
                    "sd",
                    8.830005390336737e-05
                ],
                [
                    "eu",
                    8.715414151083678e-05
                ],
                [
                    "lv",
                    6.040924563421868e-05
                ],
                [
                    "kk",
                    5.619505827780813e-05
                ],
                [
