{
    "path": "/Users/cindyzhang/YouLingo/video_analysis/sampled_videos_subset/258_video.mp4",
    "audio_path": "video_analysis/sampled_audios_subset/258_video_audio.wav",
    "language": "en",
    "length_sec": 9.43,
    "vad_duration_sec": 1.568,
    "total_segment_length_sec": 0.0,
    "word_count": -1,
    "tokens": [],
    "types": [],
    "mean_sentence_length_words": -1.0,
    "wpm": -1,
    "spm": -1,
    "average_ptr": -1,
    "transcript_text": "",
    "transcript": {
        "segments": [],
        "info": {
            "language": "en",
            "duration": 9.4273125,
            "duration_after_vad": 1.568,
            "language_probability": 0.2776971161365509,
            "all_language_probs": [
                [
                    "en",
                    0.2776971161365509
                ],
                [
                    "ja",
                    0.12463830411434174
                ],
                [
                    "jw",
                    0.06626065820455551
                ],
                [
                    "ko",
                    0.06318608671426773
                ],
                [
                    "pt",
                    0.06292799115180969
                ],
                [
                    "nn",
                    0.034759461879730225
                ],
                [
                    "it",
                    0.031501419842243195
                ],
                [
                    "zh",
                    0.028513628989458084
                ],
                [
                    "es",
                    0.027870623394846916
                ],
                [
                    "ru",
                    0.023043569177389145
                ],
                [
                    "la",
                    0.02166566625237465
                ],
                [
                    "hi",
                    0.02140108495950699
                ],
                [
                    "de",
                    0.017073435708880424
                ],
                [
                    "fr",
                    0.01507594995200634
                ],
                [
                    "cy",
                    0.013205437920987606
                ],
                [
                    "el",
                    0.01090363971889019
                ],
                [
                    "haw",
                    0.009107603691518307
                ],
                [
                    "ar",
                    0.008727412670850754
                ],
                [
                    "te",
                    0.0075603979639709
                ],
                [
                    "fi",
                    0.007553169969469309
                ],
                [
                    "th",
                    0.007348952349275351
                ],
                [
                    "tr",
                    0.007344537880271673
                ],
                [
                    "km",
                    0.006999677512794733
                ],
                [
                    "id",
                    0.006699470337480307
                ],
                [
                    "tl",
                    0.006433711852878332
                ],
                [
                    "pl",
                    0.006205985322594643
                ],
                [
                    "nl",
                    0.006144567392766476
                ],
                [
                    "ms",
                    0.005919720511883497
                ],
                [
                    "hu",
                    0.005573343485593796
                ],
                [
                    "mi",
                    0.005552403163164854
                ],
                [
                    "vi",
                    0.005125646945089102
                ],
                [
                    "cs",
                    0.004918279591947794
                ],
                [
                    "ta",
                    0.004655645694583654
                ],
                [
                    "ur",
                    0.004047399386763573
                ],
                [
                    "ro",
                    0.003923577256500721
                ],
                [
                    "br",
                    0.003226769622415304
                ],
                [
                    "uk",
                    0.0031635917257517576
                ],
                [
                    "sa",
                    0.003000205848366022
                ],
                [
                    "sn",
                    0.002996885683387518
                ],
                [
                    "sv",
                    0.0024413701612502337
                ],
                [
                    "gl",
                    0.0019424338825047016
                ],
                [
                    "ca",
                    0.0017925403080880642
                ],
                [
                    "hr",
                    0.0014602687442675233
                ],
                [
                    "si",
                    0.0014029090525582433
                ],
                [
                    "ml",
                    0.0013048683758825064
                ],
                [
                    "eu",
                    0.0010883437935262918
                ],
                [
                    "he",
                    0.0010055277962237597
                ],
                [
                    "bn",
                    0.0009449798963032663
                ],
                [
                    "sl",
                    0.00091036397498101
                ],
                [
                    "my",
                    0.0008984922897070646
                ],
                [
                    "bg",
                    0.0008005398558452725
                ],
                [
                    "mn",
                    0.000790307589340955
                ],
                [
                    "da",
                    0.0007752537494525313
                ],
                [
                    "sk",
                    0.0007557438220828772
                ],
                [
                    "yo",
                    0.0007370319799520075
                ],
                [
                    "fa",
                    0.0007265765452757478
                ],
                [
                    "no",
                    0.0006403820589184761
                ],
                [
                    "bs",
                    0.0006145311053842306
                ],
                [
                    "ne",
                    0.0005759449559263885
                ],
                [
                    "be",
                    0.0005078543908894062
                ],
                [
                    "lv",
                    0.0004966601845808327
                ],
                [
                    "oc",
                    0.00047560298116877675
                ],
                [
                    "bo",
                    0.00042022200068458915
                ],
                [
                    "fo",
                    0.00040059720049612224
                ],
                [
                    "sw",
                    0.00035396384191699326
                ],
                [
                    "yi",
                    0.00029516840004362166
                ],
                [
                    "ht",
                    0.00027884592418558896
                ],
                [
                    "sr",
                    0.0002706865197978914
                ],
                [
                    "af",
                    0.0002627681824378669
                ],
                [
                    "is",
