{
    "path": "/Users/cindyzhang/YouLingo/video_analysis/sampled_videos_subset/282_video.mp4",
    "audio_path": "video_analysis/sampled_audios_subset/282_video_audio.wav",
    "language": "en",
    "length_sec": 17.4,
    "vad_duration_sec": 11.1051875,
    "total_segment_length_sec": 0.0,
    "word_count": -1,
    "tokens": [],
    "types": [],
    "mean_sentence_length_words": -1.0,
    "wpm": -1,
    "spm": -1,
    "average_ptr": -1,
    "transcript_text": "",
    "transcript": {
        "segments": [],
        "info": {
            "language": "en",
            "duration": 17.3931875,
            "duration_after_vad": 11.1051875,
            "language_probability": 0.5308926105499268,
            "all_language_probs": [
                [
                    "en",
                    0.5308926105499268
                ],
                [
                    "ko",
                    0.09517090767621994
                ],
                [
                    "zh",
                    0.07873258739709854
                ],
                [
                    "ru",
                    0.03232436254620552
                ],
                [
                    "ja",
                    0.028157135471701622
                ],
                [
                    "jw",
                    0.024574246257543564
                ],
                [
                    "la",
                    0.024183571338653564
                ],
                [
                    "nn",
                    0.014420892111957073
                ],
                [
                    "ms",
                    0.01361843291670084
                ],
                [
                    "tr",
                    0.012156760320067406
                ],
                [
                    "haw",
                    0.0117020970210433
                ],
                [
                    "de",
                    0.0115016158670187
                ],
                [
                    "pt",
                    0.010907304473221302
                ],
                [
                    "ar",
                    0.009404908865690231
                ],
                [
                    "tl",
                    0.008439233526587486
                ],
                [
                    "hi",
                    0.008398374542593956
                ],
                [
                    "fr",
                    0.007722371723502874
                ],
                [
                    "es",
                    0.006393834017217159
                ],
                [
                    "vi",
                    0.006068982649594545
                ],
                [
                    "th",
                    0.00547432666644454
                ],
                [
                    "cy",
                    0.005406922660768032
                ],
                [
                    "pl",
                    0.004643360152840614
                ],
                [
                    "id",
                    0.004042316693812609
                ],
                [
                    "km",
                    0.003331483108922839
                ],
                [
                    "ur",
                    0.0029868092387914658
                ],
                [
                    "mi",
                    0.0022599478252232075
                ],
                [
                    "nl",
                    0.0022439993917942047
                ],
                [
                    "sv",
                    0.002102962462231517
                ],
                [
                    "sa",
                    0.0020307288505136967
                ],
                [
                    "it",
                    0.0019897217862308025
                ],
                [
                    "br",
                    0.001939225010573864
                ],
                [
                    "uk",
                    0.001882625394500792
                ],
                [
                    "te",
                    0.0016461835475638509
                ],
                [
                    "ta",
                    0.0016444622306153178
                ],
                [
                    "fi",
                    0.0014955303631722927
                ],
                [
                    "ml",
                    0.0013544597895815969
                ],
                [
                    "no",
                    0.0013263481669127941
                ],
                [
                    "sn",
                    0.0012029123026877642
                ],
                [
                    "si",
                    0.0011466804426163435
                ],
                [
                    "el",
                    0.0010780914453789592
                ],
                [
                    "ro",
                    0.001070105703547597
                ],
                [
                    "hu",
                    0.0009542574407532811
                ],
                [
                    "cs",
                    0.0006988650420680642
                ],
                [
                    "mn",
                    0.0006706686108373106
                ],
                [
                    "da",
                    0.0006082404288463295
                ],
                [
                    "bo",
                    0.0005929302424192429
                ],
                [
                    "bs",
                    0.0005777341430075467
                ],
                [
                    "sl",
                    0.000559323001652956
                ],
                [
                    "hr",
                    0.0005566190229728818
                ],
                [
                    "bn",
                    0.0005280326004140079
                ],
                [
                    "ca",
                    0.0004925164976157248
                ],
                [
                    "be",
                    0.000411538640037179
                ],
                [
                    "fo",
                    0.00040640265797264874
                ],
                [
                    "my",
                    0.0003726679424289614
                ],
                [
                    "is",
                    0.00035827778629027307
                ],
                [
                    "yo",
                    0.0003465317713562399
                ],
                [
                    "he",
                    0.0003348484169691801
                ],
                [
                    "ht",
                    0.0003311937616672367
                ],
                [
                    "fa",
                    0.0003140061744488776
                ],
                [
                    "gl",
                    0.00031073144054971635
                ],
                [
                    "yi",
                    0.0002870259922929108
                ],
                [
                    "ne",
                    0.0002520945854485035
                ],
                [
                    "af",
                    0.00024200444750022143
                ],
                [
                    "sw",
                    0.00023706522188149393
                ],
                [
                    "lv",
                    0.00023038916697259992
                ],
                [
                    "oc",
                    0.00020939887326676399
                ],
                [
                    "sk",
                    0.00019921708735637367
                ],
                [
                    "kk",
                    0.00019155204063281417
                ],
                [
                    "bg",
                    0.0001720405271044001
                ],
                [
                    "lt",
