{
    "path": "/Users/cindyzhang/YouLingo/video_analysis/sampled_videos_subset/286_video.mp4",
    "audio_path": "video_analysis/sampled_audios_subset/286_video_audio.wav",
    "language": "en",
    "length_sec": 13.25,
    "vad_duration_sec": 1.376,
    "total_segment_length_sec": 0.0,
    "word_count": -1,
    "tokens": [],
    "types": [],
    "mean_sentence_length_words": -1.0,
    "wpm": -1,
    "spm": -1,
    "average_ptr": -1,
    "transcript_text": "",
    "transcript": {
        "segments": [],
        "info": {
            "language": "en",
            "duration": 13.1425,
            "duration_after_vad": 1.376,
            "language_probability": 0.5158430337905884,
            "all_language_probs": [
                [
                    "en",
                    0.5158430337905884
                ],
                [
                    "it",
                    0.07098502665758133
                ],
                [
                    "pt",
                    0.06687920540571213
                ],
                [
                    "cy",
                    0.031962551176548004
                ],
                [
                    "vi",
                    0.028975866734981537
                ],
                [
                    "ja",
                    0.02261943183839321
                ],
                [
                    "de",
                    0.021837428212165833
                ],
                [
                    "es",
                    0.01834765262901783
                ],
                [
                    "hu",
                    0.018020544201135635
                ],
                [
                    "la",
                    0.014423311688005924
                ],
                [
                    "km",
                    0.014208612963557243
                ],
                [
                    "pl",
                    0.012512668035924435
                ],
                [
                    "hi",
                    0.01123109832406044
                ],
                [
                    "cs",
                    0.010395173914730549
                ],
                [
                    "ko",
                    0.009631427936255932
                ],
                [
                    "zh",
                    0.009217116981744766
                ],
                [
                    "tl",
                    0.007771111559122801
                ],
                [
                    "hr",
                    0.007291468326002359
                ],
                [
                    "bs",
                    0.006597254425287247
                ],
                [
                    "ar",
                    0.0065824417397379875
                ],
                [
                    "ru",
                    0.0058967722579836845
                ],
                [
                    "jw",
                    0.005081064999103546
                ],
                [
                    "fr",
                    0.004756761249154806
                ],
                [
                    "th",
                    0.0044073984026908875
                ],
                [
                    "el",
                    0.004387741442769766
                ],
                [
                    "sv",
                    0.003987543750554323
                ],
                [
                    "tr",
                    0.003980118315666914
                ],
                [
                    "nl",
                    0.0035390453413128853
                ],
                [
                    "haw",
                    0.003420913591980934
                ],
                [
                    "nn",
                    0.0032429667189717293
                ],
                [
                    "he",
                    0.0030479179695248604
                ],
                [
                    "sl",
                    0.002955800388008356
                ],
                [
                    "my",
                    0.002916020108386874
                ],
                [
                    "ro",
                    0.0027611441910266876
                ],
                [
                    "mi",
                    0.002581947948783636
                ],
                [
                    "eu",
                    0.002404567552730441
                ],
                [
                    "yo",
                    0.002376819495111704
                ],
                [
                    "no",
                    0.0019414203707128763
                ],
                [
                    "ur",
                    0.0018480351427569985
                ],
                [
                    "sn",
                    0.001781138009391725
                ],
                [
                    "da",
                    0.001750995754264295
                ],
                [
                    "lv",
                    0.0017237068386748433
                ],
                [
                    "ms",
                    0.0016957788029685616
                ],
                [
                    "uk",
                    0.0015916229458525777
                ],
                [
                    "id",
                    0.0015654019080102444
                ],
                [
                    "fi",
                    0.0015145346987992525
                ],
                [
                    "te",
                    0.0013927422696724534
                ],
                [
                    "si",
                    0.001213705400004983
                ],
                [
                    "ta",
                    0.001103373826481402
                ],
                [
                    "br",
                    0.0009401292772963643
                ],
                [
                    "fa",
                    0.0009342643315903842
                ],
                [
                    "lt",
                    0.0008591568330302835
                ],
                [
                    "bg",
                    0.000821186404209584
                ],
                [
                    "ca",
                    0.0007862242637202144
                ],
                [
                    "sk",
                    0.000777068140450865
                ],
                [
                    "sr",
                    0.0007414835854433477
                ],
                [
                    "ml",
                    0.0007144146366044879
                ],
                [
                    "sa",
                    0.0006868955679237843
                ],
                [
                    "ht",
                    0.0006786388694308698
                ],
                [
                    "yi",
                    0.0006102774641476572
                ],
                [
                    "ne",
                    0.0005321275093592703
                ],
                [
                    "bn",
                    0.0005178592400625348
                ],
                [
                    "mn",
                    0.00031901596230454743
                ],
                [
                    "bo",
                    0.0003081686154473573
                ],
                [
                    "is",
                    0.00029602728318423033
                ],
                [
                    "et",
                    0.0002829411532729864
                ],
                [
                    "oc",
                    0.0002714281145017594
                ],
                [
                    "mt",
                    0.0002530911297071725
                ],
                [
                    "pa",
                    0.00025033511337824166
                ],
                [
                    "sw",
