{
    "path": "/Users/cindyzhang/YouLingo/video_analysis/sampled_videos_subset/28_video.mp4",
    "audio_path": "video_analysis/sampled_audios_subset/28_video_audio.wav",
    "language": "en",
    "length_sec": 15.07,
    "vad_duration_sec": 10.016,
    "total_segment_length_sec": 0.0,
    "word_count": -1,
    "tokens": [],
    "types": [],
    "mean_sentence_length_words": -1.0,
    "wpm": -1,
    "spm": -1,
    "average_ptr": -1,
    "transcript_text": "",
    "transcript": {
        "segments": [],
        "info": {
            "language": "en",
            "duration": 15.0465625,
            "duration_after_vad": 10.016,
            "language_probability": 0.7691301107406616,
            "all_language_probs": [
                [
                    "en",
                    0.7691301107406616
                ],
                [
                    "cy",
                    0.08542849868535995
                ],
                [
                    "mi",
                    0.025617970153689384
                ],
                [
                    "la",
                    0.021384192630648613
                ],
                [
                    "haw",
                    0.019317902624607086
                ],
                [
                    "nn",
                    0.016693921759724617
                ],
                [
                    "nl",
                    0.0049694254994392395
                ],
                [
                    "ja",
                    0.004711090587079525
                ],
                [
                    "jw",
                    0.004478289745748043
                ],
                [
                    "de",
                    0.003944463096559048
                ],
                [
                    "pl",
                    0.003867034101858735
                ],
                [
                    "pt",
                    0.003384470706805587
                ],
                [
                    "ko",
                    0.002881469205021858
                ],
                [
                    "br",
                    0.002741701202467084
                ],
                [
                    "km",
                    0.0025033969432115555
                ],
                [
                    "fr",
                    0.002319281455129385
                ],
                [
                    "ru",
                    0.002076394623145461
                ],
                [
                    "ms",
                    0.001617319998331368
                ],
                [
                    "el",
                    0.0015700736548751593
                ],
                [
                    "ar",
                    0.0015200750203803182
                ],
                [
                    "zh",
                    0.0014413234312087297
                ],
                [
                    "it",
                    0.0012764426646754146
                ],
                [
                    "sv",
                    0.0011639967560768127
                ],
                [
                    "tr",
                    0.0010911902645602822
                ],
                [
                    "da",
                    0.0010726840700954199
                ],
                [
                    "es",
                    0.001060848357155919
                ],
                [
                    "af",
                    0.0008618987631052732
                ],
                [
                    "uk",
                    0.0007634521462023258
                ],
                [
                    "fo",
                    0.0007429826073348522
                ],
                [
                    "yi",
                    0.0007422234630212188
                ],
                [
                    "sn",
                    0.0007274837698787451
                ],
                [
                    "vi",
                    0.0007068121922202408
                ],
                [
                    "yo",
                    0.0006126740481704473
                ],
                [
                    "hi",
                    0.0005717703606933355
                ],
                [
                    "tl",
                    0.0005223419284448028
                ],
                [
                    "is",
                    0.000434365589171648
                ],
                [
                    "ht",
                    0.00042225251672789454
                ],
                [
                    "ur",
                    0.0004209333274047822
                ],
                [
                    "sl",
                    0.00037836539559066296
                ],
                [
                    "fi",
                    0.0003760845575015992
                ],
                [
                    "ro",
                    0.00030915465322323143
                ],
                [
                    "no",
                    0.0002674107381608337
                ],
                [
                    "mn",
                    0.0002528994809836149
                ],
                [
                    "cs",
                    0.0002285508089698851
                ],
                [
                    "th",
                    0.00022831620299257338
                ],
                [
                    "my",
                    0.00021569302771240473
                ],
                [
                    "sa",
                    0.0001738296850817278
                ],
                [
                    "sw",
                    0.0001692940859356895
                ],
                [
                    "ml",
                    0.00016485416563227773
                ],
                [
                    "lv",
                    0.00015739288937766105
                ],
                [
                    "hu",
                    0.00014441102393902838
                ],
                [
                    "si",
                    0.00013721728464588523
                ],
                [
                    "gl",
                    0.00013716834655497223
                ],
                [
                    "bs",
                    0.00013204378774389625
                ],
                [
                    "he",
                    0.00012614241859409958
                ],
                [
                    "bo",
                    0.00011408044520067051
                ],
                [
                    "oc",
                    0.00011385448306100443
                ],
                [
                    "id",
                    0.00011356581671861932
                ],
                [
                    "bn",
                    0.00011285959044471383
                ],
                [
                    "ta",
                    0.00011132380313938484
                ],
                [
                    "eu",
                    9.284479892812669e-05
                ],
                [
                    "bg",
                    9.200875501846895e-05
                ],
                [
                    "fa",
                    8.360746869584545e-05
                ],
                [
                    "hr",
                    7.949399878270924e-05
                ],
                [
                    "te",
                    7.935713074402884e-05
                ],
                [
                    "ca",
                    7.784011540934443e-05
                ],
                [
                    "mt",
                    7.189133611973375e-05
                ],
                [
                    "sd",
                    6.161395867820829e-05
                ],
                [
                    "be",
                    5.526680251932703e-05
                ],
                [
