{
    "path": "/Users/cindyzhang/YouLingo/video_analysis/sampled_videos_subset/302_video.mp4",
    "audio_path": "video_analysis/sampled_audios_subset/302_video_audio.wav",
    "language": "en",
    "length_sec": 15.05,
    "vad_duration_sec": 1.152,
    "total_segment_length_sec": 0.0,
    "word_count": -1,
    "tokens": [],
    "types": [],
    "mean_sentence_length_words": -1.0,
    "wpm": -1,
    "spm": -1,
    "average_ptr": -1,
    "transcript_text": "",
    "transcript": {
        "segments": [],
        "info": {
            "language": "en",
            "duration": 15.0465625,
            "duration_after_vad": 1.152,
            "language_probability": 0.6431528329849243,
            "all_language_probs": [
                [
                    "en",
                    0.6431528329849243
                ],
                [
                    "nn",
                    0.05327285826206207
                ],
                [
                    "ko",
                    0.04073920473456383
                ],
                [
                    "ja",
                    0.027961084619164467
                ],
                [
                    "fr",
                    0.02498139813542366
                ],
                [
                    "ru",
                    0.022756820544600487
                ],
                [
                    "de",
                    0.019165486097335815
                ],
                [
                    "km",
                    0.017664393410086632
                ],
                [
                    "la",
                    0.01701711118221283
                ],
                [
                    "jw",
                    0.012636988423764706
                ],
                [
                    "pt",
                    0.012422740459442139
                ],
                [
                    "es",
                    0.011544337496161461
                ],
                [
                    "zh",
                    0.009965706616640091
                ],
                [
                    "cy",
                    0.00770068122074008
                ],
                [
                    "nl",
                    0.006966552697122097
                ],
                [
                    "haw",
                    0.006640681531280279
                ],
                [
                    "it",
                    0.006190604064613581
                ],
                [
                    "pl",
                    0.005905150435864925
                ],
                [
                    "th",
                    0.004398290067911148
                ],
                [
                    "sv",
                    0.003455093130469322
                ],
                [
                    "fi",
                    0.003421428147703409
                ],
                [
                    "ro",
                    0.002836917992681265
                ],
                [
                    "vi",
                    0.002718116855248809
                ],
                [
                    "tr",
                    0.0026770001277327538
                ],
                [
                    "ar",
                    0.002559920307248831
                ],
                [
                    "si",
                    0.0023028200957924128
                ],
                [
                    "hi",
                    0.002189839258790016
                ],
                [
                    "da",
                    0.0020491904579102993
                ],
                [
                    "uk",
                    0.0019497795728966594
                ],
                [
                    "hu",
                    0.0018236568430438638
                ],
                [
                    "el",
                    0.0016183166299015284
                ],
                [
                    "no",
                    0.0014624916948378086
                ],
                [
                    "tl",
                    0.0013391491957008839
                ],
                [
                    "te",
                    0.0013312660157680511
                ],
                [
                    "cs",
                    0.0010272481013089418
                ],
                [
                    "ta",
                    0.0009734195773489773
                ],
                [
                    "mi",
                    0.0008652359247207642
                ],
                [
                    "ml",
                    0.0008606782648712397
                ],
                [
                    "ms",
                    0.0008537832763977349
                ],
                [
                    "sn",
                    0.0007247706525959074
                ],
                [
                    "id",
                    0.0006956789293326437
                ],
                [
                    "eu",
                    0.0005366104305721819
                ],
                [
                    "hr",
                    0.000503195624332875
                ],
                [
                    "bg",
                    0.000495814485475421
                ],
                [
                    "he",
                    0.0004571023164317012
                ],
                [
                    "br",
                    0.00043857263517566025
                ],
                [
                    "ur",
                    0.0004377985023893416
                ],
                [
                    "my",
                    0.00043231231393292546
                ],
                [
                    "mn",
                    0.00042495818343013525
                ],
                [
                    "fo",
                    0.0004239290428813547
                ],
                [
                    "ca",
                    0.00040842697490006685
                ],
                [
                    "sl",
                    0.00036799325607717037
                ],
                [
                    "is",
                    0.00033674316364340484
                ],
                [
                    "sa",
                    0.0003176120517309755
                ],
                [
                    "yo",
                    0.0002873439807444811
                ],
                [
                    "lv",
                    0.00026437625638209283
                ],
                [
                    "sk",
                    0.0002519161789678037
                ],
                [
                    "bo",
                    0.0002447173174005002
                ],
                [
                    "fa",
                    0.00020877276256214827
                ],
                [
                    "lt",
                    0.0002073504583677277
                ],
                [
                    "bn",
                    0.00018554189591668546
                ],
                [
                    "bs",
                    0.00018266690312884748
                ],
                [
                    "gl",
                    0.0001755775883793831
                ],
                [
                    "oc",
                    0.00016876246081665158
                ],
                [
                    "yi",
                    0.00016527969273738563
                ],
                [
                    "ht",
                    0.0001523441169410944
                ],
                [
                    "af",
                    0.00011927694868063554
                ],
                [
                    "et",
                    9.590243280399591e-05
                ],
                [
                    "sw",
                    8.370919385924935e-05
                ],
                [
                    "ne",
