{
    "path": "/Users/cindyzhang/YouLingo/video_analysis/sampled_videos_subset/315_video.mp4",
    "audio_path": "video_analysis/sampled_audios_subset/315_video_audio.wav",
    "language": "en",
    "length_sec": 10.13,
    "vad_duration_sec": 1.952,
    "total_segment_length_sec": 0.0,
    "word_count": -1,
    "tokens": [],
    "types": [],
    "mean_sentence_length_words": -1.0,
    "wpm": -1,
    "spm": -1,
    "average_ptr": -1,
    "transcript_text": "",
    "transcript": {
        "segments": [],
        "info": {
            "language": "en",
            "duration": 10.1006875,
            "duration_after_vad": 1.952,
            "language_probability": 0.7873826622962952,
            "all_language_probs": [
                [
                    "en",
                    0.7873826622962952
                ],
                [
                    "nn",
                    0.025466907769441605
                ],
                [
                    "la",
                    0.024016480892896652
                ],
                [
                    "ja",
                    0.02094568870961666
                ],
                [
                    "de",
                    0.02051577717065811
                ],
                [
                    "es",
                    0.013985143043100834
                ],
                [
                    "ko",
                    0.012306666933000088
                ],
                [
                    "ru",
                    0.012125765904784203
                ],
                [
                    "pt",
                    0.010959198698401451
                ],
                [
                    "fr",
                    0.008997054770588875
                ],
                [
                    "km",
                    0.006086232140660286
                ],
                [
                    "it",
                    0.006069805007427931
                ],
                [
                    "jw",
                    0.005107136443257332
                ],
                [
                    "cy",
                    0.0050744484178721905
                ],
                [
                    "pl",
                    0.004773895256221294
                ],
                [
                    "zh",
                    0.0045186178758740425
                ],
                [
                    "haw",
                    0.0032656416296958923
                ],
                [
                    "nl",
                    0.0025520334020256996
                ],
                [
                    "th",
                    0.002177947899326682
                ],
                [
                    "hi",
                    0.00211682403460145
                ],
                [
                    "hu",
                    0.001964825438335538
                ],
                [
                    "tr",
                    0.0018135688733309507
                ],
                [
                    "vi",
                    0.0013805499766021967
                ],
                [
                    "fi",
                    0.001304146135225892
                ],
                [
                    "te",
                    0.001018824870698154
                ],
                [
                    "sv",
                    0.0010167816653847694
                ],
                [
                    "ar",
                    0.0010000866604968905
                ],
                [
                    "ms",
                    0.0007937613991089165
                ],
                [
                    "el",
                    0.0007687032339163125
                ],
                [
                    "ro",
                    0.0007002080674283206
                ],
                [
                    "cs",
                    0.0006467799539677799
                ],
                [
                    "id",
                    0.0006453572423197329
                ],
                [
                    "ta",
                    0.0006089787348173559
                ],
                [
                    "tl",
                    0.000584175402764231
                ],
                [
                    "si",
                    0.0005474517238326371
                ],
                [
                    "br",
                    0.0005225549102760851
                ],
                [
                    "da",
                    0.000478060421301052
                ],
                [
                    "no",
                    0.00041125324787572026
                ],
                [
                    "ml",
                    0.00038163509452715516
                ],
                [
                    "mi",
                    0.00036494413507170975
                ],
                [
                    "eu",
                    0.00036200397880747914
                ],
                [
                    "sn",
                    0.0003544213541317731
                ],
                [
                    "ca",
                    0.00034387095365673304
                ],
                [
                    "uk",
                    0.0003218894707970321
                ],
                [
                    "ur",
                    0.00031898333691060543
                ],
                [
                    "sa",
                    0.0002867608855012804
                ],
                [
                    "bg",
                    0.00018004125740844756
                ],
                [
                    "mn",
                    0.00016975200560409576
                ],
                [
                    "hr",
                    0.000163770659128204
                ],
                [
                    "gl",
                    0.0001599677634658292
                ],
                [
                    "sl",
                    0.00015270287985913455
                ],
                [
                    "he",
                    0.00014910096069797873
                ],
                [
                    "fa",
                    0.00013597980432678014
                ],
                [
                    "my",
                    0.0001294540852541104
                ],
                [
                    "sk",
                    0.00012612948194146156
                ],
                [
                    "yo",
                    9.968913218472153e-05
                ],
                [
                    "is",
                    9.633477020543069e-05
                ],
                [
                    "bs",
                    8.487320883432403e-05
                ],
                [
                    "bo",
                    8.203098695958033e-05
                ],
                [
                    "bn",
                    8.138951670844108e-05
                ],
                [
                    "yi",
                    7.930208812467754e-05
                ],
                [
                    "fo",
                    7.574343908345327e-05
                ],
                [
                    "af",
                    7.073172309901565e-05
                ],
                [
                    "oc",
                    6.427090556826442e-05
                ],
                [
                    "ht",
                    5.8891469961963594e-05
                ],
                [
                    "lv",
                    5.703010538127273e-05
                ],
                [
                    "sw",
                    3.7816589610883966e-05
                ],
                [
                    "ne",
                    3.639675924205221e-05
                ],
                [
                    "lt",
                    3.3843305573100224e-05
                ],
                [
