{
    "path": "/Users/cindyzhang/YouLingo/video_analysis/sampled_videos_subset/348_video.mp4",
    "audio_path": "video_analysis/sampled_audios_subset/348_video_audio.wav",
    "language": "en",
    "length_sec": 17.02,
    "vad_duration_sec": 13.181625,
    "total_segment_length_sec": 0.0,
    "word_count": -1,
    "tokens": [],
    "types": [],
    "mean_sentence_length_words": -1.0,
    "wpm": -1,
    "spm": -1,
    "average_ptr": -1,
    "transcript_text": "",
    "transcript": {
        "segments": [],
        "info": {
            "language": "en",
            "duration": 17.021625,
            "duration_after_vad": 13.181625,
            "language_probability": 0.7042548060417175,
            "all_language_probs": [
                [
                    "en",
                    0.7042548060417175
                ],
                [
                    "ko",
                    0.11250455677509308
                ],
                [
                    "nn",
                    0.033109668642282486
                ],
                [
                    "km",
                    0.023751674219965935
                ],
                [
                    "fr",
                    0.01678278110921383
                ],
                [
                    "de",
                    0.0160876102745533
                ],
                [
                    "ru",
                    0.012348403222858906
                ],
                [
                    "la",
                    0.009802490472793579
                ],
                [
                    "ja",
                    0.009251570329070091
                ],
                [
                    "zh",
                    0.006530651357024908
                ],
                [
                    "tr",
                    0.0040254672057926655
                ],
                [
                    "es",
                    0.003906366880983114
                ],
                [
                    "jw",
                    0.0037955590523779392
                ],
                [
                    "haw",
                    0.003095880849286914
                ],
                [
                    "th",
                    0.0030902910511940718
                ],
                [
                    "cy",
                    0.002839601831510663
                ],
                [
                    "pt",
                    0.0024594587739557028
                ],
                [
                    "it",
                    0.002116018906235695
                ],
                [
                    "nl",
                    0.0019635611679404974
                ],
                [
                    "pl",
                    0.0019552940502762794
                ],
                [
                    "hi",
                    0.001937665045261383
                ],
                [
                    "ar",
                    0.0018672411097213626
                ],
                [
                    "da",
                    0.0016248791944235563
                ],
                [
                    "vi",
                    0.0014218245632946491
                ],
                [
                    "si",
                    0.001306101563386619
                ],
                [
                    "sv",
                    0.0011222989996895194
                ],
                [
                    "ta",
                    0.0009417693945579231
                ],
                [
                    "no",
                    0.0009144427021965384
                ],
                [
                    "el",
                    0.0008642356260679662
                ],
                [
                    "ro",
                    0.0008613010286353528
                ],
                [
                    "ml",
                    0.000791439728345722
                ],
                [
                    "ur",
                    0.000761332456022501
                ],
                [
                    "sn",
                    0.000748492602724582
                ],
                [
                    "te",
                    0.0007234192453324795
                ],
                [
                    "br",
                    0.0006129952380433679
                ],
                [
                    "hu",
                    0.0006091565592214465
                ],
                [
                    "my",
                    0.0006037259008735418
                ],
                [
                    "tl",
                    0.0005535210366360843
                ],
                [
                    "mn",
                    0.0005154373939149082
                ],
                [
                    "ms",
                    0.00043969519902020693
                ],
                [
                    "cs",
                    0.00040796917164698243
                ],
                [
                    "bg",
                    0.00039100475260056555
                ],
                [
                    "mi",
                    0.00036700317286886275
                ],
                [
                    "ht",
                    0.0003553456626832485
                ],
                [
                    "bo",
                    0.0003406136529520154
                ],
                [
                    "bn",
                    0.00031202571699395776
                ],
                [
                    "uk",
                    0.000301673891954124
                ],
                [
                    "yo",
                    0.0002823452523443848
                ],
                [
                    "is",
                    0.0002755058230832219
                ],
                [
                    "bs",
                    0.00027486233739182353
                ],
                [
                    "fo",
                    0.00025463555357418954
                ],
                [
                    "sl",
                    0.00024761815438978374
                ],
                [
                    "hr",
                    0.0002458746894262731
                ],
                [
                    "eu",
                    0.00024502802989445627
                ],
                [
                    "yi",
                    0.00023947490262798965
                ],
                [
                    "fi",
                    0.00023690851230639964
                ],
                [
                    "fa",
                    0.00023536242952104658
                ],
                [
                    "lv",
                    0.0001845072692958638
                ],
                [
                    "he",
                    0.00015697309572715312
                ],
                [
                    "lt",
                    0.0001565246348036453
                ],
                [
                    "id",
                    0.00014540195115841925
                ],
                [
                    "sa",
                    0.00014201828162185848
                ],
                [
                    "oc",
                    0.00013589060108643025
                ],
                [
                    "ne",
                    0.00012546869402285665
                ],
                [
                    "af",
                    0.00011110652849311009
                ],
                [
                    "ca",
                    9.32474504224956e-05
                ],
                [
                    "gl",
                    6.856953405076638e-05
                ],
                [
                    "pa",
                    6.739221862517297e-05
                ],
                [
                    "lo",
                    6.616933387704194e-05
                ],
                [
