{
    "path": "/Users/cindyzhang/YouLingo/video_analysis/sampled_videos_subset/365_video.mp4",
    "audio_path": "video_analysis/sampled_audios_subset/365_video_audio.wav",
    "language": "en",
    "length_sec": 21.8,
    "vad_duration_sec": 0.832,
    "total_segment_length_sec": 0.0,
    "word_count": -1,
    "tokens": [],
    "types": [],
    "mean_sentence_length_words": -1.0,
    "wpm": -1,
    "spm": -1,
    "average_ptr": -1,
    "transcript_text": "",
    "transcript": {
        "segments": [],
        "info": {
            "language": "en",
            "duration": 21.8035625,
            "duration_after_vad": 0.832,
            "language_probability": 0.40891802310943604,
            "all_language_probs": [
                [
                    "en",
                    0.40891802310943604
                ],
                [
                    "nn",
                    0.11934083700180054
                ],
                [
                    "ja",
                    0.07331853359937668
                ],
                [
                    "ru",
                    0.056807711720466614
                ],
                [
                    "ko",
                    0.05598398298025131
                ],
                [
                    "fr",
                    0.027076086029410362
                ],
                [
                    "zh",
                    0.02635781839489937
                ],
                [
                    "de",
                    0.022278128191828728
                ],
                [
                    "pt",
                    0.020131219178438187
                ],
                [
                    "es",
                    0.019824067130684853
                ],
                [
                    "jw",
                    0.01747036911547184
                ],
                [
                    "nl",
                    0.013768302276730537
                ],
                [
                    "pl",
                    0.013215918093919754
                ],
                [
                    "la",
                    0.011941898614168167
                ],
                [
                    "it",
                    0.011455009691417217
                ],
                [
                    "haw",
                    0.010956726036965847
                ],
                [
                    "cy",
                    0.00811745971441269
                ],
                [
                    "tr",
                    0.007218737155199051
                ],
                [
                    "km",
                    0.0063336510211229324
                ],
                [
                    "fi",
                    0.0057915630750358105
                ],
                [
                    "ar",
                    0.004810242913663387
                ],
                [
                    "hu",
                    0.004514506086707115
                ],
                [
                    "hi",
                    0.004387815482914448
                ],
                [
                    "sv",
                    0.00402348767966032
                ],
                [
                    "th",
                    0.003945391625165939
                ],
                [
                    "vi",
                    0.0032256795093417168
                ],
                [
                    "id",
                    0.0031502689234912395
                ],
                [
                    "ms",
                    0.003080901922658086
                ],
                [
                    "ro",
                    0.002720670774579048
                ],
                [
                    "te",
                    0.002546219388023019
                ],
                [
                    "br",
                    0.002495683031156659
                ],
                [
                    "el",
                    0.002072200644761324
                ],
                [
                    "uk",
                    0.0017874444602057338
                ],
                [
                    "ta",
                    0.0016347573837265372
                ],
                [
                    "cs",
                    0.001590563915669918
                ],
                [
                    "sn",
                    0.0014267367077991366
                ],
                [
                    "si",
                    0.0012342173140496016
                ],
                [
                    "mi",
                    0.0011863410472869873
                ],
                [
                    "tl",
                    0.0011819639476016164
                ],
                [
                    "ml",
                    0.0009639468044042587
                ],
                [
                    "no",
                    0.0008229072554968297
                ],
                [
                    "he",
                    0.0007221370469778776
                ],
                [
                    "sa",
                    0.0007150101009756327
                ],
                [
                    "da",
                    0.0006836156244389713
                ],
                [
                    "ca",
                    0.0006816437235102057
                ],
                [
                    "bg",
                    0.000642449886072427
                ],
                [
                    "ur",
                    0.0005802445230074227
                ],
                [
                    "hr",
                    0.000533148820977658
                ],
                [
                    "eu",
                    0.0004962351522408426
                ],
                [
                    "fa",
                    0.00047780349268577993
                ],
                [
                    "yo",
                    0.0004513627791311592
                ],
                [
                    "gl",
                    0.00043468544026836753
                ],
                [
                    "sk",
                    0.0004237555549480021
                ],
                [
                    "sl",
                    0.00036611745599657297
                ],
                [
                    "mn",
                    0.00033239167532883584
                ],
                [
                    "fo",
                    0.00030063773738220334
                ],
                [
                    "my",
                    0.000281875574728474
                ],
                [
                    "bn",
                    0.00024541959282942116
                ],
                [
                    "bs",
                    0.00020842082449235022
                ],
                [
                    "be",
                    0.0001949475408764556
                ],
                [
                    "oc",
                    0.00018423012807033956
                ],
                [
                    "yi",
                    0.00014437452773563564
                ],
                [
                    "bo",
                    0.00013953266898170114
                ],
                [
                    "lv",
                    0.00013339401630219072
                ],
                [
                    "af",
                    0.00013190507888793945
                ],
                [
                    "sw",
                    0.00012997009616810828
                ],
                [
                    "az",
                    0.00011943413119297475
                ],
                [
                    "ht",
                    0.00011646989150904119
                ],
                [
                    "is",
                    0.00011067614832427353
                ],
                [
                    "lt",
