{
    "path": "/Users/cindyzhang/YouLingo/video_analysis/sampled_videos_subset/375_video.mp4",
    "audio_path": "video_analysis/sampled_audios_subset/375_video_audio.wav",
    "language": "en",
    "length_sec": 16.23,
    "vad_duration_sec": 6.4561875,
    "total_segment_length_sec": 0.0,
    "word_count": -1,
    "tokens": [],
    "types": [],
    "mean_sentence_length_words": -1.0,
    "wpm": -1,
    "spm": -1,
    "average_ptr": -1,
    "transcript_text": "",
    "transcript": {
        "segments": [],
        "info": {
            "language": "en",
            "duration": 16.2321875,
            "duration_after_vad": 6.4561875,
            "language_probability": 0.4768252968788147,
            "all_language_probs": [
                [
                    "en",
                    0.4768252968788147
                ],
                [
                    "ru",
                    0.05348658189177513
                ],
                [
                    "nn",
                    0.04945988208055496
                ],
                [
                    "sv",
                    0.048529427498579025
                ],
                [
                    "fr",
                    0.04613237455487251
                ],
                [
                    "de",
                    0.033537477254867554
                ],
                [
                    "nl",
                    0.025260236114263535
                ],
                [
                    "ja",
                    0.023350650444626808
                ],
                [
                    "ko",
                    0.022329017519950867
                ],
                [
                    "zh",
                    0.01843719556927681
                ],
                [
                    "da",
                    0.016091303899884224
                ],
                [
                    "pl",
                    0.015470723621547222
                ],
                [
                    "pt",
                    0.014590115286409855
                ],
                [
                    "hu",
                    0.013302757404744625
                ],
                [
                    "tr",
                    0.012884686700999737
                ],
                [
                    "it",
                    0.012013157829642296
                ],
                [
                    "no",
                    0.010830093175172806
                ],
                [
                    "cy",
                    0.009977777488529682
                ],
                [
                    "es",
                    0.008336545899510384
                ],
                [
                    "fi",
                    0.008095522411167622
                ],
                [
                    "ar",
                    0.007518982980400324
                ],
                [
                    "cs",
                    0.006219211034476757
                ],
                [
                    "la",
                    0.005754238925874233
                ],
                [
                    "haw",
                    0.00504861818626523
                ],
                [
                    "jw",
                    0.003412435296922922
                ],
                [
                    "el",
                    0.0032820417545735836
                ],
                [
                    "uk",
                    0.0031135210301727057
                ],
                [
                    "th",
                    0.0028635843191295862
                ],
                [
                    "hr",
                    0.0026249149814248085
                ],
                [
                    "ms",
                    0.0026247247587889433
                ],
                [
                    "hi",
                    0.0025843793991953135
                ],
                [
                    "km",
                    0.0021117948926985264
                ],
                [
                    "ro",
                    0.002026681322604418
                ],
                [
                    "tl",
                    0.001960319932550192
                ],
                [
                    "bs",
                    0.0017902669496834278
                ],
                [
                    "he",
                    0.0017505624564364552
                ],
                [
                    "mi",
                    0.0017468169098719954
                ],
                [
                    "vi",
                    0.0016497289761900902
                ],
                [
                    "br",
                    0.0015273686731234193
                ],
                [
                    "sl",
                    0.0012813007924705744
                ],
                [
                    "sk",
                    0.001258809701539576
                ],
                [
                    "ta",
                    0.0011841498780995607
                ],
                [
                    "ca",
                    0.001182480831630528
                ],
                [
                    "ht",
                    0.0011069034226238728
                ],
                [
                    "sn",
                    0.0010401559993624687
                ],
                [
                    "id",
                    0.0010276196990162134
                ],
                [
                    "ml",
                    0.0009619558113627136
                ],
                [
                    "te",
                    0.0008730332483537495
                ],
                [
                    "fa",
                    0.0008159541757777333
                ],
                [
                    "yo",
                    0.000746380363125354
                ],
                [
                    "mn",
                    0.000738134142011404
                ],
                [
                    "ur",
                    0.0006725991261191666
                ],
                [
                    "is",
                    0.0005916084046475589
                ],
                [
                    "lv",
                    0.0005758105544373393
                ],
                [
                    "fo",
                    0.0005103209405206144
                ],
                [
                    "my",
                    0.0004952517920173705
                ],
                [
                    "bg",
                    0.00047196587547659874
                ],
                [
                    "si",
                    0.0004454488807823509
                ],
                [
                    "yi",
                    0.00043727096635848284
                ],
                [
                    "eu",
                    0.00040932997944764793
                ],
                [
                    "et",
                    0.0003960461472161114
                ],
                [
                    "bo",
                    0.0003366876917425543
                ],
                [
                    "bn",
                    0.00033553261891938746
                ],
                [
                    "ne",
                    0.0003247762215323746
                ],
                [
                    "lt",
                    0.00029961988911964
                ],
                [
                    "oc",
                    0.00029273435939103365
                ],
                [
                    "gl",
                    0.0002846308925654739
                ],
                [
                    "az",
                    0.0002662809274625033
                ],
                [
                    "sw",
                    0.00023163389414548874
                ],
                [
                    "sr",
