{
    "path": "/Users/cindyzhang/YouLingo/video_analysis/sampled_videos_subset/379_video.mp4",
    "audio_path": "video_analysis/sampled_audios_subset/379_video_audio.wav",
    "language": "en",
    "length_sec": 9.0,
    "vad_duration_sec": 3.36,
    "total_segment_length_sec": 0.0,
    "word_count": -1,
    "tokens": [],
    "types": [],
    "mean_sentence_length_words": -1.0,
    "wpm": -1,
    "spm": -1,
    "average_ptr": -1,
    "transcript_text": "",
    "transcript": {
        "segments": [],
        "info": {
            "language": "en",
            "duration": 8.9629375,
            "duration_after_vad": 3.36,
            "language_probability": 0.83475261926651,
            "all_language_probs": [
                [
                    "en",
                    0.83475261926651
                ],
                [
                    "ja",
                    0.0508127361536026
                ],
                [
                    "ko",
                    0.02749239094555378
                ],
                [
                    "km",
                    0.011930636130273342
                ],
                [
                    "la",
                    0.007807367015630007
                ],
                [
                    "jw",
                    0.006516335532069206
                ],
                [
                    "nn",
                    0.005150167271494865
                ],
                [
                    "ru",
                    0.004733777139335871
                ],
                [
                    "es",
                    0.004386679735034704
                ],
                [
                    "pt",
                    0.003778515150770545
                ],
                [
                    "zh",
                    0.003663618117570877
                ],
                [
                    "haw",
                    0.003586875507608056
                ],
                [
                    "cy",
                    0.0034419000148773193
                ],
                [
                    "de",
                    0.003185165347531438
                ],
                [
                    "fr",
                    0.003129295539110899
                ],
                [
                    "tr",
                    0.0020259683951735497
                ],
                [
                    "hu",
                    0.0016852215630933642
                ],
                [
                    "nl",
                    0.0016724468441680074
                ],
                [
                    "th",
                    0.0015108981169760227
                ],
                [
                    "pl",
                    0.0014383156085386872
                ],
                [
                    "hi",
                    0.0013657130766659975
                ],
                [
                    "vi",
                    0.0011063922429457307
                ],
                [
                    "it",
                    0.001093411585316062
                ],
                [
                    "ar",
                    0.0010573308682069182
                ],
                [
                    "te",
                    0.0010277187684550881
                ],
                [
                    "eu",
                    0.0008280506590381265
                ],
                [
                    "br",
                    0.00072705332422629
                ],
                [
                    "ro",
                    0.0006210661958903074
                ],
                [
                    "sn",
                    0.0006094493437558413
                ],
                [
                    "cs",
                    0.0005625567282550037
                ],
                [
                    "id",
                    0.0004968832363374531
                ],
                [
                    "fi",
                    0.0004948568530380726
                ],
                [
                    "ta",
                    0.0004413499846123159
                ],
                [
                    "el",
                    0.00044021077337674797
                ],
                [
                    "mi",
                    0.0004147099971305579
                ],
                [
                    "mn",
                    0.00039641023613512516
                ],
                [
                    "sv",
                    0.0003946099313907325
                ],
                [
                    "ms",
                    0.00036346030537970364
                ],
                [
                    "tl",
                    0.00033915950916707516
                ],
                [
                    "my",
                    0.00031563767697662115
                ],
                [
                    "da",
                    0.00028846965869888663
                ],
                [
                    "no",
                    0.0002634823031257838
                ],
                [
                    "uk",
                    0.0002606491616461426
                ],
                [
                    "si",
                    0.00024978353758342564
                ],
                [
                    "is",
                    0.0002292973513249308
                ],
                [
                    "sa",
                    0.00021346606081351638
                ],
                [
                    "ur",
                    0.00020441658853087574
                ],
                [
                    "bg",
                    0.00020330588449724019
                ],
                [
                    "ca",
                    0.00019696590607054532
                ],
                [
                    "ml",
                    0.0001681603753240779
                ],
                [
                    "lv",
                    0.00015992886619642377
                ],
                [
                    "bo",
                    0.00014989949704613537
                ],
                [
                    "yi",
                    0.00014519754040520638
                ],
                [
                    "yo",
                    0.00012010306090814993
                ],
                [
                    "hr",
                    0.00011671825632220134
                ],
                [
                    "af",
                    8.742401405470446e-05
                ],
                [
                    "sl",
                    8.469653403153643e-05
                ],
                [
                    "hy",
                    7.693944644415751e-05
                ],
                [
                    "bs",
                    7.606860162923113e-05
                ],
                [
                    "fa",
                    7.579234807053581e-05
                ],
                [
                    "bn",
                    7.502651715185493e-05
                ],
                [
                    "fo",
                    6.89364387653768e-05
                ],
                [
                    "he",
                    6.866886542411521e-05
                ],
                [
                    "gl",
                    6.576073064934462e-05
                ],
                [
                    "ht",
                    6.0984501033090055e-05
                ],
                [
                    "oc",
                    5.788307680631988e-05
                ],
                [
                    "ne",
                    5.0960432417923585e-05
                ],
                [
                    "lt",
                    3.7421556044137105e-05
                ],
                [
                    "et",
                    3.462017411948182e-05
                ],
                [
