{
    "path": "/Users/cindyzhang/YouLingo/video_analysis/sampled_videos_subset/381_video.mp4",
    "audio_path": "video_analysis/sampled_audios_subset/381_video_audio.wav",
    "language": "en",
    "length_sec": 13.13,
    "vad_duration_sec": 1.4640625,
    "total_segment_length_sec": 0.0,
    "word_count": -1,
    "tokens": [],
    "types": [],
    "mean_sentence_length_words": -1.0,
    "wpm": -1,
    "spm": -1,
    "average_ptr": -1,
    "transcript_text": "",
    "transcript": {
        "segments": [],
        "info": {
            "language": "en",
            "duration": 13.0960625,
            "duration_after_vad": 1.4640625,
            "language_probability": 0.8178441524505615,
            "all_language_probs": [
                [
                    "en",
                    0.8178441524505615
                ],
                [
                    "ko",
                    0.021342501044273376
                ],
                [
                    "es",
                    0.01937202550470829
                ],
                [
                    "de",
                    0.016078012064099312
                ],
                [
                    "pt",
                    0.01590692065656185
                ],
                [
                    "ja",
                    0.01315064076334238
                ],
                [
                    "fr",
                    0.011148527264595032
                ],
                [
                    "cy",
                    0.01045326516032219
                ],
                [
                    "nl",
                    0.008383053354918957
                ],
                [
                    "zh",
                    0.007169954013079405
                ],
                [
                    "nn",
                    0.005924553144723177
                ],
                [
                    "pl",
                    0.0050509171560406685
                ],
                [
                    "it",
                    0.0049885837361216545
                ],
                [
                    "ru",
                    0.0048770541325211525
                ],
                [
                    "km",
                    0.00408497778698802
                ],
                [
                    "fi",
                    0.0027277451008558273
                ],
                [
                    "sv",
                    0.0024786496069282293
                ],
                [
                    "la",
                    0.0022177172359079123
                ],
                [
                    "hi",
                    0.002077665878459811
                ],
                [
                    "tr",
                    0.00205576466396451
                ],
                [
                    "el",
                    0.0020148379262536764
                ],
                [
                    "hu",
                    0.0017661009915173054
                ],
                [
                    "th",
                    0.0012131695402786136
                ],
                [
                    "mi",
                    0.0011899408418685198
                ],
                [
                    "jw",
                    0.0010237349197268486
                ],
                [
                    "eu",
                    0.0008519302937202156
                ],
                [
                    "da",
                    0.000840509484987706
                ],
                [
                    "haw",
                    0.0008210415253415704
                ],
                [
                    "no",
                    0.0007717245607636869
                ],
                [
                    "sn",
                    0.0007440347108058631
                ],
                [
                    "vi",
                    0.0007421624031849205
                ],
                [
                    "cs",
                    0.0007395934080705047
                ],
                [
                    "ca",
                    0.0007332179811783135
                ],
                [
                    "id",
                    0.0007280930294655263
                ],
                [
                    "tl",
                    0.0006957789300940931
                ],
                [
                    "ar",
                    0.0006929526571184397
                ],
                [
                    "ta",
                    0.0005698877503164113
                ],
                [
                    "ms",
                    0.0005325206439010799
                ],
                [
                    "si",
                    0.0005141725414432585
                ],
                [
                    "te",
                    0.00043484504567459226
                ],
                [
                    "he",
                    0.000377674208721146
                ],
                [
                    "hr",
                    0.00034702016273513436
                ],
                [
                    "br",
                    0.0003223921812605113
                ],
                [
                    "ro",
                    0.0002949824556708336
                ],
                [
                    "bs",
                    0.0002843316178768873
                ],
                [
                    "ur",
                    0.00025664473650977015
                ],
                [
                    "sl",
                    0.0002461874973960221
                ],
                [
                    "ml",
                    0.00022804523177910596
                ],
                [
                    "uk",
                    0.00021574710262939334
                ],
                [
                    "yo",
                    0.0002010817261179909
                ],
                [
                    "gl",
                    0.00018164538778364658
                ],
                [
                    "bn",
                    0.000160304392920807
                ],
                [
                    "bg",
                    0.0001490674476372078
                ],
                [
                    "my",
                    0.00013683189172297716
                ],
                [
                    "fa",
                    0.00013058072363492101
                ],
                [
                    "is",
                    0.00012872998195234686
                ],
                [
                    "sk",
                    0.00012705198605544865
                ],
                [
                    "sa",
                    0.00012481864541769028
                ],
                [
                    "sw",
                    0.00012231971777509898
                ],
                [
                    "lv",
                    0.00012192256690468639
                ],
                [
                    "ht",
                    0.00010881561320275068
                ],
                [
                    "oc",
                    7.26634607417509e-05
                ],
                [
                    "lt",
                    6.839138950454071e-05
                ],
                [
                    "et",
                    5.9418049204396084e-05
                ],
                [
                    "bo",
                    5.826969209010713e-05
                ],
                [
                    "ne",
                    4.5771357690682635e-05
                ],
                [
                    "yi",
                    4.561643800116144e-05
                ],
                [
                    "mn",
                    4.457614340935834e-05
                ],
                [
                    "af",
                    4.050011921208352e-05
                ],
                [
