{
    "path": "/Users/cindyzhang/YouLingo/video_analysis/sampled_videos_subset/38_video.mp4",
    "audio_path": "video_analysis/sampled_audios_subset/38_video_audio.wav",
    "language": "nl",
    "length_sec": 14.48,
    "vad_duration_sec": 14.4674375,
    "total_segment_length_sec": 0.0,
    "word_count": -1,
    "tokens": [],
    "types": [],
    "mean_sentence_length_words": -1.0,
    "wpm": -1,
    "spm": -1,
    "average_ptr": -1,
    "transcript_text": "",
    "transcript": {
        "segments": [],
        "info": {
            "language": "nl",
            "duration": 14.4674375,
            "duration_after_vad": 14.4674375,
            "language_probability": 0.7938373684883118,
            "all_language_probs": [
                [
                    "nl",
                    0.7938373684883118
                ],
                [
                    "en",
                    0.046602603048086166
                ],
                [
                    "nn",
                    0.021939527243375778
                ],
                [
                    "de",
                    0.018537551164627075
                ],
                [
                    "el",
                    0.016165101900696754
                ],
                [
                    "pt",
                    0.014776268042623997
                ],
                [
                    "cy",
                    0.008910596370697021
                ],
                [
                    "pl",
                    0.0081338444724679
                ],
                [
                    "fr",
                    0.005814415868371725
                ],
                [
                    "la",
                    0.0049554044380784035
                ],
                [
                    "es",
                    0.004707692191004753
                ],
                [
                    "da",
                    0.004289121832698584
                ],
                [
                    "fi",
                    0.004066334571689367
                ],
                [
                    "tr",
                    0.003939986694604158
                ],
                [
                    "ru",
                    0.00388249265961349
                ],
                [
                    "sv",
                    0.003772660391405225
                ],
                [
                    "it",
                    0.003437287639826536
                ],
                [
                    "af",
                    0.0033928644843399525
                ],
                [
                    "ja",
                    0.003049732418730855
                ],
                [
                    "jw",
                    0.0027977910358458757
                ],
                [
                    "ar",
                    0.002339106984436512
                ],
                [
                    "zh",
                    0.002138736890628934
                ],
                [
                    "ko",
                    0.0015996278962120414
                ],
                [
                    "is",
                    0.0015506033087149262
                ],
                [
                    "gl",
                    0.00127572997007519
                ],
                [
                    "br",
                    0.0012463356833904982
                ],
                [
                    "haw",
                    0.00095811189385131
                ],
                [
                    "hi",
                    0.0009169496479444206
                ],
                [
                    "hu",
                    0.0008652765536680818
                ],
                [
                    "mi",
                    0.0008425484411418438
                ],
                [
                    "no",
                    0.0008383133099414408
                ],
                [
                    "ca",
                    0.0006919849547557533
                ],
                [
                    "cs",
                    0.0006774000357836485
                ],
                [
                    "ur",
                    0.0006545668002218008
                ],
                [
                    "vi",
                    0.000615512253716588
                ],
                [
                    "km",
                    0.0004915788304060698
                ],
                [
                    "yi",
                    0.0003929556696675718
                ],
                [
                    "fo",
                    0.00035629913327284157
                ],
                [
                    "ro",
                    0.0003053205437026918
                ],
                [
                    "uk",
                    0.0002930917835328728
                ],
                [
                    "eu",
                    0.0002792834129650146
                ],
                [
                    "tl",
                    0.00027167971711605787
                ],
                [
                    "ms",
                    0.00026244702166877687
                ],
                [
                    "id",
                    0.00022934477601666003
                ],
                [
                    "sn",
                    0.00021908663620706648
                ],
                [
                    "he",
                    0.00020454548939596862
                ],
                [
                    "mn",
                    0.00017416459741070867
                ],
                [
                    "et",
                    0.00015582652122247964
                ],
                [
                    "oc",
                    0.0001469591079512611
                ],
                [
                    "ta",
                    0.00014625722542405128
                ],
                [
                    "ml",
                    0.00013506421237252653
                ],
                [
                    "bg",
                    0.00012672388402279466
                ],
                [
                    "sl",
                    0.00012201046047266573
                ],
                [
                    "th",
                    0.00011712981358869001
                ],
                [
                    "lv",
                    0.00011444760457379743
                ],
                [
                    "yo",
                    0.00010350440425099805
                ],
                [
                    "bs",
                    8.731860725674778e-05
                ],
                [
                    "bn",
                    8.505632285960019e-05
                ],
                [
                    "sk",
                    8.13960941741243e-05
                ],
                [
                    "ht",
                    7.576466305181384e-05
                ],
                [
                    "hr",
                    7.414069114020094e-05
                ],
                [
                    "bo",
                    7.172898767748848e-05
                ],
                [
                    "te",
                    6.162309000501409e-05
                ],
                [
                    "az",
                    6.042323730071075e-05
                ],
                [
                    "sq",
                    5.1825569244101644e-05
                ],
                [
                    "fa",
                    4.342835381976329e-05
                ],
                [
                    "sa",
                    4.234274820191786e-05
                ],
                [
                    "my",
                    3.950871905544773e-05
                ],
                [
                    "si",
                    3.735138307092711e-05
                ],
                [
