{
    "path": "/Users/cindyzhang/YouLingo/video_analysis/sampled_videos_subset/391_video.mp4",
    "audio_path": "video_analysis/sampled_audios_subset/391_video_audio.wav",
    "language": "en",
    "length_sec": 59.61,
    "vad_duration_sec": 4.736,
    "total_segment_length_sec": 0.0,
    "word_count": -1,
    "tokens": [],
    "types": [],
    "mean_sentence_length_words": -1.0,
    "wpm": -1,
    "spm": -1,
    "average_ptr": -1,
    "transcript_text": "",
    "transcript": {
        "segments": [],
        "info": {
            "language": "en",
            "duration": 59.6070625,
            "duration_after_vad": 4.736,
            "language_probability": 0.16449692845344543,
            "all_language_probs": [
                [
                    "en",
                    0.16449692845344543
                ],
                [
                    "ml",
                    0.1529940813779831
                ],
                [
                    "ta",
                    0.1304677575826645
                ],
                [
                    "tl",
                    0.11584150791168213
                ],
                [
                    "hi",
                    0.09664061665534973
                ],
                [
                    "te",
                    0.04249246045947075
                ],
                [
                    "jw",
                    0.03675533086061478
                ],
                [
                    "es",
                    0.025190960615873337
                ],
                [
                    "ur",
                    0.022440288215875626
                ],
                [
                    "nn",
                    0.022052137181162834
                ],
                [
                    "ar",
                    0.015640633180737495
                ],
                [
                    "ne",
                    0.014986895956099033
                ],
                [
                    "ms",
                    0.014767284505069256
                ],
                [
                    "kn",
                    0.01110469177365303
                ],
                [
                    "it",
                    0.008926087990403175
                ],
                [
                    "sa",
                    0.00834179762750864
                ],
                [
                    "cy",
                    0.008018220774829388
                ],
                [
                    "si",
                    0.006988369394093752
                ],
                [
                    "ja",
                    0.006353495642542839
                ],
                [
                    "pt",
                    0.005576993804425001
                ],
                [
                    "th",
                    0.00541183166205883
                ],
                [
                    "la",
                    0.005331599153578281
                ],
                [
                    "ko",
                    0.005185392219573259
                ],
                [
                    "km",
                    0.005085657350718975
                ],
                [
                    "pa",
                    0.004866119474172592
                ],
                [
                    "zh",
                    0.004845768678933382
                ],
                [
                    "tr",
                    0.004571489989757538
                ],
                [
                    "fr",
                    0.004360071383416653
                ],
                [
                    "el",
                    0.003872430417686701
                ],
                [
                    "de",
                    0.0029801134951412678
                ],
                [
                    "ru",
                    0.002894045552238822
                ],
                [
                    "mr",
                    0.002671431517228484
                ],
                [
                    "id",
                    0.0025121374055743217
                ],
                [
                    "nl",
                    0.002486752811819315
                ],
                [
                    "sd",
                    0.002221528207883239
                ],
                [
                    "bn",
                    0.002124892547726631
                ],
                [
                    "haw",
                    0.002002650173380971
                ],
                [
                    "fi",
                    0.0018946818308904767
                ],
                [
                    "vi",
                    0.001892676344141364
                ],
                [
                    "mi",
                    0.00168392073828727
                ],
                [
                    "ro",
                    0.0014082550769671798
                ],
                [
                    "cs",
                    0.001394054968841374
                ],
                [
                    "he",
                    0.0012328929733484983
                ],
                [
                    "gl",
                    0.0011682758340612054
                ],
                [
                    "gu",
                    0.0010992365423589945
                ],
                [
                    "da",
                    0.0010212822817265987
                ],
                [
                    "fa",
                    0.0010150959715247154
                ],
                [
                    "sv",
                    0.0009948625229299068
                ],
                [
                    "sw",
                    0.0009592110873199999
                ],
                [
                    "sl",
                    0.0008573828963562846
                ],
                [
                    "uk",
                    0.0008509220788255334
                ],
                [
                    "pl",
                    0.0006785786245018244
                ],
                [
                    "sn",
                    0.0006362663698382676
                ],
                [
                    "hu",
                    0.0005444148555397987
                ],
                [
                    "my",
                    0.0005259169265627861
                ],
                [
                    "hr",
                    0.0004819411551579833
                ],
                [
                    "bo",
                    0.0004137149953749031
                ],
                [
                    "br",
                    0.00041055065230466425
                ],
                [
                    "ps",
                    0.0004066508263349533
                ],
                [
                    "ca",
                    0.00036061229184269905
                ],
                [
                    "as",
                    0.0003303429111838341
                ],
                [
                    "yo",
                    0.0003113955317530781
                ],
                [
                    "am",
                    0.0002956124080810696
                ],
                [
                    "af",
                    0.0002844825212378055
                ],
                [
                    "mn",
                    0.00025574254686944187
                ],
                [
                    "bs",
                    0.00024208701506722718
                ],
                [
                    "no",
                    0.00023612708901055157
                ],
                [
                    "lt",
                    0.00021915262914262712
                ],
                [
                    "eu",
                    0.00019145820988342166
                ],
                [
                    "mt",
