{
    "path": "/Users/cindyzhang/YouLingo/video_analysis/sampled_videos_subset/398_video.mp4",
    "audio_path": "video_analysis/sampled_audios_subset/398_video_audio.wav",
    "language": "en",
    "length_sec": 15.17,
    "vad_duration_sec": 1.84,
    "total_segment_length_sec": 0.0,
    "word_count": -1,
    "tokens": [],
    "types": [],
    "mean_sentence_length_words": -1.0,
    "wpm": -1,
    "spm": -1,
    "average_ptr": -1,
    "transcript_text": "",
    "transcript": {
        "segments": [],
        "info": {
            "language": "en",
            "duration": 15.1394375,
            "duration_after_vad": 1.84,
            "language_probability": 0.5777013897895813,
            "all_language_probs": [
                [
                    "en",
                    0.5777013897895813
                ],
                [
                    "km",
                    0.07663922756910324
                ],
                [
                    "jw",
                    0.03911173343658447
                ],
                [
                    "ja",
                    0.031009553000330925
                ],
                [
                    "ko",
                    0.02664569951593876
                ],
                [
                    "es",
                    0.024272223934531212
                ],
                [
                    "fr",
                    0.02149505913257599
                ],
                [
                    "pt",
                    0.018387380987405777
                ],
                [
                    "ru",
                    0.015438887290656567
                ],
                [
                    "de",
                    0.01408200990408659
                ],
                [
                    "sn",
                    0.012057186104357243
                ],
                [
                    "hi",
                    0.012055668979883194
                ],
                [
                    "nn",
                    0.011808282695710659
                ],
                [
                    "zh",
                    0.011667639948427677
                ],
                [
                    "si",
                    0.008749758824706078
                ],
                [
                    "it",
                    0.008013349026441574
                ],
                [
                    "nl",
                    0.006880016066133976
                ],
                [
                    "tr",
                    0.005095202475786209
                ],
                [
                    "pl",
                    0.004993498791009188
                ],
                [
                    "ar",
                    0.00479123555123806
                ],
                [
                    "cy",
                    0.0042846002615988255
                ],
                [
                    "th",
                    0.003959083463996649
                ],
                [
                    "la",
                    0.003914705477654934
                ],
                [
                    "sa",
                    0.003680925350636244
                ],
                [
                    "te",
                    0.0035586971789598465
                ],
                [
                    "el",
                    0.003457754384726286
                ],
                [
                    "tl",
                    0.003362393006682396
                ],
                [
                    "vi",
                    0.0032316946890205145
                ],
                [
                    "ta",
                    0.0032056099735200405
                ],
                [
                    "id",
                    0.003087353426963091
                ],
                [
                    "br",
                    0.002725897589698434
                ],
                [
                    "ml",
                    0.0026052850298583508
                ],
                [
                    "ur",
                    0.002195299370214343
                ],
                [
                    "ms",
                    0.0020555169321596622
                ],
                [
                    "fi",
                    0.001795877469703555
                ],
                [
                    "sv",
                    0.00174039660487324
                ],
                [
                    "haw",
                    0.001707090879790485
                ],
                [
                    "bn",
                    0.0015882516745477915
                ],
                [
                    "hu",
                    0.001516839605756104
                ],
                [
                    "ca",
                    0.001367048011161387
                ],
                [
                    "ro",
                    0.0013474547304213047
                ],
                [
                    "uk",
                    0.0009323079721070826
                ],
                [
                    "mi",
                    0.0008972996729426086
                ],
                [
                    "gl",
                    0.0007891268469393253
                ],
                [
                    "yo",
                    0.0007742852903902531
                ],
                [
                    "cs",
                    0.0007584046106785536
                ],
                [
                    "bg",
                    0.0007126230630092323
                ],
                [
                    "da",
                    0.0006925486959517002
                ],
                [
                    "he",
                    0.0006881002918817103
                ],
                [
                    "no",
                    0.0005519281839951873
                ],
                [
                    "hr",
                    0.00045956310350447893
                ],
                [
                    "hy",
                    0.0004369006201159209
                ],
                [
                    "sw",
                    0.0004009626863989979
                ],
                [
                    "fa",
                    0.0003593485162127763
                ],
                [
                    "sl",
                    0.00032773768180049956
                ],
                [
                    "lo",
                    0.0003261887177359313
                ],
                [
                    "my",
                    0.0002845092967618257
                ],
                [
                    "oc",
                    0.0002560377470217645
                ],
                [
                    "sk",
                    0.00024094867694657296
                ],
                [
                    "eu",
                    0.0002092116919811815
                ],
                [
                    "be",
                    0.0001942069357028231
                ],
                [
                    "bo",
                    0.00016783896717242897
                ],
                [
                    "bs",
                    0.00016478350153192878
                ],
                [
                    "ht",
                    0.00014983146684244275
                ],
                [
                    "ps",
                    0.0001474853343097493
                ],
                [
                    "is",
                    0.00014200266741681844
                ],
                [
                    "yi",
                    0.00013845441571902484
                ],
                [
                    "af",
                    0.00013050137204118073
                ],
                [
                    "lv",
                    0.00012841480202041566
                ],
                [
                    "lt",
