{
    "path": "/Users/cindyzhang/YouLingo/video_analysis/sampled_videos_subset/402_video.mp4",
    "audio_path": "video_analysis/sampled_audios_subset/402_video_audio.wav",
    "language": "en",
    "length_sec": 10.77,
    "vad_duration_sec": 4.72,
    "total_segment_length_sec": 0.0,
    "word_count": -1,
    "tokens": [],
    "types": [],
    "mean_sentence_length_words": -1.0,
    "wpm": -1,
    "spm": -1,
    "average_ptr": -1,
    "transcript_text": "",
    "transcript": {
        "segments": [],
        "info": {
            "language": "en",
            "duration": 10.7740625,
            "duration_after_vad": 4.72,
            "language_probability": 0.7382421493530273,
            "all_language_probs": [
                [
                    "en",
                    0.7382421493530273
                ],
                [
                    "ko",
                    0.09172124415636063
                ],
                [
                    "jw",
                    0.015064375475049019
                ],
                [
                    "ja",
                    0.013991361483931541
                ],
                [
                    "de",
                    0.012662945315241814
                ],
                [
                    "pt",
                    0.01038109976798296
                ],
                [
                    "ru",
                    0.009016142226755619
                ],
                [
                    "fr",
                    0.008681992068886757
                ],
                [
                    "es",
                    0.008291536942124367
                ],
                [
                    "zh",
                    0.007662547752261162
                ],
                [
                    "km",
                    0.006752932909876108
                ],
                [
                    "haw",
                    0.006274743936955929
                ],
                [
                    "nl",
                    0.005677772220224142
                ],
                [
                    "nn",
                    0.005670953541994095
                ],
                [
                    "tr",
                    0.005062997806817293
                ],
                [
                    "hi",
                    0.003614150220528245
                ],
                [
                    "it",
                    0.003595273941755295
                ],
                [
                    "tl",
                    0.0032353531569242477
                ],
                [
                    "cy",
                    0.003106001066043973
                ],
                [
                    "pl",
                    0.0030897255055606365
                ],
                [
                    "la",
                    0.0027583250775933266
                ],
                [
                    "th",
                    0.0024958655703812838
                ],
                [
                    "si",
                    0.0022317026741802692
                ],
                [
                    "ta",
                    0.0019831371027976274
                ],
                [
                    "sn",
                    0.00195764540694654
                ],
                [
                    "ar",
                    0.0017756156157702208
                ],
                [
                    "vi",
                    0.0016996902413666248
                ],
                [
                    "te",
                    0.0015507412608712912
                ],
                [
                    "mi",
                    0.001400236040353775
                ],
                [
                    "id",
                    0.0013476525200530887
                ],
                [
                    "sv",
                    0.0012436860706657171
                ],
                [
                    "ur",
                    0.001153942896053195
                ],
                [
                    "el",
                    0.0011532382341101766
                ],
                [
                    "da",
                    0.0011248085647821426
                ],
                [
                    "ms",
                    0.0011066526640206575
                ],
                [
                    "ml",
                    0.0008947637979872525
                ],
                [
                    "uk",
                    0.0008862230461090803
                ],
                [
                    "no",
                    0.000837471045088023
                ],
                [
                    "fi",
                    0.0008350409916602075
                ],
                [
                    "ro",
                    0.0007662054267711937
                ],
                [
                    "yo",
                    0.0006346758455038071
                ],
                [
                    "hu",
                    0.0005912042688578367
                ],
                [
                    "sa",
                    0.0005605363403446972
                ],
                [
                    "br",
                    0.0005417304928414524
                ],
                [
                    "cs",
                    0.0005065395380370319
                ],
                [
                    "hr",
                    0.00045610734377987683
                ],
                [
                    "bs",
                    0.0004308117786422372
                ],
                [
                    "ca",
                    0.0004305333422962576
                ],
                [
                    "ht",
                    0.0003866385668516159
                ],
                [
                    "bn",
                    0.00033678318141028285
                ],
                [
                    "he",
                    0.0003028472710866481
                ],
                [
                    "fa",
                    0.00027943652821704745
                ],
                [
                    "my",
                    0.00027136789867654443
                ],
                [
                    "is",
                    0.00024461618158966303
                ],
                [
                    "sl",
                    0.0002297218015883118
                ],
                [
                    "gl",
                    0.00017142327851615846
                ],
                [
                    "yi",
                    0.00016814710397738963
                ],
                [
                    "mn",
                    0.00016021054761949927
                ],
                [
                    "bg",
                    0.00015879089187365025
                ],
                [
                    "bo",
                    0.000156209702254273
                ],
                [
                    "sw",
                    0.00014821533113718033
                ],
                [
                    "eu",
                    0.00014131628267932683
                ],
                [
                    "lv",
                    0.00013878733443561941
                ],
                [
                    "fo",
                    0.00013590423623099923
                ],
                [
                    "sk",
                    0.0001270133361686021
                ],
                [
                    "ne",
                    0.00012327860167715698
                ],
                [
                    "be",
                    0.000118699659651611
                ],
                [
                    "oc",
                    9.955899440683424e-05
                ],
                [
                    "af",
                    9.468617645325139e-05
                ],
                [
                    "hy",
