{
    "path": "/Users/cindyzhang/YouLingo/video_analysis/sampled_videos_subset/417_video.mp4",
    "audio_path": "video_analysis/sampled_audios_subset/417_video_audio.wav",
    "language": "en",
    "length_sec": 10.24,
    "vad_duration_sec": 2.832,
    "total_segment_length_sec": 0.0,
    "word_count": -1,
    "tokens": [],
    "types": [],
    "mean_sentence_length_words": -1.0,
    "wpm": -1,
    "spm": -1,
    "average_ptr": -1,
    "transcript_text": "",
    "transcript": {
        "segments": [],
        "info": {
            "language": "en",
            "duration": 10.24,
            "duration_after_vad": 2.832,
            "language_probability": 0.3794059157371521,
            "all_language_probs": [
                [
                    "en",
                    0.3794059157371521
                ],
                [
                    "ja",
                    0.08716745674610138
                ],
                [
                    "ko",
                    0.07367081195116043
                ],
                [
                    "jw",
                    0.044088710099458694
                ],
                [
                    "hi",
                    0.0408414751291275
                ],
                [
                    "zh",
                    0.03599458932876587
                ],
                [
                    "de",
                    0.03585276007652283
                ],
                [
                    "km",
                    0.0337253212928772
                ],
                [
                    "es",
                    0.021722955629229546
                ],
                [
                    "fr",
                    0.019967496395111084
                ],
                [
                    "la",
                    0.015396949835121632
                ],
                [
                    "ru",
                    0.013916698284447193
                ],
                [
                    "ms",
                    0.013581736013293266
                ],
                [
                    "te",
                    0.012177085503935814
                ],
                [
                    "nn",
                    0.009879297576844692
                ],
                [
                    "cy",
                    0.009653467684984207
                ],
                [
                    "th",
                    0.008993787690997124
                ],
                [
                    "ro",
                    0.008072411641478539
                ],
                [
                    "pt",
                    0.007787391077727079
                ],
                [
                    "tl",
                    0.0072150081396102905
                ],
                [
                    "it",
                    0.007138435263186693
                ],
                [
                    "vi",
                    0.006634525954723358
                ],
                [
                    "pl",
                    0.0065841227769851685
                ],
                [
                    "ta",
                    0.006344628054648638
                ],
                [
                    "haw",
                    0.005700104869902134
                ],
                [
                    "nl",
                    0.005634994711726904
                ],
                [
                    "sa",
                    0.005420307628810406
                ],
                [
                    "tr",
                    0.004876276943832636
                ],
                [
                    "ar",
                    0.004676230251789093
                ],
                [
                    "id",
                    0.004468096420168877
                ],
                [
                    "sn",
                    0.004204838071018457
                ],
                [
                    "ur",
                    0.00409340625628829
                ],
                [
                    "hu",
                    0.003999801352620125
                ],
                [
                    "ca",
                    0.003700790461152792
                ],
                [
                    "cs",
                    0.003485697088763118
                ],
                [
                    "mi",
                    0.0032640136778354645
                ],
                [
                    "mn",
                    0.0026360161136835814
                ],
                [
                    "my",
                    0.00255027087405324
                ],
                [
                    "ne",
                    0.0023916829377412796
                ],
                [
                    "br",
                    0.0021942188031971455
                ],
                [
                    "el",
                    0.002172961598262191
                ],
                [
                    "eu",
                    0.0017789850244298577
                ],
                [
                    "bn",
                    0.001694130594842136
                ],
                [
                    "ml",
                    0.0016555149341002107
                ],
                [
                    "he",
                    0.001632498693652451
                ],
                [
                    "si",
                    0.0014976492384448647
                ],
                [
                    "hr",
                    0.0013151239836588502
                ],
                [
                    "uk",
                    0.001211149268783629
                ],
                [
                    "bg",
                    0.0010568255092948675
                ],
                [
                    "bo",
                    0.0010380508610978723
                ],
                [
                    "no",
                    0.0009895238326862454
                ],
                [
                    "sl",
                    0.0009418340632691979
                ],
                [
                    "yo",
                    0.0008534283842891455
                ],
                [
                    "da",
                    0.0007197771337814629
                ],
                [
                    "oc",
                    0.0007071770378388464
                ],
                [
                    "mr",
                    0.0007063203956931829
                ],
                [
                    "bs",
                    0.0006907953065820038
                ],
                [
                    "hy",
                    0.0006811152561567724
                ],
                [
                    "gl",
                    0.0006391587667167187
                ],
                [
                    "sk",
                    0.0006208373815752566
                ],
                [
                    "fi",
                    0.0005989971105009317
                ],
                [
                    "sv",
                    0.000591159041505307
                ],
                [
                    "is",
                    0.0005791423027403653
                ],
                [
                    "fa",
                    0.0005159894935786724
                ],
                [
                    "kk",
                    0.00044329639058560133
                ],
                [
                    "sr",
                    0.00043416995322331786
                ],
                [
                    "lv",
                    0.00042242149356752634
                ],
                [
                    "gu",
                    0.00040006826748140156
                ],
                [
                    "af",
                    0.0003985077782999724
                ],
                [
                    "yi",
