{
    "path": "/Users/cindyzhang/YouLingo/video_analysis/sampled_videos_subset/427_video.mp4",
    "audio_path": "video_analysis/sampled_audios_subset/427_video_audio.wav",
    "language": "pt",
    "length_sec": 18.51,
    "vad_duration_sec": 1.6583125,
    "total_segment_length_sec": 0.0,
    "word_count": -1,
    "tokens": [],
    "types": [],
    "mean_sentence_length_words": -1.0,
    "wpm": -1,
    "spm": -1,
    "average_ptr": -1,
    "transcript_text": "",
    "transcript": {
        "segments": [],
        "info": {
            "language": "pt",
            "duration": 18.5063125,
            "duration_after_vad": 1.6583125,
            "language_probability": 0.20985481142997742,
            "all_language_probs": [
                [
                    "pt",
                    0.20985481142997742
                ],
                [
                    "en",
                    0.16855716705322266
                ],
                [
                    "hi",
                    0.10408439487218857
                ],
                [
                    "tr",
                    0.05834480747580528
                ],
                [
                    "ru",
                    0.035448916256427765
                ],
                [
                    "ur",
                    0.033762458711862564
                ],
                [
                    "fr",
                    0.021460101008415222
                ],
                [
                    "cs",
                    0.020106742158532143
                ],
                [
                    "bn",
                    0.01781652495265007
                ],
                [
                    "hr",
                    0.016234837472438812
                ],
                [
                    "ro",
                    0.015452642925083637
                ],
                [
                    "zh",
                    0.014065135270357132
                ],
                [
                    "bs",
                    0.013781862333416939
                ],
                [
                    "uk",
                    0.01306871697306633
                ],
                [
                    "pl",
                    0.012425004504621029
                ],
                [
                    "ne",
                    0.012151332572102547
                ],
                [
                    "yo",
                    0.010746101848781109
                ],
                [
                    "ja",
                    0.010717409662902355
                ],
                [
                    "fa",
                    0.010537771508097649
                ],
                [
                    "el",
                    0.010229691863059998
                ],
                [
                    "ko",
                    0.009895672090351582
                ],
                [
                    "ar",
                    0.009169748984277248
                ],
                [
                    "de",
                    0.008997038938105106
                ],
                [
                    "it",
                    0.008878246881067753
                ],
                [
                    "hu",
                    0.008409736678004265
                ],
                [
                    "cy",
                    0.007884553633630276
                ],
                [
                    "es",
                    0.007464400492608547
                ],
                [
                    "jw",
                    0.0068493494763970375
                ],
                [
                    "ta",
                    0.006815577857196331
                ],
                [
                    "sl",
                    0.00585140660405159
                ],
                [
                    "la",
                    0.0050020101480185986
                ],
                [
                    "ms",
                    0.004923657979816198
                ],
                [
                    "he",
                    0.004895186983048916
                ],
                [
                    "sr",
                    0.004876953549683094
                ],
                [
                    "te",
                    0.004549107514321804
                ],
                [
                    "vi",
                    0.0040863933973014355
                ],
                [
                    "da",
                    0.003674754872918129
                ],
                [
                    "nn",
                    0.0034280044492334127
                ],
                [
                    "nl",
                    0.003185794921591878
                ],
                [
                    "mi",
                    0.0031637728679925203
                ],
                [
                    "lv",
                    0.0031167229171842337
                ],
                [
                    "id",
                    0.0029396971222013235
                ],
                [
                    "my",
                    0.002917099744081497
                ],
                [
                    "lt",
                    0.002883364912122488
                ],
                [
                    "bg",
                    0.0027703503146767616
                ],
                [
                    "sk",
                    0.002721332013607025
                ],
                [
                    "sd",
                    0.002710258588194847
                ],
                [
                    "fi",
                    0.0027035309467464685
                ],
                [
                    "sv",
                    0.0026927776634693146
                ],
                [
                    "no",
                    0.0026368042454123497
                ],
                [
                    "bo",
                    0.0025557929184287786
                ],
                [
                    "sa",
                    0.002450951375067234
                ],
                [
                    "km",
                    0.0023885713890194893
                ],
                [
                    "ht",
                    0.002238066866993904
                ],
                [
                    "pa",
                    0.002169300802052021
                ],
                [
                    "haw",
                    0.0021353696938604116
                ],
                [
                    "az",
                    0.0017182485898956656
                ],
                [
                    "ca",
                    0.0015666121616959572
                ],
                [
                    "sn",
                    0.0014890715247020125
                ],
                [
                    "br",
                    0.0014553680084645748
                ],
                [
                    "tl",
                    0.0013759423745796084
                ],
                [
                    "af",
                    0.0012987280497327447
                ],
                [
                    "th",
                    0.001225452171638608
                ],
                [
                    "sw",
                    0.0012074126861989498
                ],
                [
                    "ka",
                    0.0011810255236923695
                ],
                [
                    "sq",
                    0.0010614076163619757
                ],
                [
                    "yi",
                    0.0010343994945287704
                ],
                [
                    "as",
                    0.000996737857349217
                ],
                [
                    "gu",
                    0.0009433223167434335
                ],
                [
                    "si",
