{
    "path": "/Users/cindyzhang/YouLingo/video_analysis/sampled_videos_subset/42_video.mp4",
    "audio_path": "video_analysis/sampled_audios_subset/42_video_audio.wav",
    "language": "en",
    "length_sec": 9.5,
    "vad_duration_sec": 0.72,
    "total_segment_length_sec": 0.0,
    "word_count": -1,
    "tokens": [],
    "types": [],
    "mean_sentence_length_words": -1.0,
    "wpm": -1,
    "spm": -1,
    "average_ptr": -1,
    "transcript_text": "",
    "transcript": {
        "segments": [],
        "info": {
            "language": "en",
            "duration": 9.498375,
            "duration_after_vad": 0.72,
            "language_probability": 0.7998248934745789,
            "all_language_probs": [
                [
                    "en",
                    0.7998248934745789
                ],
                [
                    "ko",
                    0.026652414351701736
                ],
                [
                    "nn",
                    0.022935885936021805
                ],
                [
                    "ja",
                    0.02100314013659954
                ],
                [
                    "cy",
                    0.012977734208106995
                ],
                [
                    "ru",
                    0.008030510507524014
                ],
                [
                    "nl",
                    0.007808901835232973
                ],
                [
                    "zh",
                    0.00719104427844286
                ],
                [
                    "es",
                    0.007027110550552607
                ],
                [
                    "fr",
                    0.0068647600710392
                ],
                [
                    "la",
                    0.006530371494591236
                ],
                [
                    "pt",
                    0.005466386675834656
                ],
                [
                    "de",
                    0.004747789353132248
                ],
                [
                    "jw",
                    0.0041281068697571754
                ],
                [
                    "ar",
                    0.003843209007754922
                ],
                [
                    "tr",
                    0.003828973975032568
                ],
                [
                    "hi",
                    0.003744837362319231
                ],
                [
                    "it",
                    0.0035759704187512398
                ],
                [
                    "pl",
                    0.003403589129447937
                ],
                [
                    "haw",
                    0.0033293520100414753
                ],
                [
                    "km",
                    0.0031336110550910234
                ],
                [
                    "th",
                    0.003024014877155423
                ],
                [
                    "fi",
                    0.002449227962642908
                ],
                [
                    "vi",
                    0.0022545361425727606
                ],
                [
                    "sv",
                    0.002235300140455365
                ],
                [
                    "hu",
                    0.0017832604935392737
                ],
                [
                    "id",
                    0.0017727609956637025
                ],
                [
                    "tl",
                    0.001764553366228938
                ],
                [
                    "el",
                    0.0016012965934351087
                ],
                [
                    "te",
                    0.0015631483402103186
                ],
                [
                    "ms",
                    0.0012969722738489509
                ],
                [
                    "ml",
                    0.001188168185763061
                ],
                [
                    "br",
                    0.000979396398179233
                ],
                [
                    "mi",
                    0.0008945674053393304
                ],
                [
                    "ta",
                    0.0008884111884981394
                ],
                [
                    "cs",
                    0.0008804590906947851
                ],
                [
                    "da",
                    0.0008687246590852737
                ],
                [
                    "no",
                    0.0008414059993810952
                ],
                [
                    "ur",
                    0.0005692727863788605
                ],
                [
                    "si",
                    0.0005507502355612814
                ],
                [
                    "uk",
                    0.0004462523793336004
                ],
                [
                    "sn",
                    0.0004391323891468346
                ],
                [
                    "ca",
                    0.00043121169437654316
                ],
                [
                    "ro",
                    0.0003579568292479962
                ],
                [
                    "sa",
                    0.00032651916262693703
                ],
                [
                    "bg",
                    0.0003141245397273451
                ],
                [
                    "sl",
                    0.0002593585813883692
                ],
                [
                    "mn",
                    0.00025184015976265073
                ],
                [
                    "he",
                    0.00024827549350447953
                ],
                [
                    "my",
                    0.00023887489805929363
                ],
                [
                    "hr",
                    0.00022228081070352346
                ],
                [
                    "is",
                    0.00021816181833855808
                ],
                [
                    "gl",
                    0.00021381306578405201
                ],
                [
                    "eu",
                    0.0002130959037458524
                ],
                [
                    "bn",
                    0.000183373354957439
                ],
                [
                    "yo",
                    0.00017143388686235994
                ],
                [
                    "bs",
                    0.0001671567588346079
                ],
                [
                    "sk",
                    0.00016375053382944316
                ],
                [
                    "fa",
                    0.0001570063323015347
                ],
                [
                    "af",
                    0.00015318466466851532
                ],
                [
                    "bo",
                    0.0001275391405215487
                ],
                [
                    "ne",
                    0.00010597736400086433
                ],
                [
                    "lv",
                    9.019004210131243e-05
                ],
                [
                    "ht",
                    8.761257777223364e-05
                ],
                [
                    "oc",
                    8.509933832101524e-05
                ],
                [
                    "fo",
                    7.816322613507509e-05
                ],
                [
                    "yi",
                    7.757935964036733e-05
                ],
                [
                    "lt",
                    6.459486758103594e-05
                ],
                [
                    "et",
                    6.197086622705683e-05
                ],
                [
                    "sw",
