{
    "path": "/Users/cindyzhang/YouLingo/video_analysis/sampled_videos_subset/449_video.mp4",
    "audio_path": "video_analysis/sampled_audios_subset/449_video_audio.wav",
    "language": "en",
    "length_sec": 10.41,
    "vad_duration_sec": 8.5393125,
    "total_segment_length_sec": 0.0,
    "word_count": -1,
    "tokens": [],
    "types": [],
    "mean_sentence_length_words": -1.0,
    "wpm": -1,
    "spm": -1,
    "average_ptr": -1,
    "transcript_text": "",
    "transcript": {
        "segments": [],
        "info": {
            "language": "en",
            "duration": 10.3793125,
            "duration_after_vad": 8.5393125,
            "language_probability": 0.980077862739563,
            "all_language_probs": [
                [
                    "en",
                    0.980077862739563
                ],
                [
                    "ko",
                    0.006084263324737549
                ],
                [
                    "pt",
                    0.0023871739394962788
                ],
                [
                    "es",
                    0.0020989286713302135
                ],
                [
                    "fr",
                    0.0020116420928388834
                ],
                [
                    "zh",
                    0.0011159292189404368
                ],
                [
                    "haw",
                    0.0009808674221858382
                ],
                [
                    "ja",
                    0.0006212242878973484
                ],
                [
                    "tl",
                    0.0005013670888729393
                ],
                [
                    "tr",
                    0.00038791008410044014
                ],
                [
                    "km",
                    0.00030698184855282307
                ],
                [
                    "yo",
                    0.00030084908939898014
                ],
                [
                    "de",
                    0.0002509527839720249
                ],
                [
                    "th",
                    0.000229641780606471
                ],
                [
                    "cy",
                    0.00019698972755577415
                ],
                [
                    "ru",
                    0.0001798798912204802
                ],
                [
                    "hi",
                    0.0001623657444724813
                ],
                [
                    "nl",
                    0.00016183317347895354
                ],
                [
                    "pl",
                    0.00015810917830094695
                ],
                [
                    "ht",
                    0.0001442715001758188
                ],
                [
                    "mi",
                    0.00013644222053699195
                ],
                [
                    "it",
                    0.00012197718024253845
                ],
                [
                    "nn",
                    0.00011742686911020428
                ],
                [
                    "jw",
                    0.00011559520498849452
                ],
                [
                    "vi",
                    0.00011192113015567884
                ],
                [
                    "sn",
                    9.967809455702081e-05
                ],
                [
                    "ta",
                    9.874518582364544e-05
                ],
                [
                    "la",
                    9.400135604664683e-05
                ],
                [
                    "ar",
                    6.728913285769522e-05
                ],
                [
                    "id",
                    6.0560359997907653e-05
                ],
                [
                    "da",
                    5.4659471061313525e-05
                ],
                [
                    "ms",
                    4.653924042941071e-05
                ],
                [
                    "el",
                    3.837508847936988e-05
                ],
                [
                    "si",
                    3.72765825886745e-05
                ],
                [
                    "ur",
                    3.4046301152557135e-05
                ],
                [
                    "te",
                    2.8156739062978886e-05
                ],
                [
                    "br",
                    2.661145117599517e-05
                ],
                [
                    "he",
                    2.6512960175750777e-05
                ],
                [
                    "sv",
                    2.5854935302049853e-05
                ],
                [
                    "hu",
                    2.1024163288529962e-05
                ],
                [
                    "my",
                    1.9118453565170057e-05
                ],
                [
                    "sw",
                    1.883722325146664e-05
                ],
                [
                    "no",
                    1.7032756659318693e-05
                ],
                [
                    "yi",
                    1.6844822312123142e-05
                ],
                [
                    "ro",
                    1.6137950296979398e-05
                ],
                [
                    "bs",
                    1.4977180399000645e-05
                ],
                [
                    "bn",
                    1.4878366528137121e-05
                ],
                [
                    "cs",
                    1.4239966731111053e-05
                ],
                [
                    "fa",
                    1.378100296278717e-05
                ],
                [
                    "hr",
                    1.3647767445945647e-05
                ],
                [
                    "ml",
                    1.2504620826803148e-05
                ],
                [
                    "fi",
                    1.1016447388101369e-05
                ],
                [
                    "ca",
                    8.858465662342496e-06
                ],
                [
                    "uk",
                    8.351876203960273e-06
                ],
                [
                    "ne",
                    7.694372470723465e-06
                ],
                [
                    "eu",
                    7.452650606865063e-06
                ],
                [
                    "bo",
                    6.059285169612849e-06
                ],
                [
                    "sa",
                    5.870385848538717e-06
                ],
                [
                    "sl",
                    5.033212346461369e-06
                ],
                [
                    "is",
                    4.565456492855446e-06
                ],
                [
                    "fo",
                    3.914994067599764e-06
                ],
                [
                    "af",
                    3.87037198379403e-06
                ],
                [
                    "pa",
                    3.470712726993952e-06
                ],
                [
                    "mn",
                    3.2118077797349542e-06
                ],
                [
                    "bg",
                    2.9280511171236867e-06
                ],
                [
                    "gl",
                    2.7933531328017125e-06
                ],
                [
                    "sd",
                    1.919435135278036e-06
                ],
                [
                    "lt",
                    1.6359720120817656e-06
                ],
                [
                    "oc",
                    1.5580376384605188e-06
