{
    "path": "/Users/cindyzhang/YouLingo/video_analysis/sampled_videos_subset/452_video.mp4",
    "audio_path": "video_analysis/sampled_audios_subset/452_video_audio.wav",
    "language": "en",
    "length_sec": 15.05,
    "vad_duration_sec": 1.28,
    "total_segment_length_sec": 0.0,
    "word_count": -1,
    "tokens": [],
    "types": [],
    "mean_sentence_length_words": -1.0,
    "wpm": -1,
    "spm": -1,
    "average_ptr": -1,
    "transcript_text": "",
    "transcript": {
        "segments": [],
        "info": {
            "language": "en",
            "duration": 15.0465625,
            "duration_after_vad": 1.28,
            "language_probability": 0.34206441044807434,
            "all_language_probs": [
                [
                    "en",
                    0.34206441044807434
                ],
                [
                    "nn",
                    0.12821117043495178
                ],
                [
                    "jw",
                    0.06252173334360123
                ],
                [
                    "ko",
                    0.04805842041969299
                ],
                [
                    "pt",
                    0.04725278541445732
                ],
                [
                    "ja",
                    0.03300406038761139
                ],
                [
                    "km",
                    0.026924187317490578
                ],
                [
                    "es",
                    0.024873388931155205
                ],
                [
                    "fr",
                    0.022408444434404373
                ],
                [
                    "ru",
                    0.02112872339785099
                ],
                [
                    "zh",
                    0.01773599162697792
                ],
                [
                    "sn",
                    0.01481090858578682
                ],
                [
                    "la",
                    0.014808479696512222
                ],
                [
                    "de",
                    0.014624333009123802
                ],
                [
                    "pl",
                    0.012059858068823814
                ],
                [
                    "tr",
                    0.01057617086917162
                ],
                [
                    "nl",
                    0.010182135738432407
                ],
                [
                    "it",
                    0.010148351080715656
                ],
                [
                    "te",
                    0.01012482214719057
                ],
                [
                    "cy",
                    0.009999794885516167
                ],
                [
                    "haw",
                    0.009445772506296635
                ],
                [
                    "si",
                    0.008822145871818066
                ],
                [
                    "br",
                    0.008750878274440765
                ],
                [
                    "ro",
                    0.00744997151196003
                ],
                [
                    "hi",
                    0.0073927282355725765
                ],
                [
                    "ar",
                    0.0060647777281701565
                ],
                [
                    "el",
                    0.005555251147598028
                ],
                [
                    "id",
                    0.003962487913668156
                ],
                [
                    "th",
                    0.003800670150667429
                ],
                [
                    "hu",
                    0.0037648763973265886
                ],
                [
                    "vi",
                    0.0037240248639136553
                ],
                [
                    "sv",
                    0.003409680910408497
                ],
                [
                    "bg",
                    0.0033935096580535173
                ],
                [
                    "sa",
                    0.003240052377805114
                ],
                [
                    "fi",
                    0.003024133387953043
                ],
                [
                    "uk",
                    0.002740632276982069
                ],
                [
                    "ta",
                    0.0027343821711838245
                ],
                [
                    "ms",
                    0.0027091174852102995
                ],
                [
                    "mi",
                    0.002276585204526782
                ],
                [
                    "yo",
                    0.0022729591000825167
                ],
                [
                    "ml",
                    0.002263269852846861
                ],
                [
                    "tl",
                    0.0022474543657153845
                ],
                [
                    "cs",
                    0.0018968641525134444
                ],
                [
                    "ca",
                    0.0015704281395301223
                ],
                [
                    "ur",
                    0.00141983013600111
                ],
                [
                    "gl",
                    0.001366333570331335
                ],
                [
                    "fa",
                    0.0009232581360265613
                ],
                [
                    "he",
                    0.0009140190086327493
                ],
                [
                    "bn",
                    0.0008574491366744041
                ],
                [
                    "no",
                    0.0008152310037985444
                ],
                [
                    "hr",
                    0.0007430525729432702
                ],
                [
                    "da",
                    0.0007210199837572873
                ],
                [
                    "sk",
                    0.000654909701552242
                ],
                [
                    "sl",
                    0.0006415726384148002
                ],
                [
                    "sw",
                    0.0006149656255729496
                ],
                [
                    "my",
                    0.0005244661588221788
                ],
                [
                    "oc",
                    0.00045045852311886847
                ],
                [
                    "hy",
                    0.00038082347600720823
                ],
                [
                    "be",
                    0.0003776293306145817
                ],
                [
                    "fo",
                    0.0003687178250402212
                ],
                [
                    "mn",
                    0.00033478031400591135
                ],
                [
                    "lo",
                    0.00033317552879452705
                ],
                [
                    "eu",
                    0.0003290686581749469
                ],
                [
                    "bs",
                    0.00032348267268389463
                ],
                [
                    "yi",
                    0.0002654542913660407
                ],
                [
                    "ht",
                    0.0002478266251273453
                ],
                [
                    "ps",
                    0.0002218970184912905
                ],
                [
                    "lv",
                    0.00018962381000164896
                ],
                [
                    "az",
                    0.00018548723892308772
                ],
                [
                    "is",
