{
    "path": "/Users/cindyzhang/YouLingo/video_analysis/sampled_videos_subset/460_video.mp4",
    "audio_path": "video_analysis/sampled_audios_subset/460_video_audio.wav",
    "language": "pt",
    "length_sec": 13.13,
    "vad_duration_sec": 13.1206875,
    "total_segment_length_sec": 0.0,
    "word_count": -1,
    "tokens": [],
    "types": [],
    "mean_sentence_length_words": -1.0,
    "wpm": -1,
    "spm": -1,
    "average_ptr": -1,
    "transcript_text": "",
    "transcript": {
        "segments": [],
        "info": {
            "language": "pt",
            "duration": 13.1206875,
            "duration_after_vad": 13.1206875,
            "language_probability": 0.6939501166343689,
            "all_language_probs": [
                [
                    "pt",
                    0.6939501166343689
                ],
                [
                    "en",
                    0.1516798585653305
                ],
                [
                    "ro",
                    0.02625276893377304
                ],
                [
                    "fr",
                    0.022355910390615463
                ],
                [
                    "es",
                    0.010882938280701637
                ],
                [
                    "yo",
                    0.008771630935370922
                ],
                [
                    "tr",
                    0.007269421126693487
                ],
                [
                    "hi",
                    0.004815482534468174
                ],
                [
                    "haw",
                    0.004510880447924137
                ],
                [
                    "ko",
                    0.0038052531890571117
                ],
                [
                    "tl",
                    0.003740781918168068
                ],
                [
                    "ms",
                    0.003184810047969222
                ],
                [
                    "jw",
                    0.00314016523770988
                ],
                [
                    "sw",
                    0.0030551936943084
                ],
                [
                    "ht",
                    0.003005320904776454
                ],
                [
                    "pl",
                    0.002929769456386566
                ],
                [
                    "sn",
                    0.0026107593439519405
                ],
                [
                    "ru",
                    0.0023532873019576073
                ],
                [
                    "ar",
                    0.0022750578355044127
                ],
                [
                    "ur",
                    0.0021720505319535732
                ],
                [
                    "it",
                    0.002154918387532234
                ],
                [
                    "cy",
                    0.0021308152936398983
                ],
                [
                    "el",
                    0.001994258724153042
                ],
                [
                    "mi",
                    0.00198083883151412
                ],
                [
                    "cs",
                    0.0017343987710773945
                ],
                [
                    "br",
                    0.001622466486878693
                ],
                [
                    "id",
                    0.0014413886237889528
                ],
                [
                    "hu",
                    0.0014044450363144279
                ],
                [
                    "ja",
                    0.0013608246808871627
                ],
                [
                    "fa",
                    0.0011737291933968663
                ],
                [
                    "de",
                    0.0011676083086058497
                ],
                [
                    "zh",
                    0.0010428501991555095
                ],
                [
                    "ca",
                    0.0009725152631290257
                ],
                [
                    "la",
                    0.00092169368872419
                ],
                [
                    "te",
                    0.0008603896712884307
                ],
                [
                    "bn",
                    0.0008108956390060484
                ],
                [
                    "nn",
                    0.0007824014173820615
                ],
                [
                    "ta",
                    0.0007726989570073783
                ],
                [
                    "eu",
                    0.000750637729652226
                ],
                [
                    "he",
                    0.0006576518644578755
                ],
                [
                    "lt",
                    0.0006547303637489676
                ],
                [
                    "nl",
                    0.0006267561693675816
                ],
                [
                    "ne",
                    0.0005905875586904585
                ],
                [
                    "vi",
                    0.0005871114553883672
                ],
                [
                    "sk",
                    0.0005810062284581363
                ],
                [
                    "uk",
                    0.0005316933384165168
                ],
                [
                    "km",
                    0.00047698355047032237
                ],
                [
                    "hr",
                    0.0004323893808759749
                ],
                [
                    "gl",
                    0.00042387720895931125
                ],
                [
                    "my",
                    0.0004055775352753699
                ],
                [
                    "oc",
                    0.00039079051930457354
                ],
                [
                    "bs",
                    0.000385698804166168
                ],
                [
                    "sl",
                    0.0003537581069394946
                ],
                [
                    "ps",
                    0.00033977816929109395
                ],
                [
                    "ka",
                    0.0003081804024986923
                ],
                [
                    "ln",
                    0.00027503794990479946
                ],
                [
                    "be",
                    0.0002717600727919489
                ],
                [
                    "fi",
                    0.00025486023514531553
                ],
                [
                    "sa",
                    0.00024232579744420946
                ],
                [
                    "bg",
                    0.00022350449580699205
                ],
                [
                    "pa",
                    0.0001991070166695863
                ],
                [
                    "sd",
                    0.00018681856454350054
                ],
                [
                    "hy",
                    0.00018196522432845086
                ],
                [
                    "bo",
                    0.00017913045303430408
                ],
                [
                    "mr",
                    0.0001730789226712659
                ],
                [
                    "yi",
                    0.00016335230611730367
                ],
                [
                    "lv",
                    0.00016273841902147979
                ],
                [
                    "af",
                    0.00015244285168591887
                ],
                [
                    "sq",
                    0.0001375455321976915
                ],
                [
