{
    "path": "/Users/cindyzhang/YouLingo/video_analysis/sampled_videos_subset/471_video.mp4",
    "audio_path": "video_analysis/sampled_audios_subset/471_video_audio.wav",
    "language": "en",
    "length_sec": 15.23,
    "vad_duration_sec": 1.936,
    "total_segment_length_sec": 0.0,
    "word_count": -1,
    "tokens": [],
    "types": [],
    "mean_sentence_length_words": -1.0,
    "wpm": -1,
    "spm": -1,
    "average_ptr": -1,
    "transcript_text": "",
    "transcript": {
        "segments": [],
        "info": {
            "language": "en",
            "duration": 15.2090625,
            "duration_after_vad": 1.936,
            "language_probability": 0.30034705996513367,
            "all_language_probs": [
                [
                    "en",
                    0.30034705996513367
                ],
                [
                    "ko",
                    0.19770072400569916
                ],
                [
                    "zh",
                    0.14756885170936584
                ],
                [
                    "ja",
                    0.06845620274543762
                ],
                [
                    "vi",
                    0.04523496702313423
                ],
                [
                    "th",
                    0.03102843090891838
                ],
                [
                    "nn",
                    0.026072874665260315
                ],
                [
                    "de",
                    0.019458582624793053
                ],
                [
                    "fr",
                    0.01726173795759678
                ],
                [
                    "es",
                    0.012595255859196186
                ],
                [
                    "jw",
                    0.010380206629633904
                ],
                [
                    "it",
                    0.009659208357334137
                ],
                [
                    "pt",
                    0.009538420476019382
                ],
                [
                    "cy",
                    0.008630041964352131
                ],
                [
                    "nl",
                    0.008551490493118763
                ],
                [
                    "tl",
                    0.00731428200379014
                ],
                [
                    "ru",
                    0.006825050339102745
                ],
                [
                    "km",
                    0.006715086754411459
                ],
                [
                    "hi",
                    0.005728466436266899
                ],
                [
                    "pl",
                    0.005472859367728233
                ],
                [
                    "fi",
                    0.005063049495220184
                ],
                [
                    "sv",
                    0.004672500770539045
                ],
                [
                    "ar",
                    0.004608205519616604
                ],
                [
                    "ms",
                    0.0039163450710475445
                ],
                [
                    "id",
                    0.0038549841847270727
                ],
                [
                    "la",
                    0.0032191327773034573
                ],
                [
                    "haw",
                    0.0031502768397331238
                ],
                [
                    "tr",
                    0.002835415303707123
                ],
                [
                    "hu",
                    0.0023275783751159906
                ],
                [
                    "no",
                    0.0020648634526878595
                ],
                [
                    "da",
                    0.001527102431282401
                ],
                [
                    "mi",
                    0.0013931980356574059
                ],
                [
                    "cs",
                    0.001315454370342195
                ],
                [
                    "ta",
                    0.0012513475958257914
                ],
                [
                    "el",
                    0.0010810935636982322
                ],
                [
                    "te",
                    0.0009994411375373602
                ],
                [
                    "br",
                    0.0009378562099300325
                ],
                [
                    "my",
                    0.0008921417756937444
                ],
                [
                    "ml",
                    0.0008704843930900097
                ],
                [
                    "ur",
                    0.0008102532592602074
                ],
                [
                    "si",
                    0.0007380099268630147
                ],
                [
                    "ca",
                    0.000641593593172729
                ],
                [
                    "uk",
                    0.0006326196598820388
                ],
                [
                    "ro",
                    0.0005825286498293281
                ],
                [
                    "sn",
                    0.0005563846789300442
                ],
                [
                    "he",
                    0.00037165891262702644
                ],
                [
                    "sa",
                    0.00036310640280134976
                ],
                [
                    "gl",
                    0.000345885957358405
                ],
                [
                    "mn",
                    0.00034327097819186747
                ],
                [
                    "hr",
                    0.000294624303933233
                ],
                [
                    "eu",
                    0.0002741047355812043
                ],
                [
                    "sl",
                    0.00026829904527403414
                ],
                [
                    "sk",
                    0.00024726579431444407
                ],
                [
                    "fa",
                    0.00023673944815527648
                ],
                [
                    "ne",
                    0.00023509703169111162
                ],
                [
                    "lo",
                    0.0001983196270884946
                ],
                [
                    "bo",
                    0.00018978977459482849
                ],
                [
                    "yo",
                    0.00017367888358421624
                ],
                [
                    "is",
                    0.00015458445705007762
                ],
                [
                    "bg",
                    0.00015309570881072432
                ],
                [
                    "bs",
                    0.00015248700219672173
                ],
                [
                    "bn",
                    0.00014372302393894643
                ],
                [
                    "fo",
                    0.00012937917199451476
                ],
                [
                    "oc",
                    0.00011704792268574238
                ],
                [
                    "ht",
                    0.00011619454016909003
                ],
                [
                    "be",
                    9.952233085641637e-05
                ],
                [
                    "et",
                    8.80517327459529e-05
                ],
                [
                    "lv",
                    8.395547774853185e-05
                ],
                [
                    "az",
                    7.938335329527035e-05
                ],
                [
                    "lt",
