{
    "path": "/Users/cindyzhang/YouLingo/video_analysis/sampled_videos_subset/496_video.mp4",
    "audio_path": "video_analysis/sampled_audios_subset/496_video_audio.wav",
    "language": "en",
    "length_sec": 15.07,
    "vad_duration_sec": 11.02175,
    "total_segment_length_sec": 0.0,
    "word_count": -1,
    "tokens": [],
    "types": [],
    "mean_sentence_length_words": -1.0,
    "wpm": -1,
    "spm": -1,
    "average_ptr": -1,
    "transcript_text": "",
    "transcript": {
        "segments": [],
        "info": {
            "language": "en",
            "duration": 15.06975,
            "duration_after_vad": 11.02175,
            "language_probability": 0.8584286570549011,
            "all_language_probs": [
                [
                    "en",
                    0.8584286570549011
                ],
                [
                    "ko",
                    0.01937580294907093
                ],
                [
                    "haw",
                    0.013827625662088394
                ],
                [
                    "la",
                    0.013152990490198135
                ],
                [
                    "de",
                    0.012161105871200562
                ],
                [
                    "ja",
                    0.009399615228176117
                ],
                [
                    "cy",
                    0.009192957542836666
                ],
                [
                    "ru",
                    0.0071345907635986805
                ],
                [
                    "nn",
                    0.006990232039242983
                ],
                [
                    "zh",
                    0.00484768021851778
                ],
                [
                    "jw",
                    0.004074528813362122
                ],
                [
                    "es",
                    0.003894180292263627
                ],
                [
                    "pt",
                    0.003406776813790202
                ],
                [
                    "tr",
                    0.003371418220922351
                ],
                [
                    "hi",
                    0.002662508049979806
                ],
                [
                    "fr",
                    0.002241312526166439
                ],
                [
                    "sa",
                    0.0018160986946895719
                ],
                [
                    "pl",
                    0.001775958458893001
                ],
                [
                    "km",
                    0.0014033388579264283
                ],
                [
                    "ar",
                    0.0011571800569072366
                ],
                [
                    "it",
                    0.0011174604296684265
                ],
                [
                    "mi",
                    0.001084682997316122
                ],
                [
                    "ur",
                    0.0009875473333522677
                ],
                [
                    "nl",
                    0.000917621364351362
                ],
                [
                    "br",
                    0.0009073096443898976
                ],
                [
                    "ta",
                    0.0008727933745831251
                ],
                [
                    "th",
                    0.0008591989171691239
                ],
                [
                    "si",
                    0.0008336047758348286
                ],
                [
                    "tl",
                    0.0007578622899018228
                ],
                [
                    "sn",
                    0.0007179998210631311
                ],
                [
                    "te",
                    0.000674629642162472
                ],
                [
                    "ms",
                    0.0006199387134984136
                ],
                [
                    "el",
                    0.0005814118194393814
                ],
                [
                    "vi",
                    0.0005433150217868388
                ],
                [
                    "ro",
                    0.0004348427464719862
                ],
                [
                    "yi",
                    0.00043285134597681463
                ],
                [
                    "bn",
                    0.00042249143007211387
                ],
                [
                    "sv",
                    0.0004054351302329451
                ],
                [
                    "uk",
                    0.0003930384118575603
                ],
                [
                    "sl",
                    0.00038346604560501873
                ],
                [
                    "fi",
                    0.0003674438048619777
                ],
                [
                    "hu",
                    0.0002913807984441519
                ],
                [
                    "no",
                    0.0002704667276702821
                ],
                [
                    "ml",
                    0.00026319894823245704
                ],
                [
                    "fa",
                    0.0002517864922992885
                ],
                [
                    "yo",
                    0.00024337187642231584
                ],
                [
                    "he",
                    0.00023953845084179193
                ],
                [
                    "lv",
                    0.0002329328708583489
                ],
                [
                    "ca",
                    0.00021988200023770332
                ],
                [
                    "bo",
                    0.00021160249889362603
                ],
                [
                    "is",
                    0.00020542768470477313
                ],
                [
                    "da",
                    0.00020236051932442933
                ],
                [
                    "cs",
                    0.00020170118659734726
                ],
                [
                    "my",
                    0.00017408005078323185
                ],
                [
                    "hr",
                    0.00016314613458234817
                ],
                [
                    "eu",
                    0.00016200949903577566
                ],
                [
                    "ht",
                    0.00015648994303774089
                ],
                [
                    "bs",
                    0.00015176684246398509
                ],
                [
                    "gl",
                    0.00014605146134272218
                ],
                [
                    "mn",
                    0.00013676463277079165
                ],
                [
                    "id",
                    0.00013458100147545338
                ],
                [
                    "sw",
                    0.00012573492131195962
                ],
                [
                    "bg",
                    0.0001174626886495389
                ],
                [
                    "be",
                    0.00011398932838346809
                ],
                [
                    "fo",
                    0.00011258226732024923
                ],
                [
                    "sk",
                    9.394121298100799e-05
                ],
                [
                    "af",
                    8.17874024505727e-05
                ],
                [
                    "oc",
                    8.054090721998364e-05
                ],
                [
                    "ne",
                    6.453166861319914e-05
                ],
                [
