{
    "path": "/Users/cindyzhang/YouLingo/video_analysis/sampled_videos_subset/502_video.mp4",
    "audio_path": "video_analysis/sampled_audios_subset/502_video_audio.wav",
    "language": "ko",
    "length_sec": 14.16,
    "vad_duration_sec": 2.928,
    "total_segment_length_sec": 0.0,
    "word_count": -1,
    "tokens": [],
    "types": [],
    "mean_sentence_length_words": -1.0,
    "wpm": -1,
    "spm": -1,
    "average_ptr": -1,
    "transcript_text": "",
    "transcript": {
        "segments": [],
        "info": {
            "language": "ko",
            "duration": 14.1641875,
            "duration_after_vad": 2.928,
            "language_probability": 0.4700336456298828,
            "all_language_probs": [
                [
                    "ko",
                    0.4700336456298828
                ],
                [
                    "en",
                    0.1926703155040741
                ],
                [
                    "ja",
                    0.05071558430790901
                ],
                [
                    "zh",
                    0.03686278313398361
                ],
                [
                    "jw",
                    0.03459693118929863
                ],
                [
                    "nn",
                    0.032469023019075394
                ],
                [
                    "fr",
                    0.02112797647714615
                ],
                [
                    "ru",
                    0.019318096339702606
                ],
                [
                    "pt",
                    0.018943168222904205
                ],
                [
                    "es",
                    0.010318422690033913
                ],
                [
                    "it",
                    0.009170125238597393
                ],
                [
                    "ar",
                    0.00864371657371521
                ],
                [
                    "de",
                    0.008487548679113388
                ],
                [
                    "tr",
                    0.0071421158500015736
                ],
                [
                    "haw",
                    0.0067255147732794285
                ],
                [
                    "pl",
                    0.0064558167941868305
                ],
                [
                    "la",
                    0.005523480009287596
                ],
                [
                    "hi",
                    0.005423976108431816
                ],
                [
                    "nl",
                    0.004241846036165953
                ],
                [
                    "cy",
                    0.00408813776448369
                ],
                [
                    "th",
                    0.003660583635792136
                ],
                [
                    "id",
                    0.0035949822049587965
                ],
                [
                    "el",
                    0.00305928778834641
                ],
                [
                    "vi",
                    0.0029156592208892107
                ],
                [
                    "km",
                    0.0027560663875192404
                ],
                [
                    "ms",
                    0.002641038503497839
                ],
                [
                    "tl",
                    0.002267251256853342
                ],
                [
                    "ro",
                    0.001657480257563293
                ],
                [
                    "hu",
                    0.0016372203826904297
                ],
                [
                    "te",
                    0.0015160887269303203
                ],
                [
                    "uk",
                    0.0014757646713405848
                ],
                [
                    "fi",
                    0.001438901643268764
                ],
                [
                    "ur",
                    0.0014113748911768198
                ],
                [
                    "sv",
                    0.0012856930261477828
                ],
                [
                    "cs",
                    0.0012402936117723584
                ],
                [
                    "mi",
                    0.001234592404216528
                ],
                [
                    "br",
                    0.0011680974857881665
                ],
                [
                    "ta",
                    0.0011589585337787867
                ],
                [
                    "si",
                    0.0009862565202638507
                ],
                [
                    "sn",
                    0.0009449776262044907
                ],
                [
                    "ml",
                    0.000785457028541714
                ],
                [
                    "no",
                    0.0007067687693051994
                ],
                [
                    "ca",
                    0.0006924227345734835
                ],
                [
                    "he",
                    0.0005742612411268055
                ],
                [
                    "sa",
                    0.0004909949493594468
                ],
                [
                    "da",
                    0.00044985709246248007
                ],
                [
                    "mn",
                    0.00044917696504853666
                ],
                [
                    "hr",
                    0.0004296950646676123
                ],
                [
                    "sl",
                    0.00032914004987105727
                ],
                [
                    "gl",
                    0.0003175682795699686
                ],
                [
                    "fa",
                    0.0002875057398341596
                ],
                [
                    "be",
                    0.0002384130348218605
                ],
                [
                    "bg",
                    0.00022738499683327973
                ],
                [
                    "my",
                    0.00021848098549526185
                ],
                [
                    "fo",
                    0.00020407905685715377
                ],
                [
                    "yo",
                    0.00019669168977998197
                ],
                [
                    "bn",
                    0.000182707590283826
                ],
                [
                    "bs",
                    0.00018151046242564917
                ],
                [
                    "sk",
                    0.000177554611582309
                ],
                [
                    "bo",
                    0.00016992201562970877
                ],
                [
                    "ht",
                    0.0001403847272740677
                ],
                [
                    "eu",
                    0.00013355104601942003
                ],
                [
                    "ne",
                    0.0001185260116471909
                ],
                [
                    "oc",
                    0.00011401818483136594
                ],
                [
                    "is",
                    0.00010390942770754918
                ],
                [
                    "az",
                    9.385179146192968e-05
                ],
                [
                    "sw",
                    8.848391735227779e-05
                ],
                [
                    "lo",
                    8.096226520137861e-05
                ],
                [
                    "yi",
                    7.807985821273178e-05
                ],
                [
                    "lv",
