{
    "path": "/Users/cindyzhang/YouLingo/video_analysis/sampled_videos_subset/507_video.mp4",
    "audio_path": "video_analysis/sampled_audios_subset/507_video_audio.wav",
    "language": "ta",
    "length_sec": 54.87,
    "vad_duration_sec": 17.152,
    "total_segment_length_sec": 0.0,
    "word_count": -1,
    "tokens": [],
    "types": [],
    "mean_sentence_length_words": -1.0,
    "wpm": -1,
    "spm": -1,
    "average_ptr": -1,
    "transcript_text": "",
    "transcript": {
        "segments": [],
        "info": {
            "language": "ta",
            "duration": 54.82375,
            "duration_after_vad": 17.152,
            "language_probability": 0.2740482687950134,
            "all_language_probs": [
                [
                    "ta",
                    0.2740482687950134
                ],
                [
                    "ml",
                    0.14941053092479706
                ],
                [
                    "mr",
                    0.10543820261955261
                ],
                [
                    "ne",
                    0.10432784259319305
                ],
                [
                    "si",
                    0.056790538132190704
                ],
                [
                    "hi",
                    0.04923612251877785
                ],
                [
                    "kn",
                    0.047690894454717636
                ],
                [
                    "te",
                    0.04502847045660019
                ],
                [
                    "jw",
                    0.025371741503477097
                ],
                [
                    "en",
                    0.023877771571278572
                ],
                [
                    "bn",
                    0.019695444032549858
                ],
                [
                    "pa",
                    0.012187794782221317
                ],
                [
                    "ms",
                    0.011658151634037495
                ],
                [
                    "id",
                    0.010258967988193035
                ],
                [
                    "tl",
                    0.00969631876796484
                ],
                [
                    "ur",
                    0.007640752010047436
                ],
                [
                    "gu",
                    0.006018721032887697
                ],
                [
                    "sd",
                    0.005417272914201021
                ],
                [
                    "am",
                    0.004330686293542385
                ],
                [
                    "sw",
                    0.003263993887230754
                ],
                [
                    "nn",
                    0.0024357950314879417
                ],
                [
                    "as",
                    0.0023747181985527277
                ],
                [
                    "km",
                    0.002131576417014003
                ],
                [
                    "fr",
                    0.0018764277920126915
                ],
                [
                    "sa",
                    0.0017996706301346421
                ],
                [
                    "es",
                    0.0015049492940306664
                ],
                [
                    "ar",
                    0.0014260542811825871
                ],
                [
                    "ps",
                    0.0009988892124965787
                ],
                [
                    "ja",
                    0.0009695578482933342
                ],
                [
                    "et",
                    0.0008381846128031611
                ],
                [
                    "ko",
                    0.0007149380980990827
                ],
                [
                    "sn",
                    0.0007144896662794054
                ],
                [
                    "fa",
                    0.0007138749351724982
                ],
                [
                    "de",
                    0.0006993199931457639
                ],
                [
                    "bo",
                    0.0006783736171200871
                ],
                [
                    "eu",
                    0.0005495819495990872
                ],
                [
                    "ro",
                    0.0005323963123373687
                ],
                [
                    "it",
                    0.0005158943822607398
                ],
                [
                    "fi",
                    0.0005129153723828495
                ],
                [
                    "my",
                    0.00046799718984402716
                ],
                [
                    "la",
                    0.00046670043957419693
                ],
                [
                    "cs",
                    0.0003965673386119306
                ],
                [
                    "tr",
                    0.00036640226608142257
                ],
                [
                    "zh",
                    0.0003533560084179044
                ],
                [
                    "nl",
                    0.00033191937836818397
                ],
                [
                    "yo",
                    0.0002908601309172809
                ],
                [
                    "haw",
                    0.0002608011709526181
                ],
                [
                    "da",
                    0.0002555915270932019
                ],
                [
                    "so",
                    0.0002486921730451286
                ],
                [
                    "pt",
                    0.00024373065389227122
                ],
                [
                    "th",
                    0.0002130579377990216
                ],
                [
                    "el",
                    0.00020920042879879475
                ],
                [
                    "cy",
                    0.0002056911907857284
                ],
                [
                    "ka",
                    0.00015339594392571598
                ],
                [
                    "mi",
                    0.00015257351333275437
                ],
                [
                    "lv",
                    0.00014821656804997474
                ],
                [
                    "br",
                    0.00013693535584025085
                ],
                [
                    "lt",
                    0.00013362370373215526
                ],
                [
                    "mn",
                    0.00013049757399130613
                ],
                [
                    "hy",
                    0.00012998298916500062
                ],
                [
                    "he",
                    9.960439638234675e-05
                ],
                [
                    "gl",
                    8.57784179970622e-05
                ],
                [
                    "su",
                    7.719435234321281e-05
                ],
                [
                    "sl",
                    7.262653525685892e-05
                ],
                [
                    "lo",
                    7.005291990935802e-05
                ],
                [
                    "ht",
                    6.854195817140862e-05
                ],
                [
                    "ru",
                    6.6975066147279e-05
                ],
                [
                    "bs",
                    6.438147829612717e-05
                ],
                [
                    "af",
                    6.437975389417261e-05
                ],
                [
                    "hr",
