{
    "path": "/Users/cindyzhang/YouLingo/video_analysis/sampled_videos_subset/509_video.mp4",
    "audio_path": "video_analysis/sampled_audios_subset/509_video_audio.wav",
    "language": "en",
    "length_sec": 8.22,
    "vad_duration_sec": 0.928,
    "total_segment_length_sec": 0.0,
    "word_count": -1,
    "tokens": [],
    "types": [],
    "mean_sentence_length_words": -1.0,
    "wpm": -1,
    "spm": -1,
    "average_ptr": -1,
    "transcript_text": "",
    "transcript": {
        "segments": [],
        "info": {
            "language": "en",
            "duration": 8.219875,
            "duration_after_vad": 0.928,
            "language_probability": 0.35105574131011963,
            "all_language_probs": [
                [
                    "en",
                    0.35105574131011963
                ],
                [
                    "nn",
                    0.0904785618185997
                ],
                [
                    "km",
                    0.08475366979837418
                ],
                [
                    "ko",
                    0.07779763638973236
                ],
                [
                    "jw",
                    0.0579461008310318
                ],
                [
                    "si",
                    0.04331878945231438
                ],
                [
                    "ja",
                    0.03222121298313141
                ],
                [
                    "es",
                    0.028211820870637894
                ],
                [
                    "pt",
                    0.02752942405641079
                ],
                [
                    "fr",
                    0.024572478607296944
                ],
                [
                    "ru",
                    0.019355889409780502
                ],
                [
                    "de",
                    0.0167588759213686
                ],
                [
                    "zh",
                    0.014367582276463509
                ],
                [
                    "sn",
                    0.012265371158719063
                ],
                [
                    "tr",
                    0.008849450387060642
                ],
                [
                    "te",
                    0.007959619164466858
                ],
                [
                    "it",
                    0.007559157442301512
                ],
                [
                    "ro",
                    0.007157453335821629
                ],
                [
                    "nl",
                    0.006520864088088274
                ],
                [
                    "la",
                    0.006145211402326822
                ],
                [
                    "hi",
                    0.006105383858084679
                ],
                [
                    "pl",
                    0.006000842433422804
                ],
                [
                    "cy",
                    0.004811032209545374
                ],
                [
                    "haw",
                    0.004574644844979048
                ],
                [
                    "th",
                    0.0041871508583426476
                ],
                [
                    "vi",
                    0.004163327626883984
                ],
                [
                    "tl",
                    0.003999242093414068
                ],
                [
                    "sv",
                    0.0038926645647734404
                ],
                [
                    "el",
                    0.0034052853006869555
                ],
                [
                    "id",
                    0.00286365975625813
                ],
                [
                    "ar",
                    0.002712215529754758
                ],
                [
                    "ta",
                    0.0026204718742519617
                ],
                [
                    "uk",
                    0.00254462705925107
                ],
                [
                    "fi",
                    0.002181778196245432
                ],
                [
                    "hu",
                    0.0020378693006932735
                ],
                [
                    "sa",
                    0.0018013392109423876
                ],
                [
                    "yo",
                    0.0014457267243415117
                ],
                [
                    "ml",
                    0.0013533306773751974
                ],
                [
                    "ms",
                    0.001336860004812479
                ],
                [
                    "ur",
                    0.001032281550578773
                ],
                [
                    "bg",
                    0.0008861209498718381
                ],
                [
                    "br",
                    0.0008185554179362953
                ],
                [
                    "da",
                    0.0008146212203428149
                ],
                [
                    "cs",
                    0.0007183839334174991
                ],
                [
                    "bn",
                    0.0007077486952766776
                ],
                [
                    "mi",
                    0.0006819188129156828
                ],
                [
                    "ca",
                    0.0006219092756509781
                ],
                [
                    "no",
                    0.00057166104670614
                ],
                [
                    "hr",
                    0.00047435794840566814
                ],
                [
                    "fa",
                    0.0004702557052951306
                ],
                [
                    "he",
                    0.0004277050029486418
                ],
                [
                    "lo",
                    0.00034457261790521443
                ],
                [
                    "gl",
                    0.00032697845017537475
                ],
                [
                    "my",
                    0.0002849114534910768
                ],
                [
                    "sw",
                    0.0002501524577382952
                ],
                [
                    "sk",
                    0.00024637533351778984
                ],
                [
                    "eu",
                    0.00023815892927814275
                ],
                [
                    "mn",
                    0.00023611701908521354
                ],
                [
                    "be",
                    0.00021758208458777517
                ],
                [
                    "sl",
                    0.0002105402381857857
                ],
                [
                    "ht",
                    0.00020850224245805293
                ],
                [
                    "fo",
                    0.00020729894458781928
                ],
                [
                    "oc",
                    0.00020561150449793786
                ],
                [
                    "hy",
                    0.00019308166520204395
                ],
                [
                    "bs",
                    0.00015502699534408748
                ],
                [
                    "is",
                    0.00015240804350469261
                ],
                [
                    "az",
                    0.00013683132419828326
                ],
                [
                    "lv",
                    0.00012852305371779948
                ],
                [
                    "yi",
                    0.0001248189073521644
                ],
                [
                    "bo",
