{
    "path": "/Users/cindyzhang/YouLingo/video_analysis/sampled_videos_subset/510_video.mp4",
    "audio_path": "video_analysis/sampled_audios_subset/510_video_audio.wav",
    "language": "en",
    "length_sec": 15.07,
    "vad_duration_sec": 8.32,
    "total_segment_length_sec": 0.0,
    "word_count": -1,
    "tokens": [],
    "types": [],
    "mean_sentence_length_words": -1.0,
    "wpm": -1,
    "spm": -1,
    "average_ptr": -1,
    "transcript_text": "",
    "transcript": {
        "segments": [],
        "info": {
            "language": "en",
            "duration": 15.0465625,
            "duration_after_vad": 8.32,
            "language_probability": 0.936816930770874,
            "all_language_probs": [
                [
                    "en",
                    0.936816930770874
                ],
                [
                    "ko",
                    0.012320510111749172
                ],
                [
                    "ja",
                    0.009172298945486546
                ],
                [
                    "pt",
                    0.005436559207737446
                ],
                [
                    "haw",
                    0.005295449402183294
                ],
                [
                    "fr",
                    0.004590387921780348
                ],
                [
                    "de",
                    0.0034759517293423414
                ],
                [
                    "yo",
                    0.0020115766674280167
                ],
                [
                    "es",
                    0.001934630679897964
                ],
                [
                    "zh",
                    0.0014191418886184692
                ],
                [
                    "tr",
                    0.0012961693573743105
                ],
                [
                    "mi",
                    0.0011604923056438565
                ],
                [
                    "cy",
                    0.0011535496450960636
                ],
                [
                    "ru",
                    0.0009094451670534909
                ],
                [
                    "sn",
                    0.0008892144542187452
                ],
                [
                    "hi",
                    0.0008029737509787083
                ],
                [
                    "nl",
                    0.0007999111548997462
                ],
                [
                    "km",
                    0.0006892443634569645
                ],
                [
                    "tl",
                    0.0006793945794925094
                ],
                [
                    "pl",
                    0.0006387088797055185
                ],
                [
                    "it",
                    0.0005907226586714387
                ],
                [
                    "th",
                    0.0005857920623384416
                ],
                [
                    "ar",
                    0.0005447901785373688
                ],
                [
                    "jw",
                    0.0005148646305315197
                ],
                [
                    "nn",
                    0.0004830077232327312
                ],
                [
                    "ht",
                    0.0004675519885495305
                ],
                [
                    "la",
                    0.0004410793480928987
                ],
                [
                    "vi",
                    0.00040197899215854704
                ],
                [
                    "ms",
                    0.0003521568141877651
                ],
                [
                    "id",
                    0.0003441894368734211
                ],
                [
                    "br",
                    0.00022645243734586984
                ],
                [
                    "da",
                    0.00022225720749702305
                ],
                [
                    "he",
                    0.00021125368948560208
                ],
                [
                    "el",
                    0.00019988665007986128
                ],
                [
                    "hu",
                    0.00019815302221104503
                ],
                [
                    "ta",
                    0.00019734681700356305
                ],
                [
                    "sv",
                    0.00017519226821605116
                ],
                [
                    "yi",
                    0.00017484024283476174
                ],
                [
                    "ro",
                    0.00017372796719428152
                ],
                [
                    "ur",
                    0.00016584892000537366
                ],
                [
                    "my",
                    0.00012555005378089845
                ],
                [
                    "fa",
                    0.00012004052405245602
                ],
                [
                    "bn",
                    0.00011449956218712032
                ],
                [
                    "cs",
                    0.00011254545097472146
                ],
                [
                    "si",
                    0.00010838222806341946
                ],
                [
                    "no",
                    0.00010557493078522384
                ],
                [
                    "te",
                    0.00010543698590481654
                ],
                [
                    "sw",
                    9.69869433902204e-05
                ],
                [
                    "uk",
                    8.569750934839249e-05
                ],
                [
                    "bo",
                    6.577527528861538e-05
                ],
                [
                    "bs",
                    6.47570050205104e-05
                ],
                [
                    "hr",
                    6.064149783924222e-05
                ],
                [
                    "ca",
                    4.97739456477575e-05
                ],
                [
                    "fi",
                    4.907915717922151e-05
                ],
                [
                    "eu",
                    4.550127778202295e-05
                ],
                [
                    "ml",
                    4.2869618482654914e-05
                ],
                [
                    "sa",
                    4.214292857795954e-05
                ],
                [
                    "bg",
                    4.039444320369512e-05
                ],
                [
                    "sl",
                    3.56964192178566e-05
                ],
                [
                    "af",
                    3.1568230042466894e-05
                ],
                [
                    "is",
                    3.1045012292452157e-05
                ],
                [
                    "ne",
                    3.0094246540102176e-05
                ],
                [
                    "fo",
                    2.826769559760578e-05
                ],
                [
                    "gl",
                    2.419176416879054e-05
                ],
                [
                    "mn",
                    2.1149508029338904e-05
                ],
                [
                    "lv",
                    1.6430823961854912e-05
                ],
                [
                    "oc",
                    1.5706267731729895e-05
                ],
                [
                    "be",
                    1.5560766769340262e-05
                ],
                [
                    "sk",
                    1.5001738574937917e-05
                ],
                [
