{
    "path": "/Users/cindyzhang/YouLingo/video_analysis/sampled_videos_subset/520_video.mp4",
    "audio_path": "video_analysis/sampled_audios_subset/520_video_audio.wav",
    "language": "mr",
    "length_sec": 15.07,
    "vad_duration_sec": 8.256,
    "total_segment_length_sec": 0.0,
    "word_count": -1,
    "tokens": [],
    "types": [],
    "mean_sentence_length_words": -1.0,
    "wpm": -1,
    "spm": -1,
    "average_ptr": -1,
    "transcript_text": "",
    "transcript": {
        "segments": [],
        "info": {
            "language": "mr",
            "duration": 15.0465625,
            "duration_after_vad": 8.256,
            "language_probability": 0.29934749007225037,
            "all_language_probs": [
                [
                    "mr",
                    0.29934749007225037
                ],
                [
                    "si",
                    0.185037299990654
                ],
                [
                    "hi",
                    0.09100739657878876
                ],
                [
                    "te",
                    0.07460083067417145
                ],
                [
                    "en",
                    0.06556529551744461
                ],
                [
                    "ta",
                    0.048577796667814255
                ],
                [
                    "sa",
                    0.04169676825404167
                ],
                [
                    "gu",
                    0.035711850970983505
                ],
                [
                    "kn",
                    0.026763269677758217
                ],
                [
                    "ne",
                    0.019339669495821
                ],
                [
                    "jw",
                    0.015321518294513226
                ],
                [
                    "ms",
                    0.015048978850245476
                ],
                [
                    "bn",
                    0.010499133728444576
                ],
                [
                    "pa",
                    0.008865490555763245
                ],
                [
                    "cs",
                    0.007830927148461342
                ],
                [
                    "fr",
                    0.007011809386312962
                ],
                [
                    "ml",
                    0.006607338786125183
                ],
                [
                    "ja",
                    0.005349305924028158
                ],
                [
                    "id",
                    0.004991304129362106
                ],
                [
                    "ur",
                    0.004778272472321987
                ],
                [
                    "la",
                    0.0029873161111027002
                ],
                [
                    "sw",
                    0.0018034111708402634
                ],
                [
                    "tl",
                    0.0016818338772282004
                ],
                [
                    "th",
                    0.0015729870647192001
                ],
                [
                    "as",
                    0.0014997728867456317
                ],
                [
                    "es",
                    0.001331509556621313
                ],
                [
                    "fi",
                    0.001320966170169413
                ],
                [
                    "sd",
                    0.0011024635750800371
                ],
                [
                    "km",
                    0.0010703480802476406
                ],
                [
                    "sk",
                    0.0007627985323779285
                ],
                [
                    "haw",
                    0.0007043802761472762
                ],
                [
                    "de",
                    0.0006896721897646785
                ],
                [
                    "ps",
                    0.0006640676874667406
                ],
                [
                    "ro",
                    0.000657927303109318
                ],
                [
                    "nn",
                    0.0006354103679768741
                ],
                [
                    "ar",
                    0.0006108012748882174
                ],
                [
                    "he",
                    0.0005088229663670063
                ],
                [
                    "my",
                    0.000493275816552341
                ],
                [
                    "mi",
                    0.00045839749509468675
                ],
                [
                    "am",
                    0.00038792434497736394
                ],
                [
                    "ko",
                    0.00037143725785426795
                ],
                [
                    "zh",
                    0.0003611153515521437
                ],
                [
                    "da",
                    0.000286773283733055
                ],
                [
                    "pt",
                    0.0002760161005426198
                ],
                [
                    "vi",
                    0.0002622321480885148
                ],
                [
                    "et",
                    0.00022851779067423195
                ],
                [
                    "uk",
                    0.00021040232968516648
                ],
                [
                    "lt",
                    0.00021007991745136678
                ],
                [
                    "yo",
                    0.00019771371444221586
                ],
                [
                    "lv",
                    0.00017479468078818172
                ],
                [
                    "bg",
                    0.00017469369049649686
                ],
                [
                    "eu",
                    0.0001564411068102345
                ],
                [
                    "sn",
                    0.00014798104530200362
                ],
                [
                    "hy",
                    0.00013435271102935076
                ],
                [
                    "nl",
                    0.00012854377564508468
                ],
                [
                    "bo",
                    0.00011715579603333026
                ],
                [
                    "el",
                    0.00010899260814767331
                ],
                [
                    "lo",
                    0.00010265315358992666
                ],
                [
                    "cy",
                    0.00010057683539343998
                ],
                [
                    "hr",
                    9.763728303369135e-05
                ],
                [
                    "ru",
                    9.405297896591946e-05
                ],
                [
                    "fa",
                    9.308337030233815e-05
                ],
                [
                    "br",
                    8.9859968284145e-05
                ],
                [
                    "so",
                    8.621539018349722e-05
                ],
                [
                    "ca",
                    8.350387361133471e-05
                ],
                [
                    "pl",
                    8.005882409634069e-05
                ],
                [
                    "it",
                    7.379923044936731e-05
                ],
                [
                    "tr",
                    6.85072664055042e-05
                ],
                [
                    "af",
                    5.530407725018449e-05
                ],
                [
                    "no",
