{
    "path": "/Users/cindyzhang/YouLingo/video_analysis/sampled_videos_subset/548_video.mp4",
    "audio_path": "video_analysis/sampled_audios_subset/548_video_audio.wav",
    "language": "en",
    "length_sec": 16.12,
    "vad_duration_sec": 1.12,
    "total_segment_length_sec": 0.0,
    "word_count": -1,
    "tokens": [],
    "types": [],
    "mean_sentence_length_words": -1.0,
    "wpm": -1,
    "spm": -1,
    "average_ptr": -1,
    "transcript_text": "",
    "transcript": {
        "segments": [],
        "info": {
            "language": "en",
            "duration": 16.1146875,
            "duration_after_vad": 1.12,
            "language_probability": 0.6835665702819824,
            "all_language_probs": [
                [
                    "en",
                    0.6835665702819824
                ],
                [
                    "ko",
                    0.07020411640405655
                ],
                [
                    "ja",
                    0.03412562981247902
                ],
                [
                    "nn",
                    0.032363247126340866
                ],
                [
                    "haw",
                    0.015303419902920723
                ],
                [
                    "fr",
                    0.01526783686131239
                ],
                [
                    "zh",
                    0.01428014412522316
                ],
                [
                    "es",
                    0.012761049903929234
                ],
                [
                    "ru",
                    0.012296232394874096
                ],
                [
                    "jw",
                    0.010088122449815273
                ],
                [
                    "cy",
                    0.009533442556858063
                ],
                [
                    "pt",
                    0.009389489889144897
                ],
                [
                    "la",
                    0.00895963329821825
                ],
                [
                    "de",
                    0.0073538245633244514
                ],
                [
                    "nl",
                    0.005828449036926031
                ],
                [
                    "it",
                    0.005646460689604282
                ],
                [
                    "tr",
                    0.004750096704810858
                ],
                [
                    "hi",
                    0.003775938181206584
                ],
                [
                    "pl",
                    0.003576882416382432
                ],
                [
                    "ar",
                    0.0033039674162864685
                ],
                [
                    "th",
                    0.003260381054133177
                ],
                [
                    "fi",
                    0.0024397524539381266
                ],
                [
                    "km",
                    0.002163392025977373
                ],
                [
                    "ms",
                    0.002092095324769616
                ],
                [
                    "sv",
                    0.0020119138062000275
                ],
                [
                    "id",
                    0.001894302200525999
                ],
                [
                    "el",
                    0.0018637123284861445
                ],
                [
                    "hu",
                    0.001742887543514371
                ],
                [
                    "mi",
                    0.001693970407359302
                ],
                [
                    "vi",
                    0.0016660147812217474
                ],
                [
                    "tl",
                    0.0013363718753680587
                ],
                [
                    "te",
                    0.0013307593762874603
                ],
                [
                    "cs",
                    0.0009590823901817203
                ],
                [
                    "ro",
                    0.0008925388101488352
                ],
                [
                    "br",
                    0.0008882853435352445
                ],
                [
                    "ta",
                    0.0008544349693693221
                ],
                [
                    "uk",
                    0.0007548009743914008
                ],
                [
                    "da",
                    0.0007162898546084762
                ],
                [
                    "no",
                    0.0007147389114834368
                ],
                [
                    "sn",
                    0.0006957903387956321
                ],
                [
                    "si",
                    0.0006535915890708566
                ],
                [
                    "ml",
                    0.0006192094879224896
                ],
                [
                    "he",
                    0.0005700623732991517
                ],
                [
                    "ur",
                    0.0005038517410866916
                ],
                [
                    "ca",
                    0.00043670242303051054
                ],
                [
                    "sa",
                    0.00032579083926975727
                ],
                [
                    "fa",
                    0.000316048099193722
                ],
                [
                    "sl",
                    0.00028520941850729287
                ],
                [
                    "mn",
                    0.000277720537269488
                ],
                [
                    "hr",
                    0.0002760345523711294
                ],
                [
                    "yo",
                    0.0002735053712967783
                ],
                [
                    "gl",
                    0.00024886374012567103
                ],
                [
                    "eu",
                    0.00020857930940110236
                ],
                [
                    "my",
                    0.00018700656073633581
                ],
                [
                    "fo",
                    0.00018382132111582905
                ],
                [
                    "is",
                    0.00017854844918474555
                ],
                [
                    "sk",
                    0.0001635598746361211
                ],
                [
                    "bg",
                    0.00016218864766415209
                ],
                [
                    "bn",
                    0.0001576959330122918
                ],
                [
                    "bs",
                    0.0001528747525298968
                ],
                [
                    "yi",
                    0.00013405016215983778
                ],
                [
                    "ht",
                    0.00013033441791776568
                ],
                [
                    "bo",
                    0.00012102721666451544
                ],
                [
                    "oc",
                    0.0001076595508493483
                ],
                [
                    "af",
                    9.72679554251954e-05
                ],
                [
                    "ne",
                    7.835948053980246e-05
                ],
                [
                    "lv",
                    7.817861478542909e-05
                ],
                [
                    "be",
                    7.791698590153828e-05
                ],
                [
                    "sw",
                    7.524137618020177e-05
                ],
                [
                    "az",
