{
    "path": "/Users/cindyzhang/YouLingo/video_analysis/sampled_videos_subset/54_video.mp4",
    "audio_path": "video_analysis/sampled_audios_subset/54_video_audio.wav",
    "language": "en",
    "length_sec": 40.11,
    "vad_duration_sec": 6.608,
    "total_segment_length_sec": 0.0,
    "word_count": -1,
    "tokens": [],
    "types": [],
    "mean_sentence_length_words": -1.0,
    "wpm": -1,
    "spm": -1,
    "average_ptr": -1,
    "transcript_text": "",
    "transcript": {
        "segments": [],
        "info": {
            "language": "en",
            "duration": 40.0558125,
            "duration_after_vad": 6.608,
            "language_probability": 0.7024482488632202,
            "all_language_probs": [
                [
                    "en",
                    0.7024482488632202
                ],
                [
                    "ko",
                    0.04297468066215515
                ],
                [
                    "ja",
                    0.02456660382449627
                ],
                [
                    "de",
                    0.018558919429779053
                ],
                [
                    "ru",
                    0.017699792981147766
                ],
                [
                    "pt",
                    0.01716221496462822
                ],
                [
                    "fr",
                    0.017036713659763336
                ],
                [
                    "es",
                    0.015365195460617542
                ],
                [
                    "nn",
                    0.011449892073869705
                ],
                [
                    "cy",
                    0.010672655887901783
                ],
                [
                    "pl",
                    0.00999756995588541
                ],
                [
                    "zh",
                    0.008891234174370766
                ],
                [
                    "hi",
                    0.00885767675936222
                ],
                [
                    "la",
                    0.007995082065463066
                ],
                [
                    "it",
                    0.007676221895962954
                ],
                [
                    "km",
                    0.00734315300360322
                ],
                [
                    "nl",
                    0.006982657592743635
                ],
                [
                    "tr",
                    0.005717086605727673
                ],
                [
                    "jw",
                    0.004195874091237783
                ],
                [
                    "ar",
                    0.0038661870639771223
                ],
                [
                    "el",
                    0.003653289983049035
                ],
                [
                    "cs",
                    0.0028201835229992867
                ],
                [
                    "sv",
                    0.00281945476308465
                ],
                [
                    "sn",
                    0.002184799872338772
                ],
                [
                    "ro",
                    0.002119378885254264
                ],
                [
                    "br",
                    0.0019704638980329037
                ],
                [
                    "mi",
                    0.0019640850368887186
                ],
                [
                    "haw",
                    0.001952321850694716
                ],
                [
                    "vi",
                    0.0017884373664855957
                ],
                [
                    "ms",
                    0.0017306841909885406
                ],
                [
                    "hu",
                    0.0014802394434809685
                ],
                [
                    "uk",
                    0.0013644540449604392
                ],
                [
                    "he",
                    0.001315868110395968
                ],
                [
                    "fi",
                    0.0011984029551967978
                ],
                [
                    "ur",
                    0.0011945804581046104
                ],
                [
                    "sl",
                    0.0011284246575087309
                ],
                [
                    "ca",
                    0.0010825269855558872
                ],
                [
                    "tl",
                    0.0010234161745756865
                ],
                [
                    "no",
                    0.000974205497186631
                ],
                [
                    "yo",
                    0.0009602596401236951
                ],
                [
                    "th",
                    0.0009536244906485081
                ],
                [
                    "te",
                    0.0009423998999409378
                ],
                [
                    "da",
                    0.0009005868923850358
                ],
                [
                    "hr",
                    0.0008217868744395673
                ],
                [
                    "ta",
                    0.0007539806538261473
                ],
                [
                    "bs",
                    0.0007287529879249632
                ],
                [
                    "id",
                    0.0007154629565775394
                ],
                [
                    "eu",
                    0.0006607791292481124
                ],
                [
                    "bn",
                    0.0006327992887236178
                ],
                [
                    "bg",
                    0.0006273211911320686
                ],
                [
                    "lv",
                    0.0005264172796159983
                ],
                [
                    "bo",
                    0.0004990877350792289
                ],
                [
                    "sa",
                    0.00046263658441603184
                ],
                [
                    "my",
                    0.0004578161460813135
                ],
                [
                    "gl",
                    0.00043140986235812306
                ],
                [
                    "yi",
                    0.0004181186086498201
                ],
                [
                    "si",
                    0.0004023679066449404
                ],
                [
                    "ht",
                    0.00039423053385689855
                ],
                [
                    "oc",
                    0.0003923726035282016
                ],
                [
                    "fa",
                    0.0003598529438022524
                ],
                [
                    "sk",
                    0.0003508290683384985
                ],
                [
                    "ml",
                    0.0003146797535009682
                ],
                [
                    "lt",
                    0.00029421280487440526
                ],
                [
                    "is",
                    0.000279936968581751
                ],
                [
                    "mn",
                    0.00027789996238425374
                ],
                [
                    "sw",
                    0.0002646088832989335
                ],
                [
                    "af",
                    0.00021128250227775425
                ],
                [
                    "be",
                    0.00020476915233302861
                ],
                [
                    "ne",
                    0.0001965766859939322
                ],
                [
                    "hy",
