{
    "path": "/Users/cindyzhang/YouLingo/video_analysis/sampled_videos_subset/561_video.mp4",
    "audio_path": "video_analysis/sampled_audios_subset/561_video_audio.wav",
    "language": "en",
    "length_sec": 15.07,
    "vad_duration_sec": 0.864,
    "total_segment_length_sec": 0.0,
    "word_count": -1,
    "tokens": [],
    "types": [],
    "mean_sentence_length_words": -1.0,
    "wpm": -1,
    "spm": -1,
    "average_ptr": -1,
    "transcript_text": "",
    "transcript": {
        "segments": [],
        "info": {
            "language": "en",
            "duration": 15.0465625,
            "duration_after_vad": 0.864,
            "language_probability": 0.5295903086662292,
            "all_language_probs": [
                [
                    "en",
                    0.5295903086662292
                ],
                [
                    "ja",
                    0.08702666312456131
                ],
                [
                    "ru",
                    0.06380823999643326
                ],
                [
                    "fr",
                    0.03699158504605293
                ],
                [
                    "ko",
                    0.030908601358532906
                ],
                [
                    "es",
                    0.02735883556306362
                ],
                [
                    "pl",
                    0.024652427062392235
                ],
                [
                    "de",
                    0.024236341938376427
                ],
                [
                    "nn",
                    0.016493910923600197
                ],
                [
                    "la",
                    0.012479905039072037
                ],
                [
                    "it",
                    0.011696246452629566
                ],
                [
                    "pt",
                    0.010086690075695515
                ],
                [
                    "cy",
                    0.009177924133837223
                ],
                [
                    "zh",
                    0.00812685675919056
                ],
                [
                    "nl",
                    0.0077962856739759445
                ],
                [
                    "tr",
                    0.007666139397770166
                ],
                [
                    "hi",
                    0.007535700686275959
                ],
                [
                    "ar",
                    0.007286590989679098
                ],
                [
                    "jw",
                    0.006776056252419949
                ],
                [
                    "sv",
                    0.005524589214473963
                ],
                [
                    "el",
                    0.004688425455242395
                ],
                [
                    "km",
                    0.004256521817296743
                ],
                [
                    "haw",
                    0.003662711940705776
                ],
                [
                    "hu",
                    0.0034046818036586046
                ],
                [
                    "cs",
                    0.0032398190815001726
                ],
                [
                    "th",
                    0.0025846376083791256
                ],
                [
                    "id",
                    0.0024848373141139746
                ],
                [
                    "tl",
                    0.002364892279729247
                ],
                [
                    "he",
                    0.0023505559656769037
                ],
                [
                    "ms",
                    0.002284308895468712
                ],
                [
                    "uk",
                    0.002012946642935276
                ],
                [
                    "ca",
                    0.0019049474503844976
                ],
                [
                    "ro",
                    0.0018563722260296345
                ],
                [
                    "te",
                    0.001841281191445887
                ],
                [
                    "br",
                    0.0017585435416549444
                ],
                [
                    "fi",
                    0.0016035116277635098
                ],
                [
                    "vi",
                    0.0014030777383595705
                ],
                [
                    "ur",
                    0.0013438919559121132
                ],
                [
                    "sn",
                    0.0013366803759709
                ],
                [
                    "hr",
                    0.00119433191139251
                ],
                [
                    "mi",
                    0.0011343933874741197
                ],
                [
                    "no",
                    0.001096393447369337
                ],
                [
                    "da",
                    0.0010897843167185783
                ],
                [
                    "sl",
                    0.0009374392102472484
                ],
                [
                    "bs",
                    0.0008004833944141865
                ],
                [
                    "ta",
                    0.0007526280824095011
                ],
                [
                    "eu",
                    0.0007505802786909044
                ],
                [
                    "sk",
                    0.0007489699637517333
                ],
                [
                    "fa",
                    0.0007301424047909677
                ],
                [
                    "bg",
                    0.0006701351958326995
                ],
                [
                    "sa",
                    0.0006678906502202153
                ],
                [
                    "gl",
                    0.0006429102504625916
                ],
                [
                    "ml",
                    0.0006370607879944146
                ],
                [
                    "si",
                    0.0004767817154061049
                ],
                [
                    "mn",
                    0.00044351056567393243
                ],
                [
                    "ht",
                    0.00043110872502438724
                ],
                [
                    "bn",
                    0.00039400250534527004
                ],
                [
                    "yo",
                    0.00035142505657859147
                ],
                [
                    "be",
                    0.00032631432986818254
                ],
                [
                    "oc",
                    0.00031904163188301027
                ],
                [
                    "my",
                    0.00030262969085015357
                ],
                [
                    "lv",
                    0.0002781790972221643
                ],
                [
                    "bo",
                    0.00026925504789687693
                ],
                [
                    "hy",
                    0.00026877873460762203
                ],
                [
                    "yi",
                    0.00025791628286242485
                ],
                [
                    "sw",
                    0.00023085050634108484
                ],
                [
                    "is",
                    0.00020166502508800477
                ],
                [
                    "sr",
                    0.0001917970075737685
                ],
                [
                    "af",
                    0.0001691211073193699
                ],
                [
                    "lt",
