{
    "path": "/Users/cindyzhang/YouLingo/video_analysis/sampled_videos_subset/562_video.mp4",
    "audio_path": "video_analysis/sampled_audios_subset/562_video_audio.wav",
    "language": "ja",
    "length_sec": 11.35,
    "vad_duration_sec": 0.928,
    "total_segment_length_sec": 0.0,
    "word_count": -1,
    "tokens": [],
    "types": [],
    "mean_sentence_length_words": -1.0,
    "wpm": -1,
    "spm": -1,
    "average_ptr": -1,
    "transcript_text": "",
    "transcript": {
        "segments": [],
        "info": {
            "language": "ja",
            "duration": 11.3545625,
            "duration_after_vad": 0.928,
            "language_probability": 0.34075745940208435,
            "all_language_probs": [
                [
                    "ja",
                    0.34075745940208435
                ],
                [
                    "ko",
                    0.09490182995796204
                ],
                [
                    "en",
                    0.0945233702659607
                ],
                [
                    "es",
                    0.08847595751285553
                ],
                [
                    "it",
                    0.07403703033924103
                ],
                [
                    "pt",
                    0.04459486901760101
                ],
                [
                    "ru",
                    0.028295502066612244
                ],
                [
                    "id",
                    0.02800927497446537
                ],
                [
                    "hi",
                    0.0182845126837492
                ],
                [
                    "jw",
                    0.013819233514368534
                ],
                [
                    "fi",
                    0.013685629703104496
                ],
                [
                    "te",
                    0.013471577316522598
                ],
                [
                    "nn",
                    0.013452677987515926
                ],
                [
                    "zh",
                    0.010319476015865803
                ],
                [
                    "el",
                    0.010301156900823116
                ],
                [
                    "pl",
                    0.009614241309463978
                ],
                [
                    "fr",
                    0.007794668897986412
                ],
                [
                    "tl",
                    0.007348458748310804
                ],
                [
                    "la",
                    0.006608949974179268
                ],
                [
                    "ar",
                    0.006136886775493622
                ],
                [
                    "haw",
                    0.006054987199604511
                ],
                [
                    "hu",
                    0.005729451309889555
                ],
                [
                    "tr",
                    0.005703071132302284
                ],
                [
                    "ro",
                    0.0043268958106637
                ],
                [
                    "de",
                    0.004279076587408781
                ],
                [
                    "ta",
                    0.003354604123160243
                ],
                [
                    "cs",
                    0.003190805669873953
                ],
                [
                    "ms",
                    0.003169847885146737
                ],
                [
                    "hr",
                    0.0030475379899144173
                ],
                [
                    "vi",
                    0.0025273060891777277
                ],
                [
                    "ur",
                    0.0023803021758794785
                ],
                [
                    "sv",
                    0.0022352810483425856
                ],
                [
                    "km",
                    0.002146500162780285
                ],
                [
                    "uk",
                    0.0017063507111743093
                ],
                [
                    "nl",
                    0.0016901098424568772
                ],
                [
                    "ca",
                    0.0016871419502422214
                ],
                [
                    "th",
                    0.0014773121802136302
                ],
                [
                    "cy",
                    0.0013347486965358257
                ],
                [
                    "sk",
                    0.0012606787495315075
                ],
                [
                    "ml",
                    0.0012489822693169117
                ],
                [
                    "eu",
                    0.0012370799668133259
                ],
                [
                    "gl",
                    0.0012057896237820387
                ],
                [
                    "sa",
                    0.0011223439360037446
                ],
                [
                    "si",
                    0.001053752494044602
                ],
                [
                    "bn",
                    0.0008808202110230923
                ],
                [
                    "mi",
                    0.0007876143208704889
                ],
                [
                    "no",
                    0.0007596973446197808
                ],
                [
                    "sn",
                    0.0007312417146749794
                ],
                [
                    "he",
                    0.0006393127259798348
                ],
                [
                    "bs",
                    0.0006295602070167661
                ],
                [
                    "bg",
                    0.0005787897971458733
                ],
                [
                    "be",
                    0.000537433719728142
                ],
                [
                    "sl",
                    0.0005079093971289694
                ],
                [
                    "ne",
                    0.00047703844029456377
                ],
                [
                    "br",
                    0.0004578523221425712
                ],
                [
                    "fa",
                    0.00044253142550587654
                ],
                [
                    "mn",
                    0.0004075278411619365
                ],
                [
                    "kn",
                    0.0003945249773096293
                ],
                [
                    "yo",
                    0.00036854311474598944
                ],
                [
                    "sr",
                    0.00029772170819342136
                ],
                [
                    "lv",
                    0.0002701747289393097
                ],
                [
                    "da",
                    0.00023460756347049028
                ],
                [
                    "et",
                    0.00021573439880739897
                ],
                [
                    "bo",
                    0.0002082732244161889
                ],
                [
                    "lt",
                    0.0002027293376158923
                ],
                [
                    "my",
                    0.00019190403691027313
                ],
                [
                    "is",
                    0.0001834700960898772
                ],
                [
                    "sw",
                    0.00018225373059976846
                ],
                [
                    "oc",
                    0.00017840183863881975
                ],
                [
                    "sd",
