{
    "path": "/Users/cindyzhang/YouLingo/video_analysis/sampled_videos_subset/564_video.mp4",
    "audio_path": "video_analysis/sampled_audios_subset/564_video_audio.wav",
    "language": "en",
    "length_sec": 14.53,
    "vad_duration_sec": 0.96,
    "total_segment_length_sec": 0.0,
    "word_count": -1,
    "tokens": [],
    "types": [],
    "mean_sentence_length_words": -1.0,
    "wpm": -1,
    "spm": -1,
    "average_ptr": -1,
    "transcript_text": "",
    "transcript": {
        "segments": [],
        "info": {
            "language": "en",
            "duration": 14.5603125,
            "duration_after_vad": 0.96,
            "language_probability": 0.7730438709259033,
            "all_language_probs": [
                [
                    "en",
                    0.7730438709259033
                ],
                [
                    "ja",
                    0.07573298364877701
                ],
                [
                    "ko",
                    0.02891477569937706
                ],
                [
                    "nn",
                    0.016684042289853096
                ],
                [
                    "cy",
                    0.010838616639375687
                ],
                [
                    "ru",
                    0.010334706865251064
                ],
                [
                    "la",
                    0.010235113091766834
                ],
                [
                    "de",
                    0.00654155109077692
                ],
                [
                    "jw",
                    0.005653789732605219
                ],
                [
                    "fr",
                    0.005247859284281731
                ],
                [
                    "km",
                    0.004617623053491116
                ],
                [
                    "it",
                    0.004273968283087015
                ],
                [
                    "pt",
                    0.004273438360542059
                ],
                [
                    "es",
                    0.0039816610515117645
                ],
                [
                    "zh",
                    0.0034681865945458412
                ],
                [
                    "pl",
                    0.0027755361516028643
                ],
                [
                    "hu",
                    0.0027695843018591404
                ],
                [
                    "haw",
                    0.0027674695011228323
                ],
                [
                    "tr",
                    0.0025030511897057295
                ],
                [
                    "te",
                    0.002054091775789857
                ],
                [
                    "hi",
                    0.0018687190022319555
                ],
                [
                    "ar",
                    0.001812183647416532
                ],
                [
                    "th",
                    0.001773709082044661
                ],
                [
                    "id",
                    0.0016540815122425556
                ],
                [
                    "nl",
                    0.0013393971603363752
                ],
                [
                    "fi",
                    0.001111239311285317
                ],
                [
                    "vi",
                    0.000863382185343653
                ],
                [
                    "sv",
                    0.0008221607422456145
                ],
                [
                    "el",
                    0.000811728008557111
                ],
                [
                    "ta",
                    0.0007933335145935416
                ],
                [
                    "cs",
                    0.0007659946568310261
                ],
                [
                    "tl",
                    0.0006738162483088672
                ],
                [
                    "ro",
                    0.0006668017595075071
                ],
                [
                    "ms",
                    0.0006340182735584676
                ],
                [
                    "br",
                    0.0006200918578542769
                ],
                [
                    "ca",
                    0.0005766023532487452
                ],
                [
                    "mi",
                    0.0005083109135739505
                ],
                [
                    "sn",
                    0.0004684017039835453
                ],
                [
                    "si",
                    0.0004519428766798228
                ],
                [
                    "ml",
                    0.000369810062693432
                ],
                [
                    "ur",
                    0.00031708338065072894
                ],
                [
                    "sa",
                    0.0003123216738458723
                ],
                [
                    "eu",
                    0.0003007156774401665
                ],
                [
                    "he",
                    0.0002693326387088746
                ],
                [
                    "mn",
                    0.00025451285182498395
                ],
                [
                    "da",
                    0.0002512528153602034
                ],
                [
                    "hr",
                    0.0002501691924408078
                ],
                [
                    "no",
                    0.00020809714624192566
                ],
                [
                    "sl",
                    0.00019641418475657701
                ],
                [
                    "uk",
                    0.00018807791639119387
                ],
                [
                    "my",
                    0.00016609203885309398
                ],
                [
                    "bg",
                    0.00016432616394013166
                ],
                [
                    "bn",
                    0.0001483302330598235
                ],
                [
                    "fa",
                    0.00014294574793893844
                ],
                [
                    "bs",
                    0.00013563860557042062
                ],
                [
                    "yo",
                    0.00010815445421030745
                ],
                [
                    "gl",
                    0.00010461016790941358
                ],
                [
                    "sk",
                    0.00010254564404021949
                ],
                [
                    "bo",
                    0.00010126602865057066
                ],
                [
                    "is",
                    9.632334695197642e-05
                ],
                [
                    "lv",
                    9.096632129512727e-05
                ],
                [
                    "yi",
                    6.6645625338424e-05
                ],
                [
                    "af",
                    5.9974798205075786e-05
                ],
                [
                    "hy",
                    5.9124875406268984e-05
                ],
                [
                    "ht",
                    5.719823457184248e-05
                ],
                [
                    "oc",
                    5.3640098485630006e-05
                ],
                [
                    "be",
                    5.119721026858315e-05
                ],
                [
                    "ne",
                    5.084183067083359e-05
                ],
                [
                    "fo",
                    4.2001731344498694e-05
                ],
                [
