{
    "path": "/Users/cindyzhang/YouLingo/video_analysis/sampled_videos_subset/566_video.mp4",
    "audio_path": "video_analysis/sampled_audios_subset/566_video_audio.wav",
    "language": "en",
    "length_sec": 29.98,
    "vad_duration_sec": 1.408,
    "total_segment_length_sec": 0.0,
    "word_count": -1,
    "tokens": [],
    "types": [],
    "mean_sentence_length_words": -1.0,
    "wpm": -1,
    "spm": -1,
    "average_ptr": -1,
    "transcript_text": "",
    "transcript": {
        "segments": [],
        "info": {
            "language": "en",
            "duration": 29.978375,
            "duration_after_vad": 1.408,
            "language_probability": 0.7823231816291809,
            "all_language_probs": [
                [
                    "en",
                    0.7823231816291809
                ],
                [
                    "ko",
                    0.037478845566511154
                ],
                [
                    "ja",
                    0.02513236738741398
                ],
                [
                    "cy",
                    0.018863512203097343
                ],
                [
                    "la",
                    0.0175571721047163
                ],
                [
                    "nn",
                    0.01586795412003994
                ],
                [
                    "es",
                    0.009520812891423702
                ],
                [
                    "it",
                    0.008841115981340408
                ],
                [
                    "pt",
                    0.00738309882581234
                ],
                [
                    "jw",
                    0.007334485650062561
                ],
                [
                    "haw",
                    0.0065419115126132965
                ],
                [
                    "zh",
                    0.0061269765719771385
                ],
                [
                    "fr",
                    0.0045569357462227345
                ],
                [
                    "de",
                    0.0040740966796875
                ],
                [
                    "km",
                    0.0033696622122079134
                ],
                [
                    "hi",
                    0.0026877743657678366
                ],
                [
                    "ru",
                    0.002573294099420309
                ],
                [
                    "tl",
                    0.002485033590346575
                ],
                [
                    "el",
                    0.00247582932934165
                ],
                [
                    "te",
                    0.0023994273506104946
                ],
                [
                    "th",
                    0.002249655080959201
                ],
                [
                    "vi",
                    0.0020278538577258587
                ],
                [
                    "tr",
                    0.0019684385042637587
                ],
                [
                    "pl",
                    0.0019076323369517922
                ],
                [
                    "ar",
                    0.001860354095697403
                ],
                [
                    "hu",
                    0.0015132940607145429
                ],
                [
                    "sv",
                    0.001247061649337411
                ],
                [
                    "ta",
                    0.0012444847961887717
                ],
                [
                    "ms",
                    0.0011979832779616117
                ],
                [
                    "nl",
                    0.0010972970630973577
                ],
                [
                    "id",
                    0.0010953566525131464
                ],
                [
                    "mi",
                    0.0009363846620544791
                ],
                [
                    "da",
                    0.0007908722036518157
                ],
                [
                    "br",
                    0.0007596545037813485
                ],
                [
                    "ml",
                    0.000699503521900624
                ],
                [
                    "ro",
                    0.0006953777046874166
                ],
                [
                    "ur",
                    0.000687633641064167
                ],
                [
                    "no",
                    0.0006768992752768099
                ],
                [
                    "si",
                    0.0006287291180342436
                ],
                [
                    "sa",
                    0.0006094159325584769
                ],
                [
                    "fi",
                    0.0005619671428576112
                ],
                [
                    "cs",
                    0.0005474237259477377
                ],
                [
                    "sn",
                    0.0005240103346295655
                ],
                [
                    "ca",
                    0.0004987349966540933
                ],
                [
                    "eu",
                    0.0004562897956930101
                ],
                [
                    "my",
                    0.0004320586158428341
                ],
                [
                    "is",
                    0.000417303410358727
                ],
                [
                    "sl",
                    0.00033702453947626054
                ],
                [
                    "uk",
                    0.0003310295578557998
                ],
                [
                    "gl",
                    0.00032415197347290814
                ],
                [
                    "hr",
                    0.0003126916417386383
                ],
                [
                    "mn",
                    0.0002977314870804548
                ],
                [
                    "bn",
                    0.00028796930564567447
                ],
                [
                    "bs",
                    0.0002619480947032571
                ],
                [
                    "yo",
                    0.00025382632156834006
                ],
                [
                    "fa",
                    0.00023502517433371395
                ],
                [
                    "bo",
                    0.00019929556583520025
                ],
                [
                    "bg",
                    0.0001949434372363612
                ],
                [
                    "yi",
                    0.0001864143123384565
                ],
                [
                    "he",
                    0.00016553631576243788
                ],
                [
                    "af",
                    0.0001576192444190383
                ],
                [
                    "ht",
                    0.00014480971731245518
                ],
                [
                    "oc",
                    0.00013761081208940595
                ],
                [
                    "ne",
                    0.0001355064450763166
                ],
                [
                    "fo",
                    0.00011977244867011905
                ],
                [
                    "lv",
                    0.00010356449638493359
                ],
                [
                    "sk",
                    9.727936412673444e-05
                ],
                [
                    "sw",
                    8.507032180204988e-05
                ],
                [
                    "sr",
                    7.28788145352155e-05
                ],
                [
                    "mt",
