{
    "path": "/Users/cindyzhang/YouLingo/video_analysis/sampled_videos_subset/581_video.mp4",
    "audio_path": "video_analysis/sampled_audios_subset/581_video_audio.wav",
    "language": "en",
    "length_sec": 8.14,
    "vad_duration_sec": 2.656,
    "total_segment_length_sec": 0.0,
    "word_count": -1,
    "tokens": [],
    "types": [],
    "mean_sentence_length_words": -1.0,
    "wpm": -1,
    "spm": -1,
    "average_ptr": -1,
    "transcript_text": "",
    "transcript": {
        "segments": [],
        "info": {
            "language": "en",
            "duration": 8.151625,
            "duration_after_vad": 2.656,
            "language_probability": 0.39126256108283997,
            "all_language_probs": [
                [
                    "en",
                    0.39126256108283997
                ],
                [
                    "nn",
                    0.09036430716514587
                ],
                [
                    "jw",
                    0.08272059261798859
                ],
                [
                    "ko",
                    0.03727208077907562
                ],
                [
                    "km",
                    0.032706692814826965
                ],
                [
                    "es",
                    0.02709244005382061
                ],
                [
                    "ja",
                    0.025726234540343285
                ],
                [
                    "ru",
                    0.025282694026827812
                ],
                [
                    "pt",
                    0.022623784840106964
                ],
                [
                    "fr",
                    0.021463364362716675
                ],
                [
                    "de",
                    0.0180344320833683
                ],
                [
                    "si",
                    0.017621606588363647
                ],
                [
                    "la",
                    0.01697990670800209
                ],
                [
                    "zh",
                    0.013920707628130913
                ],
                [
                    "sn",
                    0.01385575346648693
                ],
                [
                    "nl",
                    0.013033493421971798
                ],
                [
                    "te",
                    0.012761427089571953
                ],
                [
                    "haw",
                    0.010749643668532372
                ],
                [
                    "hi",
                    0.009639319032430649
                ],
                [
                    "tr",
                    0.009503479115664959
                ],
                [
                    "it",
                    0.008103221654891968
                ],
                [
                    "pl",
                    0.007945029065012932
                ],
                [
                    "br",
                    0.006593579426407814
                ],
                [
                    "ar",
                    0.0062676165252923965
                ],
                [
                    "ro",
                    0.0062643541023135185
                ],
                [
                    "cy",
                    0.005977305583655834
                ],
                [
                    "th",
                    0.005112689919769764
                ],
                [
                    "sa",
                    0.004640038590878248
                ],
                [
                    "el",
                    0.004013827070593834
                ],
                [
                    "sv",
                    0.004005807917565107
                ],
                [
                    "id",
                    0.0032140547409653664
                ],
                [
                    "fi",
                    0.002983946818858385
                ],
                [
                    "uk",
                    0.002898506121709943
                ],
                [
                    "ml",
                    0.002759723225608468
                ],
                [
                    "tl",
                    0.0025451467372477055
                ],
                [
                    "ta",
                    0.002460311632603407
                ],
                [
                    "ms",
                    0.002397149568423629
                ],
                [
                    "bg",
                    0.002200307324528694
                ],
                [
                    "vi",
                    0.0021980537567287683
                ],
                [
                    "hu",
                    0.002076971111819148
                ],
                [
                    "ur",
                    0.0019993027672171593
                ],
                [
                    "fa",
                    0.0019765011966228485
                ],
                [
                    "yo",
                    0.0018207225948572159
                ],
                [
                    "cs",
                    0.001621913630515337
                ],
                [
                    "bn",
                    0.0010748663917183876
                ],
                [
                    "da",
                    0.0010599348461255431
                ],
                [
                    "mi",
                    0.0009523669141344726
                ],
                [
                    "he",
                    0.0009282303508371115
                ],
                [
                    "no",
                    0.0008730043191462755
                ],
                [
                    "gl",
                    0.000854481419082731
                ],
                [
                    "hy",
                    0.0008191142696887255
                ],
                [
                    "ca",
                    0.0007513257442042232
                ],
                [
                    "hr",
                    0.000679676013533026
                ],
                [
                    "sl",
                    0.000625773798674345
                ],
                [
                    "sk",
                    0.0006133750430308282
                ],
                [
                    "lo",
                    0.0005609723739326
                ],
                [
                    "sw",
                    0.0005506486049853265
                ],
                [
                    "oc",
                    0.0004019034095108509
                ],
                [
                    "my",
                    0.00034715927904471755
                ],
                [
                    "ps",
                    0.000337496108841151
                ],
                [
                    "fo",
                    0.0003270491142757237
                ],
                [
                    "be",
                    0.00032345953513868153
                ],
                [
                    "yi",
                    0.0003021697048097849
                ],
                [
                    "mn",
                    0.0002445803547743708
                ],
                [
                    "ht",
                    0.00022226902365218848
                ],
                [
                    "lv",
                    0.00021680524514522403
                ],
                [
                    "eu",
                    0.0002050480543402955
                ],
                [
                    "is",
                    0.00019326977781020105
                ],
                [
                    "az",
                    0.0001843957434175536
                ],
                [
                    "bs",
