{
    "path": "/Users/cindyzhang/YouLingo/video_analysis/sampled_videos_subset/593_video.mp4",
    "audio_path": "video_analysis/sampled_audios_subset/593_video_audio.wav",
    "language": "bg",
    "length_sec": 5.45,
    "vad_duration_sec": 5.4116875,
    "total_segment_length_sec": 0.0,
    "word_count": -1,
    "tokens": [],
    "types": [],
    "mean_sentence_length_words": -1.0,
    "wpm": -1,
    "spm": -1,
    "average_ptr": -1,
    "transcript_text": "",
    "transcript": {
        "segments": [],
        "info": {
            "language": "bg",
            "duration": 5.4116875,
            "duration_after_vad": 5.4116875,
            "language_probability": 0.18520109355449677,
            "all_language_probs": [
                [
                    "bg",
                    0.18520109355449677
                ],
                [
                    "lt",
                    0.10150941461324692
                ],
                [
                    "nl",
                    0.08233506977558136
                ],
                [
                    "sv",
                    0.0764707550406456
                ],
                [
                    "no",
                    0.06124822795391083
                ],
                [
                    "en",
                    0.053183600306510925
                ],
                [
                    "lv",
                    0.04657622426748276
                ],
                [
                    "sl",
                    0.04149731993675232
                ],
                [
                    "cs",
                    0.04054056107997894
                ],
                [
                    "hr",
                    0.032527633011341095
                ],
                [
                    "hu",
                    0.025600915774703026
                ],
                [
                    "bs",
                    0.024288291111588478
                ],
                [
                    "ro",
                    0.023167505860328674
                ],
                [
                    "ru",
                    0.023016808554530144
                ],
                [
                    "de",
                    0.01854294165968895
                ],
                [
                    "uk",
                    0.01632550358772278
                ],
                [
                    "nn",
                    0.016006821766495705
                ],
                [
                    "pt",
                    0.01238940842449665
                ],
                [
                    "sq",
                    0.009092048741877079
                ],
                [
                    "et",
                    0.008306602947413921
                ],
                [
                    "la",
                    0.00773232989013195
                ],
                [
                    "cy",
                    0.00660265376791358
                ],
                [
                    "tr",
                    0.0061631049029529095
                ],
                [
                    "sr",
                    0.005789653863757849
                ],
                [
                    "is",
                    0.0052031902596354485
                ],
                [
                    "ca",
                    0.005099268164485693
                ],
                [
                    "yi",
                    0.004350476432591677
                ],
                [
                    "pl",
                    0.0043325345031917095
                ],
                [
                    "ar",
                    0.004015190061181784
                ],
                [
                    "da",
                    0.003369208425283432
                ],
                [
                    "es",
                    0.0030123693868517876
                ],
                [
                    "it",
                    0.002795556792989373
                ],
                [
                    "fr",
                    0.0027576531283557415
                ],
                [
                    "te",
                    0.0027352876495569944
                ],
                [
                    "hi",
                    0.0023249885998666286
                ],
                [
                    "fi",
                    0.002324725966900587
                ],
                [
                    "sk",
                    0.0023159752599895
                ],
                [
                    "km",
                    0.002057108096778393
                ],
                [
                    "jw",
                    0.0018852408975362778
                ],
                [
                    "af",
                    0.0018834465881809592
                ],
                [
                    "kk",
                    0.0016854864079505205
                ],
                [
                    "mk",
                    0.0016646397998556495
                ],
                [
                    "tl",
                    0.0016160968225449324
                ],
                [
                    "br",
                    0.0015819122781977057
                ],
                [
                    "ta",
                    0.0015222628135234118
                ],
                [
                    "ko",
                    0.0012949936790391803
                ],
                [
                    "el",
                    0.0011751536512747407
                ],
                [
                    "haw",
                    0.0009810099145397544
                ],
                [
                    "az",
                    0.000957876502070576
                ],
                [
                    "ur",
                    0.0008975015371106565
                ],
                [
                    "zh",
                    0.0008664415800012648
                ],
                [
                    "si",
                    0.0008106124005280435
                ],
                [
                    "fo",
                    0.0007733298698440194
                ],
                [
                    "he",
                    0.0007465992239303887
                ],
                [
                    "sa",
                    0.0007152091129682958
                ],
                [
                    "oc",
                    0.0006499291048385203
                ],
                [
                    "eu",
                    0.0006313642952591181
                ],
                [
                    "ja",
                    0.0005993694649077952
                ],
                [
                    "pa",
                    0.0005779211060144007
                ],
                [
                    "mt",
                    0.0005090985214337707
                ],
                [
                    "ml",
                    0.0004695363459177315
                ],
                [
                    "ms",
                    0.00037545678787864745
                ],
                [
                    "vi",
                    0.00036354255280457437
                ],
                [
                    "mn",
                    0.00033397419610992074
                ],
                [
                    "my",
                    0.00027601656620390713
                ],
                [
                    "yo",
                    0.00026287094806320965
                ],
                [
                    "kn",
                    0.000250209413934499
                ],
                [
                    "ps",
                    0.0002446090802550316
                ],
                [
                    "fa",
                    0.00023411744041368365
                ],
                [
                    "be",
