{
    "path": "/Users/cindyzhang/YouLingo/video_analysis/sampled_videos_subset/601_video.mp4",
    "audio_path": "video_analysis/sampled_audios_subset/601_video_audio.wav",
    "language": "ru",
    "length_sec": 7.49,
    "vad_duration_sec": 2.157625,
    "total_segment_length_sec": 0.0,
    "word_count": -1,
    "tokens": [],
    "types": [],
    "mean_sentence_length_words": -1.0,
    "wpm": -1,
    "spm": -1,
    "average_ptr": -1,
    "transcript_text": "",
    "transcript": {
        "segments": [],
        "info": {
            "language": "ru",
            "duration": 7.453625,
            "duration_after_vad": 2.157625,
            "language_probability": 0.24500323832035065,
            "all_language_probs": [
                [
                    "ru",
                    0.24500323832035065
                ],
                [
                    "en",
                    0.1980319768190384
                ],
                [
                    "ko",
                    0.057531412690877914
                ],
                [
                    "de",
                    0.05661085247993469
                ],
                [
                    "ja",
                    0.04823645204305649
                ],
                [
                    "pl",
                    0.035508494824171066
                ],
                [
                    "fr",
                    0.03198558837175369
                ],
                [
                    "cs",
                    0.031026046723127365
                ],
                [
                    "uk",
                    0.023323534056544304
                ],
                [
                    "zh",
                    0.022037025541067123
                ],
                [
                    "ro",
                    0.020785611122846603
                ],
                [
                    "pt",
                    0.01695902645587921
                ],
                [
                    "bg",
                    0.015693647786974907
                ],
                [
                    "es",
                    0.014957385137677193
                ],
                [
                    "hr",
                    0.0127907395362854
                ],
                [
                    "nn",
                    0.011198856867849827
                ],
                [
                    "hu",
                    0.010947545059025288
                ],
                [
                    "it",
                    0.010604159906506538
                ],
                [
                    "hi",
                    0.009013599716126919
                ],
                [
                    "he",
                    0.008794091641902924
                ],
                [
                    "nl",
                    0.008327936753630638
                ],
                [
                    "la",
                    0.007944246754050255
                ],
                [
                    "tr",
                    0.006624234840273857
                ],
                [
                    "sk",
                    0.0063410913571715355
                ],
                [
                    "bs",
                    0.006051340140402317
                ],
                [
                    "km",
                    0.005165876355022192
                ],
                [
                    "el",
                    0.005072403699159622
                ],
                [
                    "sl",
                    0.005040192510932684
                ],
                [
                    "cy",
                    0.00499739358201623
                ],
                [
                    "lt",
                    0.004881619941443205
                ],
                [
                    "no",
                    0.0044373320415616035
                ],
                [
                    "sv",
                    0.0042172144167125225
                ],
                [
                    "ar",
                    0.0038536000065505505
                ],
                [
                    "jw",
                    0.0036976304836571217
                ],
                [
                    "te",
                    0.003046504221856594
                ],
                [
                    "lv",
                    0.0029670819640159607
                ],
                [
                    "ca",
                    0.002724474761635065
                ],
                [
                    "da",
                    0.0022745393216609955
                ],
                [
                    "vi",
                    0.002186330035328865
                ],
                [
                    "ur",
                    0.001886283396743238
                ],
                [
                    "be",
                    0.0017923109699040651
                ],
                [
                    "th",
                    0.0015193631406873465
                ],
                [
                    "sr",
                    0.0013900096528232098
                ],
                [
                    "ta",
                    0.001345235388725996
                ],
                [
                    "eu",
                    0.001290200394578278
                ],
                [
                    "mi",
                    0.001254825503565371
                ],
                [
                    "haw",
                    0.0011919222306460142
                ],
                [
                    "fa",
                    0.0010834431741386652
                ],
                [
                    "yi",
                    0.0010760980658233166
                ],
                [
                    "bo",
                    0.0009868136839941144
                ],
                [
                    "my",
                    0.0008957137470133603
                ],
                [
                    "br",
                    0.0008579835412092507
                ],
                [
                    "mn",
                    0.0008530718623660505
                ],
                [
                    "sa",
                    0.0007879120530560613
                ],
                [
                    "fi",
                    0.0007619290263392031
                ],
                [
                    "ms",
                    0.0007231400813907385
                ],
                [
                    "si",
                    0.0006823959993198514
                ],
                [
                    "id",
                    0.0005801579100079834
                ],
                [
                    "sn",
                    0.0005749060655944049
                ],
                [
                    "kk",
                    0.0005729766562581062
                ],
                [
                    "bn",
                    0.0005588486674241722
                ],
                [
                    "tl",
                    0.0005151043878868222
                ],
                [
                    "oc",
                    0.0004828989040106535
                ],
                [
                    "hy",
                    0.0004796744615305215
                ],
                [
                    "sq",
                    0.00045359242358244956
                ],
                [
                    "ka",
                    0.0003901667660102248
                ],
                [
                    "az",
                    0.00037496627192012966
                ],
                [
                    "ht",
                    0.00033398348023183644
                ],
                [
                    "et",
                    0.00028935549198649824
                ],
                [
                    "fo",
