{
    "path": "/Users/cindyzhang/YouLingo/video_analysis/sampled_videos_subset/603_video.mp4",
    "audio_path": "video_analysis/sampled_audios_subset/603_video_audio.wav",
    "language": "fr",
    "length_sec": 15.08,
    "vad_duration_sec": 8.72,
    "total_segment_length_sec": 0.0,
    "word_count": -1,
    "tokens": [],
    "types": [],
    "mean_sentence_length_words": -1.0,
    "wpm": -1,
    "spm": -1,
    "average_ptr": -1,
    "transcript_text": "",
    "transcript": {
        "segments": [],
        "info": {
            "language": "fr",
            "duration": 15.06975,
            "duration_after_vad": 8.72,
            "language_probability": 0.35814952850341797,
            "all_language_probs": [
                [
                    "fr",
                    0.35814952850341797
                ],
                [
                    "en",
                    0.2703872323036194
                ],
                [
                    "ko",
                    0.07708828151226044
                ],
                [
                    "zh",
                    0.050726789981126785
                ],
                [
                    "pt",
                    0.023817015811800957
                ],
                [
                    "ru",
                    0.023069102317094803
                ],
                [
                    "ar",
                    0.018879715353250504
                ],
                [
                    "ja",
                    0.018564656376838684
                ],
                [
                    "es",
                    0.013495143502950668
                ],
                [
                    "vi",
                    0.011857042089104652
                ],
                [
                    "nn",
                    0.011186436749994755
                ],
                [
                    "it",
                    0.008737767115235329
                ],
                [
                    "de",
                    0.008480459451675415
                ],
                [
                    "km",
                    0.00780135253444314
                ],
                [
                    "nl",
                    0.0077325706370174885
                ],
                [
                    "la",
                    0.007133917883038521
                ],
                [
                    "cy",
                    0.006125553511083126
                ],
                [
                    "jw",
                    0.00594966160133481
                ],
                [
                    "th",
                    0.005209007300436497
                ],
                [
                    "tr",
                    0.004269699566066265
                ],
                [
                    "pl",
                    0.003785595064982772
                ],
                [
                    "br",
                    0.003513060277327895
                ],
                [
                    "ms",
                    0.003472979413345456
                ],
                [
                    "sv",
                    0.003270294051617384
                ],
                [
                    "el",
                    0.003205548506230116
                ],
                [
                    "haw",
                    0.0031552461441606283
                ],
                [
                    "tl",
                    0.002727566985413432
                ],
                [
                    "sn",
                    0.002676349598914385
                ],
                [
                    "yo",
                    0.002407168038189411
                ],
                [
                    "ro",
                    0.0021464198362082243
                ],
                [
                    "hi",
                    0.002056756056845188
                ],
                [
                    "hu",
                    0.0018493644893169403
                ],
                [
                    "ht",
                    0.0017756522865965962
                ],
                [
                    "uk",
                    0.0017467752331867814
                ],
                [
                    "mi",
                    0.001699589192867279
                ],
                [
                    "no",
                    0.001608156831935048
                ],
                [
                    "oc",
                    0.0015275055775418878
                ],
                [
                    "he",
                    0.0014471528120338917
                ],
                [
                    "da",
                    0.0012014607200399041
                ],
                [
                    "cs",
                    0.0011177601991221309
                ],
                [
                    "ur",
                    0.0009876954136416316
                ],
                [
                    "my",
                    0.0009654510067775846
                ],
                [
                    "ca",
                    0.0006937183788977563
                ],
                [
                    "ta",
                    0.0006529905367642641
                ],
                [
                    "mn",
                    0.000647147826384753
                ],
                [
                    "fi",
                    0.0006177427712827921
                ],
                [
                    "si",
                    0.0005903965793550014
                ],
                [
                    "fa",
                    0.0005841861711815
                ],
                [
                    "id",
                    0.0005833113100379705
                ],
                [
                    "sl",
                    0.0005814446485601366
                ],
                [
                    "eu",
                    0.0005805785767734051
                ],
                [
                    "bn",
                    0.0004780823946930468
                ],
                [
                    "gl",
                    0.0004638172686100006
                ],
                [
                    "bo",
                    0.00043892505345866084
                ],
                [
                    "fo",
                    0.0004107281274627894
                ],
                [
                    "te",
                    0.00037201133091002703
                ],
                [
                    "bs",
                    0.00035722897155210376
                ],
                [
                    "bg",
                    0.0003495366545394063
                ],
                [
                    "hr",
                    0.00033325739786960185
                ],
                [
                    "be",
                    0.00032858201302587986
                ],
                [
                    "is",
                    0.0003186208487022668
                ],
                [
                    "yi",
                    0.00031301978742703795
                ],
                [
                    "ml",
                    0.0002953668590635061
                ],
                [
                    "sa",
                    0.0002916072844527662
                ],
                [
                    "sw",
                    0.0002832240716088563
                ],
                [
                    "lo",
                    0.0002668944071047008
                ],
                [
                    "az",
                    0.0002600058796815574
                ],
                [
                    "af",
                    0.0001944996911333874
                ],
                [
                    "kk",
                    0.00017682084580883384
                ],
                [
                    "ln",
