{
    "path": "/Users/cindyzhang/YouLingo/video_analysis/sampled_videos_subset/610_video.mp4",
    "audio_path": "video_analysis/sampled_audios_subset/610_video_audio.wav",
    "language": "en",
    "length_sec": 9.41,
    "vad_duration_sec": 1.568,
    "total_segment_length_sec": 0.0,
    "word_count": -1,
    "tokens": [],
    "types": [],
    "mean_sentence_length_words": -1.0,
    "wpm": -1,
    "spm": -1,
    "average_ptr": -1,
    "transcript_text": "",
    "transcript": {
        "segments": [],
        "info": {
            "language": "en",
            "duration": 9.380875,
            "duration_after_vad": 1.568,
            "language_probability": 0.6672276258468628,
            "all_language_probs": [
                [
                    "en",
                    0.6672276258468628
                ],
                [
                    "ko",
                    0.07473824173212051
                ],
                [
                    "fr",
                    0.03163180127739906
                ],
                [
                    "ru",
                    0.026664884760975838
                ],
                [
                    "ja",
                    0.02498146891593933
                ],
                [
                    "pt",
                    0.021962737664580345
                ],
                [
                    "es",
                    0.016996026039123535
                ],
                [
                    "nn",
                    0.016109418123960495
                ],
                [
                    "zh",
                    0.01194722019135952
                ],
                [
                    "de",
                    0.011412420310080051
                ],
                [
                    "nl",
                    0.009678264148533344
                ],
                [
                    "km",
                    0.008567845448851585
                ],
                [
                    "it",
                    0.008269648998975754
                ],
                [
                    "jw",
                    0.008067273534834385
                ],
                [
                    "pl",
                    0.007181528024375439
                ],
                [
                    "hi",
                    0.004493335727602243
                ],
                [
                    "tr",
                    0.004230604972690344
                ],
                [
                    "ar",
                    0.004068377893418074
                ],
                [
                    "cy",
                    0.0029552781488746405
                ],
                [
                    "tl",
                    0.002871338976547122
                ],
                [
                    "el",
                    0.0027384033892303705
                ],
                [
                    "th",
                    0.0023768893443048
                ],
                [
                    "vi",
                    0.002368892077356577
                ],
                [
                    "la",
                    0.0019354717805981636
                ],
                [
                    "sv",
                    0.0017687830841168761
                ],
                [
                    "fi",
                    0.0017475845525041223
                ],
                [
                    "ro",
                    0.0017180705908685923
                ],
                [
                    "haw",
                    0.0016034520231187344
                ],
                [
                    "id",
                    0.0014353429432958364
                ],
                [
                    "hu",
                    0.0013490808196365833
                ],
                [
                    "ms",
                    0.0013100829673931003
                ],
                [
                    "sn",
                    0.0011913093039765954
                ],
                [
                    "si",
                    0.0010806829668581486
                ],
                [
                    "uk",
                    0.0010565664852038026
                ],
                [
                    "ta",
                    0.0010185670107603073
                ],
                [
                    "te",
                    0.0009865540778264403
                ],
                [
                    "cs",
                    0.0007315425900742412
                ],
                [
                    "ca",
                    0.0007100836373865604
                ],
                [
                    "da",
                    0.0006605622475035489
                ],
                [
                    "ur",
                    0.0006513962289318442
                ],
                [
                    "no",
                    0.0005828924477100372
                ],
                [
                    "mi",
                    0.0005760526400990784
                ],
                [
                    "br",
                    0.0005510793998837471
                ],
                [
                    "ml",
                    0.0005505294539034367
                ],
                [
                    "he",
                    0.0005102170980535448
                ],
                [
                    "yo",
                    0.0004001823253929615
                ],
                [
                    "bg",
                    0.00035636904067359865
                ],
                [
                    "hr",
                    0.0002998387790285051
                ],
                [
                    "gl",
                    0.0002538590633776039
                ],
                [
                    "sa",
                    0.0002428915468044579
                ],
                [
                    "bn",
                    0.00023437126947101206
                ],
                [
                    "fa",
                    0.00021893078519497067
                ],
                [
                    "sl",
                    0.00018186504894401878
                ],
                [
                    "eu",
                    0.00017139063857030123
                ],
                [
                    "sk",
                    0.00014667566574644297
                ],
                [
                    "bo",
                    0.00013731875515077263
                ],
                [
                    "ht",
                    0.00013330858200788498
                ],
                [
                    "bs",
                    0.00013219600077718496
                ],
                [
                    "mn",
                    0.0001304518082179129
                ],
                [
                    "oc",
                    0.00012704475375358015
                ],
                [
                    "my",
                    0.0001162651606136933
                ],
                [
                    "is",
                    0.00011224133777432144
                ],
                [
                    "af",
                    0.00011045937571907416
                ],
                [
                    "be",
                    0.00010843948984984308
                ],
                [
                    "fo",
                    9.131032857112586e-05
                ],
                [
                    "yi",
                    9.130710532190278e-05
                ],
                [
                    "sw",
                    8.615367551101372e-05
                ],
                [
                    "lt",
                    8.470853208564222e-05
                ],
                [
                    "lv",
                    8.280752081191167e-05
                ],
                [
                    "hy",
