{
    "path": "/Users/cindyzhang/YouLingo/video_analysis/sampled_videos_subset/626_video.mp4",
    "audio_path": "video_analysis/sampled_audios_subset/626_video_audio.wav",
    "language": "nl",
    "length_sec": 50.83,
    "vad_duration_sec": 50.7674375,
    "total_segment_length_sec": 0.0,
    "word_count": -1,
    "tokens": [],
    "types": [],
    "mean_sentence_length_words": -1.0,
    "wpm": -1,
    "spm": -1,
    "average_ptr": -1,
    "transcript_text": "",
    "transcript": {
        "segments": [],
        "info": {
            "language": "nl",
            "duration": 50.7834375,
            "duration_after_vad": 50.7674375,
            "language_probability": 0.9674458503723145,
            "all_language_probs": [
                [
                    "nl",
                    0.9674458503723145
                ],
                [
                    "en",
                    0.01848544366657734
                ],
                [
                    "pl",
                    0.0025443541817367077
                ],
                [
                    "tr",
                    0.0020482654217630625
                ],
                [
                    "de",
                    0.0013229299802333117
                ],
                [
                    "el",
                    0.001088585122488439
                ],
                [
                    "pt",
                    0.001001984579488635
                ],
                [
                    "fr",
                    0.0006952183321118355
                ],
                [
                    "ja",
                    0.0005620913580060005
                ],
                [
                    "cy",
                    0.0004942580126225948
                ],
                [
                    "ru",
                    0.00044566974975168705
                ],
                [
                    "nn",
                    0.00036593948607333004
                ],
                [
                    "hi",
                    0.0003608055994845927
                ],
                [
                    "af",
                    0.0003020373114850372
                ],
                [
                    "es",
                    0.00027279043570160866
                ],
                [
                    "zh",
                    0.00023748456442262977
                ],
                [
                    "hu",
                    0.00021808712335769087
                ],
                [
                    "ar",
                    0.0002093163348035887
                ],
                [
                    "fi",
                    0.00019464263459667563
                ],
                [
                    "it",
                    0.00017535094229970127
                ],
                [
                    "la",
                    0.00017332588322460651
                ],
                [
                    "vi",
                    0.0001731398660922423
                ],
                [
                    "ko",
                    0.00016056983440648764
                ],
                [
                    "cs",
                    0.00014528677274938673
                ],
                [
                    "ca",
                    9.984775533666834e-05
                ],
                [
                    "ur",
                    7.86352320574224e-05
                ],
                [
                    "jw",
                    6.705251144012436e-05
                ],
                [
                    "sv",
                    6.363813736243173e-05
                ],
                [
                    "da",
                    5.448628144222312e-05
                ],
                [
                    "no",
                    4.180150790489279e-05
                ],
                [
                    "id",
                    4.05405335186515e-05
                ],
                [
                    "mi",
                    3.462024687905796e-05
                ],
                [
                    "br",
                    3.2867439585970715e-05
                ],
                [
                    "ms",
                    3.277888390584849e-05
                ],
                [
                    "ta",
                    3.262790050939657e-05
                ],
                [
                    "km",
                    2.689822213142179e-05
                ],
                [
                    "is",
                    2.5409035515622236e-05
                ],
                [
                    "th",
                    2.2219781385501847e-05
                ],
                [
                    "ml",
                    2.1866952010896057e-05
                ],
                [
                    "eu",
                    1.983564106922131e-05
                ],
                [
                    "haw",
                    1.975356281036511e-05
                ],
                [
                    "gl",
                    1.9113025700789876e-05
                ],
                [
                    "tl",
                    1.7946296793525107e-05
                ],
                [
                    "uk",
                    1.635667467780877e-05
                ],
                [
                    "sn",
                    9.814196346269455e-06
                ],
                [
                    "lv",
                    7.820605787856039e-06
                ],
                [
                    "et",
                    7.795318197167944e-06
                ],
                [
                    "bg",
                    7.238343187054852e-06
                ],
                [
                    "ro",
                    6.661415682174265e-06
                ],
                [
                    "sl",
                    4.7670555431977846e-06
                ],
                [
                    "yi",
                    4.469095529202605e-06
                ],
                [
                    "sk",
                    4.210001861792989e-06
                ],
                [
                    "he",
                    4.098535100638401e-06
                ],
                [
                    "fo",
                    3.4026006687781774e-06
                ],
                [
                    "yo",
                    3.2780242236185586e-06
                ],
                [
                    "te",
                    2.7914366000914015e-06
                ],
                [
                    "ht",
                    2.790555527099059e-06
                ],
                [
                    "mn",
                    2.731210315687349e-06
                ],
                [
                    "oc",
                    2.633107669680612e-06
                ],
                [
                    "az",
                    2.5877204734570114e-06
                ],
                [
                    "bn",
                    2.423297701170668e-06
                ],
                [
                    "sa",
                    2.3945012799231336e-06
                ],
                [
                    "ne",
                    2.2462295419245493e-06
                ],
                [
                    "bs",
                    2.243643393740058e-06
                ],
                [
                    "pa",
                    2.1439539068524027e-06
                ],
                [
                    "be",
                    2.0551340185193112e-06
                ],
                [
                    "hr",
                    2.032742941082688e-06
                ],
                [
                    "fa",
                    1.9019482806470478e-06
                ],
                [
                    "hy",
                    1.5629090057700523e-06
                ],
