{
    "path": "/Users/cindyzhang/YouLingo/video_analysis/sampled_videos_subset/635_video.mp4",
    "audio_path": "video_analysis/sampled_audios_subset/635_video_audio.wav",
    "language": "tr",
    "length_sec": 14.8,
    "vad_duration_sec": 7.2,
    "total_segment_length_sec": 0.0,
    "word_count": -1,
    "tokens": [],
    "types": [],
    "mean_sentence_length_words": -1.0,
    "wpm": -1,
    "spm": -1,
    "average_ptr": -1,
    "transcript_text": "",
    "transcript": {
        "segments": [],
        "info": {
            "language": "tr",
            "duration": 14.7925,
            "duration_after_vad": 7.2,
            "language_probability": 0.5047898292541504,
            "all_language_probs": [
                [
                    "tr",
                    0.5047898292541504
                ],
                [
                    "lt",
                    0.11571675539016724
                ],
                [
                    "ru",
                    0.05929337814450264
                ],
                [
                    "en",
                    0.038084082305431366
                ],
                [
                    "lv",
                    0.03781557455658913
                ],
                [
                    "kk",
                    0.031810760498046875
                ],
                [
                    "az",
                    0.02649458684027195
                ],
                [
                    "ta",
                    0.01715870387852192
                ],
                [
                    "ne",
                    0.013939580880105495
                ],
                [
                    "is",
                    0.01258835382759571
                ],
                [
                    "fi",
                    0.010789665393531322
                ],
                [
                    "jw",
                    0.008206660859286785
                ],
                [
                    "te",
                    0.005734565667808056
                ],
                [
                    "nn",
                    0.005338114686310291
                ],
                [
                    "bs",
                    0.005108395125716925
                ],
                [
                    "si",
                    0.004776638001203537
                ],
                [
                    "sa",
                    0.004425735212862492
                ],
                [
                    "ar",
                    0.004315116908401251
                ],
                [
                    "ps",
                    0.004280795808881521
                ],
                [
                    "cy",
                    0.004055161960422993
                ],
                [
                    "sr",
                    0.0037107025273144245
                ],
                [
                    "be",
                    0.0036398889496922493
                ],
                [
                    "kn",
                    0.003597338916733861
                ],
                [
                    "bn",
                    0.0035069843288511038
                ],
                [
                    "eu",
                    0.0034936117008328438
                ],
                [
                    "no",
                    0.0034566710237413645
                ],
                [
                    "fo",
                    0.003243585117161274
                ],
                [
                    "fa",
                    0.0030909429769963026
                ],
                [
                    "mn",
                    0.002664407016709447
                ],
                [
                    "ml",
                    0.002599119208753109
                ],
                [
                    "ur",
                    0.0024793436750769615
                ],
                [
                    "et",
                    0.002256360836327076
                ],
                [
                    "zh",
                    0.0021920157596468925
                ],
                [
                    "bo",
                    0.0020547963213175535
                ],
                [
                    "haw",
                    0.002012758981436491
                ],
                [
                    "de",
                    0.0019773337990045547
                ],
                [
                    "hu",
                    0.0019384038168936968
                ],
                [
                    "hr",
                    0.0018622869392856956
                ],
                [
                    "tl",
                    0.0017393388552591205
                ],
                [
                    "ka",
                    0.0016868679085746408
                ],
                [
                    "sn",
                    0.001636360539123416
                ],
                [
                    "la",
                    0.0015899623977020383
                ],
                [
                    "km",
                    0.001566198538057506
                ],
                [
                    "uk",
                    0.0014704522909596562
                ],
                [
                    "yo",
                    0.00145347707439214
                ],
                [
                    "hi",
                    0.0013838106533512473
                ],
                [
                    "so",
                    0.001256219227798283
                ],
                [
                    "da",
                    0.001237034099176526
                ],
                [
                    "sq",
                    0.001230918918736279
                ],
                [
                    "ro",
                    0.001177630270831287
                ],
                [
                    "hy",
                    0.0011420146329328418
                ],
                [
                    "af",
                    0.0010159793309867382
                ],
                [
                    "am",
                    0.000922159175388515
                ],
                [
                    "ht",
                    0.0008178171701729298
                ],
                [
                    "id",
                    0.0008176736882887781
                ],
                [
                    "es",
                    0.0007843620260246098
                ],
                [
                    "yi",
                    0.0007408258970826864
                ],
                [
                    "ms",
                    0.0007185194408521056
                ],
                [
                    "sd",
                    0.0007019321783445776
                ],
                [
                    "pt",
                    0.0006750390166416764
                ],
                [
                    "fr",
                    0.0006448058411478996
                ],
                [
                    "br",
                    0.0006346374866552651
                ],
                [
                    "tg",
                    0.0005916166119277477
                ],
                [
                    "my",
                    0.000582355831284076
                ],
                [
                    "ko",
                    0.0005557529511861503
                ],
                [
                    "mr",
                    0.0005133695085532963
                ],
                [
                    "sv",
                    0.0005015801289118826
                ],
                [
                    "sw",
                    0.0004923985106870532
                ],
                [
                    "bg",
                    0.0004276151885278523
                ],
                [
                    "pa",
