{
    "path": "/Users/cindyzhang/YouLingo/video_analysis/sampled_videos_subset/639_video.mp4",
    "audio_path": "video_analysis/sampled_audios_subset/639_video_audio.wav",
    "language": "en",
    "length_sec": 6.55,
    "vad_duration_sec": 6.5248125,
    "total_segment_length_sec": 0.0,
    "word_count": -1,
    "tokens": [],
    "types": [],
    "mean_sentence_length_words": -1.0,
    "wpm": -1,
    "spm": -1,
    "average_ptr": -1,
    "transcript_text": "",
    "transcript": {
        "segments": [],
        "info": {
            "language": "en",
            "duration": 6.5248125,
            "duration_after_vad": 6.5248125,
            "language_probability": 0.7362114787101746,
            "all_language_probs": [
                [
                    "en",
                    0.7362114787101746
                ],
                [
                    "haw",
                    0.04845159873366356
                ],
                [
                    "nn",
                    0.04711607098579407
                ],
                [
                    "es",
                    0.03211398050189018
                ],
                [
                    "ja",
                    0.017867423593997955
                ],
                [
                    "la",
                    0.01484606135636568
                ],
                [
                    "ru",
                    0.014617817476391792
                ],
                [
                    "ko",
                    0.012928912416100502
                ],
                [
                    "pt",
                    0.009526193141937256
                ],
                [
                    "jw",
                    0.007957155816257
                ],
                [
                    "cy",
                    0.006273598875850439
                ],
                [
                    "it",
                    0.004608723800629377
                ],
                [
                    "de",
                    0.0038602487184107304
                ],
                [
                    "ar",
                    0.003546507330611348
                ],
                [
                    "zh",
                    0.0035262517631053925
                ],
                [
                    "fr",
                    0.0032593905925750732
                ],
                [
                    "nl",
                    0.0024444321170449257
                ],
                [
                    "tl",
                    0.002258838154375553
                ],
                [
                    "pl",
                    0.0021384635474532843
                ],
                [
                    "km",
                    0.0019028398673981428
                ],
                [
                    "el",
                    0.0018888639751821756
                ],
                [
                    "mi",
                    0.001847908366471529
                ],
                [
                    "vi",
                    0.0017958158859983087
                ],
                [
                    "fi",
                    0.0013107794802635908
                ],
                [
                    "tr",
                    0.0012765928404405713
                ],
                [
                    "hi",
                    0.0011916824150830507
                ],
                [
                    "ms",
                    0.0011711971601471305
                ],
                [
                    "id",
                    0.0011040196986868978
                ],
                [
                    "th",
                    0.0010147085413336754
                ],
                [
                    "sv",
                    0.0009465035400353372
                ],
                [
                    "br",
                    0.000781387323513627
                ],
                [
                    "ro",
                    0.0007019557524472475
                ],
                [
                    "hu",
                    0.0006396385724656284
                ],
                [
                    "sn",
                    0.0005608628853224218
                ],
                [
                    "te",
                    0.0005315260495990515
                ],
                [
                    "uk",
                    0.0005121243302710354
                ],
                [
                    "gl",
                    0.00048114496166817844
                ],
                [
                    "ur",
                    0.00042532102088443935
                ],
                [
                    "si",
                    0.00038397550815716386
                ],
                [
                    "ta",
                    0.00038141419645398855
                ],
                [
                    "sa",
                    0.00037440776941366494
                ],
                [
                    "ml",
                    0.00036594431730918586
                ],
                [
                    "he",
                    0.00032932020258158445
                ],
                [
                    "fo",
                    0.00031256131478585303
                ],
                [
                    "yo",
                    0.0002920683182310313
                ],
                [
                    "cs",
                    0.0002679302997421473
                ],
                [
                    "eu",
                    0.00025127106346189976
                ],
                [
                    "ca",
                    0.0002279879554407671
                ],
                [
                    "sl",
                    0.00022445761715061963
                ],
                [
                    "yi",
                    0.000211347418371588
                ],
                [
                    "bg",
                    0.0001990682794712484
                ],
                [
                    "fa",
                    0.00019326384062878788
                ],
                [
                    "da",
                    0.00017670681700110435
                ],
                [
                    "mn",
                    0.00016730251081753522
                ],
                [
                    "af",
                    0.00016300403513014317
                ],
                [
                    "hr",
                    0.00015939380682539195
                ],
                [
                    "my",
                    0.0001456945319660008
                ],
                [
                    "no",
                    0.00014136666140984744
                ],
                [
                    "sk",
                    0.000137395691126585
                ],
                [
                    "ht",
                    0.00013002879859413952
                ],
                [
                    "sw",
                    0.00012224387319292873
                ],
                [
                    "is",
                    0.00012184744264231995
                ],
                [
                    "oc",
                    0.00011246478970861062
                ],
                [
                    "bn",
                    9.836970275500789e-05
                ],
                [
                    "bs",
                    7.667859608773142e-05
                ],
                [
                    "be",
                    6.888130155857652e-05
                ],
                [
                    "bo",
                    5.31419318576809e-05
                ],
                [
                    "sd",
                    5.103313742438331e-05
                ],
                [
                    "lv",
                    4.526678822003305e-05
                ],
                [
