{
    "path": "/Users/cindyzhang/YouLingo/video_analysis/sampled_videos_subset/645_video.mp4",
    "audio_path": "video_analysis/sampled_audios_subset/645_video_audio.wav",
    "language": "en",
    "length_sec": 9.53,
    "vad_duration_sec": 2.490375,
    "total_segment_length_sec": 0.0,
    "word_count": -1,
    "tokens": [],
    "types": [],
    "mean_sentence_length_words": -1.0,
    "wpm": -1,
    "spm": -1,
    "average_ptr": -1,
    "transcript_text": "",
    "transcript": {
        "segments": [],
        "info": {
            "language": "en",
            "duration": 9.498375,
            "duration_after_vad": 2.490375,
            "language_probability": 0.8811479806900024,
            "all_language_probs": [
                [
                    "en",
                    0.8811479806900024
                ],
                [
                    "cy",
                    0.01192842423915863
                ],
                [
                    "ja",
                    0.010329612530767918
                ],
                [
                    "es",
                    0.009852562099695206
                ],
                [
                    "nn",
                    0.009838421829044819
                ],
                [
                    "ko",
                    0.009792339988052845
                ],
                [
                    "la",
                    0.009748796932399273
                ],
                [
                    "pt",
                    0.006605285685509443
                ],
                [
                    "fr",
                    0.0058129397220909595
                ],
                [
                    "de",
                    0.004156508017331362
                ],
                [
                    "km",
                    0.0034022799227386713
                ],
                [
                    "zh",
                    0.003382715629413724
                ],
                [
                    "ru",
                    0.003240786259993911
                ],
                [
                    "haw",
                    0.0029052214231342077
                ],
                [
                    "it",
                    0.002609140705317259
                ],
                [
                    "pl",
                    0.002277250634506345
                ],
                [
                    "jw",
                    0.0022278206888586283
                ],
                [
                    "hi",
                    0.0020075556822121143
                ],
                [
                    "mi",
                    0.0016607673605903983
                ],
                [
                    "sv",
                    0.0013184191193431616
                ],
                [
                    "nl",
                    0.0013154802145436406
                ],
                [
                    "ar",
                    0.0011119558475911617
                ],
                [
                    "th",
                    0.0010894486913457513
                ],
                [
                    "ms",
                    0.0010121132945641875
                ],
                [
                    "br",
                    0.0008835035259835422
                ],
                [
                    "cs",
                    0.0007356037385761738
                ],
                [
                    "sn",
                    0.0007236097007989883
                ],
                [
                    "tr",
                    0.000680964847560972
                ],
                [
                    "tl",
                    0.0005718156462535262
                ],
                [
                    "el",
                    0.0005580562865361571
                ],
                [
                    "fi",
                    0.0004183732089586556
                ],
                [
                    "vi",
                    0.00039202539483085275
                ],
                [
                    "hu",
                    0.00038836561725474894
                ],
                [
                    "da",
                    0.00038476314512081444
                ],
                [
                    "id",
                    0.0003816189127974212
                ],
                [
                    "te",
                    0.00036683696089312434
                ],
                [
                    "ur",
                    0.00034295610385015607
                ],
                [
                    "sa",
                    0.00026604579761624336
                ],
                [
                    "no",
                    0.00025970174465328455
                ],
                [
                    "yo",
                    0.0002422374818706885
                ],
                [
                    "sl",
                    0.00023964991851244122
                ],
                [
                    "si",
                    0.00023680957383476198
                ],
                [
                    "ta",
                    0.00022115325555205345
                ],
                [
                    "ro",
                    0.0002134114329237491
                ],
                [
                    "ml",
                    0.00021317526989150792
                ],
                [
                    "eu",
                    0.00017346107051707804
                ],
                [
                    "bn",
                    0.00016600728849880397
                ],
                [
                    "he",
                    0.00015581102343276143
                ],
                [
                    "ca",
                    0.00012923569011036307
                ],
                [
                    "uk",
                    0.00012497972056735307
                ],
                [
                    "my",
                    0.00012068399519193918
                ],
                [
                    "fa",
                    0.00011838056525448337
                ],
                [
                    "gl",
                    0.00010326154006179422
                ],
                [
                    "is",
                    9.906208288157359e-05
                ],
                [
                    "sw",
                    9.803925786400214e-05
                ],
                [
                    "mn",
                    9.036262053996325e-05
                ],
                [
                    "ht",
                    8.808361599221826e-05
                ],
                [
                    "bg",
                    8.341330976691097e-05
                ],
                [
                    "hr",
                    8.336678729392588e-05
                ],
                [
                    "yi",
                    8.187416824512184e-05
                ],
                [
                    "bo",
                    7.753428508294746e-05
                ],
                [
                    "sk",
                    7.388240919681266e-05
                ],
                [
                    "oc",
                    6.537664739880711e-05
                ],
                [
                    "fo",
                    6.378459511324763e-05
                ],
                [
                    "lv",
                    6.312136974884197e-05
                ],
                [
                    "af",
                    6.019471402396448e-05
                ],
                [
                    "ne",
                    4.898137922282331e-05
                ],
                [
                    "bs",
                    3.954938074457459e-05
                ],
                [
                    "be",
                    3.72399044863414e-05
                ],
                [
