{
    "path": "/Users/cindyzhang/YouLingo/video_analysis/sampled_videos_subset/656_video.mp4",
    "audio_path": "video_analysis/sampled_audios_subset/656_video_audio.wav",
    "language": "en",
    "length_sec": 15.07,
    "vad_duration_sec": 0.832,
    "total_segment_length_sec": 0.0,
    "word_count": -1,
    "tokens": [],
    "types": [],
    "mean_sentence_length_words": -1.0,
    "wpm": -1,
    "spm": -1,
    "average_ptr": -1,
    "transcript_text": "",
    "transcript": {
        "segments": [],
        "info": {
            "language": "en",
            "duration": 15.0465625,
            "duration_after_vad": 0.832,
            "language_probability": 0.3676924705505371,
            "all_language_probs": [
                [
                    "en",
                    0.3676924705505371
                ],
                [
                    "nn",
                    0.11890756338834763
                ],
                [
                    "si",
                    0.07629849016666412
                ],
                [
                    "ko",
                    0.06738483160734177
                ],
                [
                    "jw",
                    0.033497925847768784
                ],
                [
                    "pt",
                    0.03327612578868866
                ],
                [
                    "ja",
                    0.0309657771140337
                ],
                [
                    "es",
                    0.025245947763323784
                ],
                [
                    "km",
                    0.023556487634778023
                ],
                [
                    "de",
                    0.022731637582182884
                ],
                [
                    "fr",
                    0.022442543879151344
                ],
                [
                    "ru",
                    0.01517979521304369
                ],
                [
                    "zh",
                    0.014890479855239391
                ],
                [
                    "haw",
                    0.01452211756259203
                ],
                [
                    "cy",
                    0.011490372940897942
                ],
                [
                    "pl",
                    0.008982013911008835
                ],
                [
                    "it",
                    0.008526534773409367
                ],
                [
                    "hi",
                    0.0075079891830682755
                ],
                [
                    "la",
                    0.007124906871467829
                ],
                [
                    "nl",
                    0.006884267088025808
                ],
                [
                    "tr",
                    0.0067945304326713085
                ],
                [
                    "ar",
                    0.006645604036748409
                ],
                [
                    "th",
                    0.006161320023238659
                ],
                [
                    "te",
                    0.004755866713821888
                ],
                [
                    "ro",
                    0.004540170542895794
                ],
                [
                    "id",
                    0.004205756355077028
                ],
                [
                    "sn",
                    0.0038827285170555115
                ],
                [
                    "vi",
                    0.0036708912812173367
                ],
                [
                    "sv",
                    0.003288526553660631
                ],
                [
                    "uk",
                    0.0030672233551740646
                ],
                [
                    "fi",
                    0.0029093162156641483
                ],
                [
                    "el",
                    0.002855530474334955
                ],
                [
                    "tl",
                    0.002284374088048935
                ],
                [
                    "hu",
                    0.0022711041383445263
                ],
                [
                    "sa",
                    0.0022607704158872366
                ],
                [
                    "ta",
                    0.0021580467000603676
                ],
                [
                    "ms",
                    0.0019593017641454935
                ],
                [
                    "ml",
                    0.0016294980887323618
                ],
                [
                    "da",
                    0.0015287570422515273
                ],
                [
                    "no",
                    0.0012894639512524009
                ],
                [
                    "yo",
                    0.0011794294696301222
                ],
                [
                    "cs",
                    0.001139286207035184
                ],
                [
                    "mi",
                    0.0009629807900637388
                ],
                [
                    "fa",
                    0.0009277258068323135
                ],
                [
                    "br",
                    0.0009102922631427646
                ],
                [
                    "ur",
                    0.0007947130943648517
                ],
                [
                    "he",
                    0.0007843323401175439
                ],
                [
                    "bg",
                    0.0007185483700595796
                ],
                [
                    "hr",
                    0.0006492240354418755
                ],
                [
                    "bn",
                    0.0006383093423210084
                ],
                [
                    "ca",
                    0.0005809905123896897
                ],
                [
                    "sk",
                    0.0005009110318496823
                ],
                [
                    "sl",
                    0.00041651108767837286
                ],
                [
                    "sw",
                    0.00034713774221017957
                ],
                [
                    "my",
                    0.0003356546221766621
                ],
                [
                    "fo",
                    0.00027521903393790126
                ],
                [
                    "eu",
                    0.00024377138470299542
                ],
                [
                    "gl",
                    0.0002383311657467857
                ],
                [
                    "is",
                    0.00022685712610837072
                ],
                [
                    "be",
                    0.0001992985198739916
                ],
                [
                    "ht",
                    0.0001962672540685162
                ],
                [
                    "lo",
                    0.00018347655714023858
                ],
                [
                    "bs",
                    0.00016185743152163923
                ],
                [
                    "oc",
                    0.00015840254491195083
                ],
                [
                    "mn",
                    0.00015778528177179396
                ],
                [
                    "lv",
                    0.0001454659504815936
                ],
                [
                    "af",
                    0.00013987862621434033
                ],
                [
                    "yi",
                    0.000134316724142991
                ],
                [
                    "lt",
                    0.00013424032658804208
                ],
                [
                    "bo",
