{
    "path": "/Users/cindyzhang/YouLingo/video_analysis/sampled_videos_subset/668_video.mp4",
    "audio_path": "video_analysis/sampled_audios_subset/668_video_audio.wav",
    "language": "en",
    "length_sec": 11.7,
    "vad_duration_sec": 5.712,
    "total_segment_length_sec": 0.0,
    "word_count": -1,
    "tokens": [],
    "types": [],
    "mean_sentence_length_words": -1.0,
    "wpm": -1,
    "spm": -1,
    "average_ptr": -1,
    "transcript_text": "",
    "transcript": {
        "segments": [],
        "info": {
            "language": "en",
            "duration": 11.702875,
            "duration_after_vad": 5.712,
            "language_probability": 0.5710226893424988,
            "all_language_probs": [
                [
                    "en",
                    0.5710226893424988
                ],
                [
                    "ko",
                    0.1583103984594345
                ],
                [
                    "ja",
                    0.057960327714681625
                ],
                [
                    "zh",
                    0.025087887421250343
                ],
                [
                    "fr",
                    0.024095719680190086
                ],
                [
                    "pt",
                    0.017494669184088707
                ],
                [
                    "nn",
                    0.014080652967095375
                ],
                [
                    "es",
                    0.01061318814754486
                ],
                [
                    "ar",
                    0.009495208971202374
                ],
                [
                    "de",
                    0.009393522515892982
                ],
                [
                    "ru",
                    0.009085250087082386
                ],
                [
                    "tr",
                    0.009019846096634865
                ],
                [
                    "it",
                    0.006490478292107582
                ],
                [
                    "jw",
                    0.006269089411944151
                ],
                [
                    "nl",
                    0.006204087752848864
                ],
                [
                    "cy",
                    0.005667562130838633
                ],
                [
                    "la",
                    0.005621504504233599
                ],
                [
                    "hi",
                    0.004251171834766865
                ],
                [
                    "vi",
                    0.003812310751527548
                ],
                [
                    "sv",
                    0.003749446477741003
                ],
                [
                    "pl",
                    0.003473724937066436
                ],
                [
                    "haw",
                    0.0034527063835412264
                ],
                [
                    "el",
                    0.003230992006137967
                ],
                [
                    "km",
                    0.0029147437307983637
                ],
                [
                    "ms",
                    0.0024744116235524416
                ],
                [
                    "tl",
                    0.002242910210043192
                ],
                [
                    "th",
                    0.0022286989260464907
                ],
                [
                    "br",
                    0.0015920988516882062
                ],
                [
                    "no",
                    0.0012821148848161101
                ],
                [
                    "ur",
                    0.0012681110529229045
                ],
                [
                    "id",
                    0.0012534770648926497
                ],
                [
                    "da",
                    0.0011447069700807333
                ],
                [
                    "fi",
                    0.0011056327493861318
                ],
                [
                    "sn",
                    0.0009902211604639888
                ],
                [
                    "te",
                    0.0009784308495000005
                ],
                [
                    "mi",
                    0.0009427082259207964
                ],
                [
                    "ta",
                    0.0008821389637887478
                ],
                [
                    "ro",
                    0.000744797638617456
                ],
                [
                    "si",
                    0.0006467033526860178
                ],
                [
                    "hu",
                    0.0006441660807467997
                ],
                [
                    "ml",
                    0.0005793656455352902
                ],
                [
                    "ca",
                    0.000577908824197948
                ],
                [
                    "gl",
                    0.0004824903153348714
                ],
                [
                    "bn",
                    0.000428839965024963
                ],
                [
                    "he",
                    0.0003931974642910063
                ],
                [
                    "mn",
                    0.0003903064935002476
                ],
                [
                    "sa",
                    0.00037688357406295836
                ],
                [
                    "cs",
                    0.0003663696115836501
                ],
                [
                    "bo",
                    0.00036522955633699894
                ],
                [
                    "ht",
                    0.0003638282069005072
                ],
                [
                    "fa",
                    0.00034705278812907636
                ],
                [
                    "is",
                    0.0003451476222835481
                ],
                [
                    "yo",
                    0.0003252507885918021
                ],
                [
                    "uk",
                    0.00028089864645153284
                ],
                [
                    "bs",
                    0.00026415541651658714
                ],
                [
                    "my",
                    0.00025644717970862985
                ],
                [
                    "hr",
                    0.00023826159304007888
                ],
                [
                    "sl",
                    0.0002362110244575888
                ],
                [
                    "eu",
                    0.00017954775830730796
                ],
                [
                    "oc",
                    0.0001733440294628963
                ],
                [
                    "ne",
                    0.0001596215006429702
                ],
                [
                    "sw",
                    0.00014945711882319301
                ],
                [
                    "yi",
                    0.00014073147031012923
                ],
                [
                    "af",
                    0.0001357078435830772
                ],
                [
                    "bg",
                    0.00012790939945261925
                ],
                [
                    "sk",
                    0.00010029981785919517
                ],
                [
                    "be",
                    9.872965165413916e-05
                ],
                [
                    "fo",
                    9.073180262930691e-05
                ],
                [
                    "hy",
                    8.701426850166172e-05
                ],
                [
                    "lo",
