{
    "path": "/Users/cindyzhang/YouLingo/video_analysis/sampled_videos_subset/671_video.mp4",
    "audio_path": "video_analysis/sampled_audios_subset/671_video_audio.wav",
    "language": "en",
    "length_sec": 9.77,
    "vad_duration_sec": 9.6811875,
    "total_segment_length_sec": 0.0,
    "word_count": -1,
    "tokens": [],
    "types": [],
    "mean_sentence_length_words": -1.0,
    "wpm": -1,
    "spm": -1,
    "average_ptr": -1,
    "transcript_text": "",
    "transcript": {
        "segments": [],
        "info": {
            "language": "en",
            "duration": 9.7291875,
            "duration_after_vad": 9.6811875,
            "language_probability": 0.4204784333705902,
            "all_language_probs": [
                [
                    "en",
                    0.4204784333705902
                ],
                [
                    "ko",
                    0.23454539477825165
                ],
                [
                    "ja",
                    0.06507142633199692
                ],
                [
                    "zh",
                    0.035556163638830185
                ],
                [
                    "ru",
                    0.023690005764365196
                ],
                [
                    "fr",
                    0.020038774237036705
                ],
                [
                    "nn",
                    0.018456589430570602
                ],
                [
                    "ar",
                    0.016733014956116676
                ],
                [
                    "pt",
                    0.016221843659877777
                ],
                [
                    "jw",
                    0.012396462261676788
                ],
                [
                    "es",
                    0.012369277887046337
                ],
                [
                    "it",
                    0.012065563350915909
                ],
                [
                    "tr",
                    0.010931506752967834
                ],
                [
                    "la",
                    0.00912382174283266
                ],
                [
                    "de",
                    0.008598553948104382
                ],
                [
                    "hi",
                    0.007688518147915602
                ],
                [
                    "km",
                    0.006139012053608894
                ],
                [
                    "tl",
                    0.005111380945891142
                ],
                [
                    "pl",
                    0.00454478245228529
                ],
                [
                    "th",
                    0.004365700762718916
                ],
                [
                    "vi",
                    0.004331139847636223
                ],
                [
                    "haw",
                    0.0040491423569619656
                ],
                [
                    "cy",
                    0.00401059165596962
                ],
                [
                    "nl",
                    0.003775677178055048
                ],
                [
                    "ms",
                    0.003769356058910489
                ],
                [
                    "te",
                    0.00263148732483387
                ],
                [
                    "el",
                    0.0025403634645044804
                ],
                [
                    "ur",
                    0.0025325212627649307
                ],
                [
                    "id",
                    0.002401704667136073
                ],
                [
                    "ta",
                    0.0023776115849614143
                ],
                [
                    "sv",
                    0.0022700463887304068
                ],
                [
                    "ro",
                    0.001679641311056912
                ],
                [
                    "sn",
                    0.001660098321735859
                ],
                [
                    "br",
                    0.0012370722834020853
                ],
                [
                    "si",
                    0.001204960746690631
                ],
                [
                    "hu",
                    0.001165962778031826
                ],
                [
                    "ml",
                    0.0010111345909535885
                ],
                [
                    "fi",
                    0.000921692990232259
                ],
                [
                    "no",
                    0.0009071387466974556
                ],
                [
                    "mi",
                    0.0008156190160661936
                ],
                [
                    "uk",
                    0.0006797829992137849
                ],
                [
                    "sa",
                    0.000642939645331353
                ],
                [
                    "ca",
                    0.0005828680004924536
                ],
                [
                    "fa",
                    0.0005504607106558979
                ],
                [
                    "bn",
                    0.0005112699582241476
                ],
                [
                    "cs",
                    0.0005047379527240992
                ],
                [
                    "da",
                    0.0004652928910218179
                ],
                [
                    "yo",
                    0.00044823167263530195
                ],
                [
                    "hr",
                    0.00043844402534887195
                ],
                [
                    "gl",
                    0.00043775717495009303
                ],
                [
                    "he",
                    0.00040131108835339546
                ],
                [
                    "ht",
                    0.0003817914694081992
                ],
                [
                    "bs",
                    0.0003497868310660124
                ],
                [
                    "mn",
                    0.0003249880683142692
                ],
                [
                    "sl",
                    0.0002995964023284614
                ],
                [
                    "be",
                    0.0002644695632625371
                ],
                [
                    "bo",
                    0.00026031857123598456
                ],
                [
                    "ne",
                    0.0002438841765979305
                ],
                [
                    "my",
                    0.0002117837721016258
                ],
                [
                    "sw",
                    0.00020118181419093162
                ],
                [
                    "oc",
                    0.00020107267482671887
                ],
                [
                    "is",
                    0.00019043151405639946
                ],
                [
                    "eu",
                    0.00018107994401361793
                ],
                [
                    "bg",
                    0.00017188065976370126
                ],
                [
                    "sk",
                    0.00014994549565017223
                ],
                [
                    "fo",
                    0.0001466881949454546
                ],
                [
                    "yi",
                    0.00012435928510967642
                ],
                [
                    "lo",
                    0.00011218264990020543
                ],
                [
                    "af",
                    0.00011154905223520473
                ],
                [
                    "hy",
