{
    "path": "/Users/cindyzhang/YouLingo/video_analysis/sampled_videos_subset/677_video.mp4",
    "audio_path": "video_analysis/sampled_audios_subset/677_video_audio.wav",
    "language": "en",
    "length_sec": 15.17,
    "vad_duration_sec": 11.3154375,
    "total_segment_length_sec": 0.0,
    "word_count": -1,
    "tokens": [],
    "types": [],
    "mean_sentence_length_words": -1.0,
    "wpm": -1,
    "spm": -1,
    "average_ptr": -1,
    "transcript_text": "",
    "transcript": {
        "segments": [],
        "info": {
            "language": "en",
            "duration": 15.1394375,
            "duration_after_vad": 11.3154375,
            "language_probability": 0.6505691409111023,
            "all_language_probs": [
                [
                    "en",
                    0.6505691409111023
                ],
                [
                    "ko",
                    0.07785391062498093
                ],
                [
                    "de",
                    0.03156454488635063
                ],
                [
                    "fr",
                    0.02022596262395382
                ],
                [
                    "ja",
                    0.019495707005262375
                ],
                [
                    "es",
                    0.01820007711648941
                ],
                [
                    "zh",
                    0.017634805291891098
                ],
                [
                    "pt",
                    0.013489672914147377
                ],
                [
                    "sn",
                    0.0114779993891716
                ],
                [
                    "ru",
                    0.009665914811193943
                ],
                [
                    "hi",
                    0.009558715857565403
                ],
                [
                    "jw",
                    0.009055743925273418
                ],
                [
                    "tl",
                    0.008517596870660782
                ],
                [
                    "tr",
                    0.006368170026689768
                ],
                [
                    "yo",
                    0.0058674500323832035
                ],
                [
                    "sv",
                    0.005518370773643255
                ],
                [
                    "km",
                    0.0050931465812027454
                ],
                [
                    "te",
                    0.004436517134308815
                ],
                [
                    "it",
                    0.004404362291097641
                ],
                [
                    "haw",
                    0.003867517923936248
                ],
                [
                    "ar",
                    0.0035541094839572906
                ],
                [
                    "da",
                    0.0034541019704192877
                ],
                [
                    "nl",
                    0.0033593825064599514
                ],
                [
                    "cy",
                    0.002765294397249818
                ],
                [
                    "ms",
                    0.0027155547868460417
                ],
                [
                    "ht",
                    0.002661016769707203
                ],
                [
                    "pl",
                    0.0025616532657295465
                ],
                [
                    "el",
                    0.0023782183416187763
                ],
                [
                    "bn",
                    0.0021919456776231527
                ],
                [
                    "sw",
                    0.002153879264369607
                ],
                [
                    "la",
                    0.0019778278656303883
                ],
                [
                    "id",
                    0.0019328141352161765
                ],
                [
                    "ro",
                    0.0019115735776722431
                ],
                [
                    "ta",
                    0.001873428001999855
                ],
                [
                    "nn",
                    0.001781604951247573
                ],
                [
                    "hu",
                    0.0017698245355859399
                ],
                [
                    "ur",
                    0.0017429260769858956
                ],
                [
                    "hr",
                    0.001683667884208262
                ],
                [
                    "vi",
                    0.0015571032417938113
                ],
                [
                    "no",
                    0.0014495206996798515
                ],
                [
                    "th",
                    0.0014105085283517838
                ],
                [
                    "si",
                    0.0014045292045921087
                ],
                [
                    "fi",
                    0.001397104118950665
                ],
                [
                    "br",
                    0.0013122312957420945
                ],
                [
                    "fa",
                    0.0012571904808282852
                ],
                [
                    "he",
                    0.0012298134388402104
                ],
                [
                    "bs",
                    0.0010989164002239704
                ],
                [
                    "ca",
                    0.0009984386852011085
                ],
                [
                    "ne",
                    0.0009403596632182598
                ],
                [
                    "cs",
                    0.0008434616029262543
                ],
                [
                    "ml",
                    0.0008426093845628202
                ],
                [
                    "mi",
                    0.0007900680066086352
                ],
                [
                    "sa",
                    0.0006546408985741436
                ],
                [
                    "sl",
                    0.0006215631728991866
                ],
                [
                    "uk",
                    0.0005776304751634598
                ],
                [
                    "my",
                    0.00046583550283685327
                ],
                [
                    "lv",
                    0.0003782074199989438
                ],
                [
                    "hy",
                    0.00037063678610138595
                ],
                [
                    "sk",
                    0.0003627446130849421
                ],
                [
                    "mn",
                    0.00035554502392187715
                ],
                [
                    "bo",
                    0.00032338028540834785
                ],
                [
                    "et",
                    0.0003212349838577211
                ],
                [
                    "is",
                    0.0003111675614491105
                ],
                [
                    "be",
                    0.00029731442919000983
                ],
                [
                    "oc",
                    0.00028382957680150867
                ],
                [
                    "yi",
                    0.00024292178568430245
                ],
                [
                    "eu",
                    0.0002139247371815145
                ],
                [
                    "fo",
                    0.00020913966000080109
                ],
                [
                    "gl",
                    0.00020298366143833846
                ],
                [
