{
    "path": "/Users/cindyzhang/YouLingo/video_analysis/sampled_videos_subset/679_video.mp4",
    "audio_path": "video_analysis/sampled_audios_subset/679_video_audio.wav",
    "language": "en",
    "length_sec": 24.09,
    "vad_duration_sec": 0.992,
    "total_segment_length_sec": 0.0,
    "word_count": -1,
    "tokens": [],
    "types": [],
    "mean_sentence_length_words": -1.0,
    "wpm": -1,
    "spm": -1,
    "average_ptr": -1,
    "transcript_text": "",
    "transcript": {
        "segments": [],
        "info": {
            "language": "en",
            "duration": 24.0340625,
            "duration_after_vad": 0.992,
            "language_probability": 0.3726693093776703,
            "all_language_probs": [
                [
                    "en",
                    0.3726693093776703
                ],
                [
                    "jw",
                    0.07320448756217957
                ],
                [
                    "ja",
                    0.06606180965900421
                ],
                [
                    "nn",
                    0.057420242577791214
                ],
                [
                    "ko",
                    0.044517576694488525
                ],
                [
                    "la",
                    0.04195965826511383
                ],
                [
                    "zh",
                    0.03070305660367012
                ],
                [
                    "fr",
                    0.02867620252072811
                ],
                [
                    "pt",
                    0.027295129373669624
                ],
                [
                    "ru",
                    0.027286149561405182
                ],
                [
                    "de",
                    0.025276919826865196
                ],
                [
                    "km",
                    0.024681000038981438
                ],
                [
                    "es",
                    0.020160360261797905
                ],
                [
                    "cy",
                    0.014180433936417103
                ],
                [
                    "pl",
                    0.011785346083343029
                ],
                [
                    "nl",
                    0.01127919927239418
                ],
                [
                    "it",
                    0.011130137369036674
                ],
                [
                    "tr",
                    0.009664149023592472
                ],
                [
                    "hi",
                    0.008781978860497475
                ],
                [
                    "haw",
                    0.006579305976629257
                ],
                [
                    "th",
                    0.0061083524487912655
                ],
                [
                    "vi",
                    0.005764099303632975
                ],
                [
                    "ar",
                    0.005698374006897211
                ],
                [
                    "hu",
                    0.005619271192699671
                ],
                [
                    "si",
                    0.005148292984813452
                ],
                [
                    "br",
                    0.004643591586500406
                ],
                [
                    "te",
                    0.004456177353858948
                ],
                [
                    "sa",
                    0.00444477703422308
                ],
                [
                    "fi",
                    0.0038159058894962072
                ],
                [
                    "ms",
                    0.0037820597644895315
                ],
                [
                    "id",
                    0.003490628907456994
                ],
                [
                    "ta",
                    0.0027656371239572763
                ],
                [
                    "el",
                    0.0026213782839477062
                ],
                [
                    "ro",
                    0.002542285481467843
                ],
                [
                    "cs",
                    0.0023569094482809305
                ],
                [
                    "sv",
                    0.0021911272779107094
                ],
                [
                    "ml",
                    0.0021763474214822054
                ],
                [
                    "uk",
                    0.0019836213905364275
                ],
                [
                    "sn",
                    0.00196095067076385
                ],
                [
                    "tl",
                    0.0012022977462038398
                ],
                [
                    "mi",
                    0.0010595477651804686
                ],
                [
                    "ur",
                    0.001035028137266636
                ],
                [
                    "ca",
                    0.0009480910375714302
                ],
                [
                    "no",
                    0.0007869143155403435
                ],
                [
                    "bg",
                    0.000783859402872622
                ],
                [
                    "gl",
                    0.0005947363097220659
                ],
                [
                    "he",
                    0.0005650525563396513
                ],
                [
                    "da",
                    0.0005644484772346914
                ],
                [
                    "bn",
                    0.0005075131193734705
                ],
                [
                    "fa",
                    0.0004917168407700956
                ],
                [
                    "my",
                    0.00047616646043024957
                ],
                [
                    "eu",
                    0.0004752271925099194
                ],
                [
                    "yo",
                    0.000456569337984547
                ],
                [
                    "mn",
                    0.0004563409893307835
                ],
                [
                    "sl",
                    0.0004519523645285517
                ],
                [
                    "hr",
                    0.0004478785558603704
                ],
                [
                    "sk",
                    0.00040617393096908927
                ],
                [
                    "fo",
                    0.00030400967807509005
                ],
                [
                    "oc",
                    0.0002519414119888097
                ],
                [
                    "bo",
                    0.00024223390209954232
                ],
                [
                    "be",
                    0.00023256815620698035
                ],
                [
                    "bs",
                    0.0001810902322176844
                ],
                [
                    "sw",
                    0.0001768284128047526
                ],
                [
                    "hy",
                    0.00015961927419994026
                ],
                [
                    "lo",
                    0.00015654531307518482
                ],
                [
                    "az",
                    0.0001469953713240102
                ],
                [
                    "yi",
                    0.00013397893053479493
                ],
                [
                    "af",
                    0.00013364356709644198
                ],
                [
                    "lv",
                    0.0001316606649197638
                ],
                [
                    "is",
