{
    "path": "/Users/cindyzhang/YouLingo/video_analysis/sampled_videos_subset/682_video.mp4",
    "audio_path": "video_analysis/sampled_audios_subset/682_video_audio.wav",
    "language": "en",
    "length_sec": 21.95,
    "vad_duration_sec": 5.776,
    "total_segment_length_sec": 0.0,
    "word_count": -1,
    "tokens": [],
    "types": [],
    "mean_sentence_length_words": -1.0,
    "wpm": -1,
    "spm": -1,
    "average_ptr": -1,
    "transcript_text": "",
    "transcript": {
        "segments": [],
        "info": {
            "language": "en",
            "duration": 21.942875,
            "duration_after_vad": 5.776,
            "language_probability": 0.7882528305053711,
            "all_language_probs": [
                [
                    "en",
                    0.7882528305053711
                ],
                [
                    "ko",
                    0.04537846893072128
                ],
                [
                    "ja",
                    0.03564029186964035
                ],
                [
                    "de",
                    0.012849950231611729
                ],
                [
                    "zh",
                    0.010760306380689144
                ],
                [
                    "km",
                    0.008905952796339989
                ],
                [
                    "ru",
                    0.00878954492509365
                ],
                [
                    "fr",
                    0.008698800578713417
                ],
                [
                    "es",
                    0.0070587871596217155
                ],
                [
                    "cy",
                    0.005029128864407539
                ],
                [
                    "nn",
                    0.004896193277090788
                ],
                [
                    "pt",
                    0.0044867354445159435
                ],
                [
                    "nl",
                    0.004078515339642763
                ],
                [
                    "jw",
                    0.0039925342425704
                ],
                [
                    "la",
                    0.0036544660106301308
                ],
                [
                    "it",
                    0.0035731582902371883
                ],
                [
                    "th",
                    0.003369067097082734
                ],
                [
                    "pl",
                    0.0033115593250840902
                ],
                [
                    "tr",
                    0.002567772986367345
                ],
                [
                    "hi",
                    0.0023660892620682716
                ],
                [
                    "vi",
                    0.0022132040467113256
                ],
                [
                    "haw",
                    0.0020337372552603483
                ],
                [
                    "hu",
                    0.0016125021502375603
                ],
                [
                    "el",
                    0.0015598201425746083
                ],
                [
                    "ar",
                    0.0015473717357963324
                ],
                [
                    "fi",
                    0.0014350139535963535
                ],
                [
                    "eu",
                    0.001423108042217791
                ],
                [
                    "sv",
                    0.001412515644915402
                ],
                [
                    "br",
                    0.0013799223816022277
                ],
                [
                    "tl",
                    0.0013130006846040487
                ],
                [
                    "cs",
                    0.0012936692219227552
                ],
                [
                    "sn",
                    0.0012366807786747813
                ],
                [
                    "mi",
                    0.0009690216393209994
                ],
                [
                    "ms",
                    0.0008679330931045115
                ],
                [
                    "ta",
                    0.0007839054451324046
                ],
                [
                    "no",
                    0.0007593717891722918
                ],
                [
                    "ca",
                    0.0007429073448292911
                ],
                [
                    "id",
                    0.0007352896500378847
                ],
                [
                    "te",
                    0.0007198547828011215
                ],
                [
                    "da",
                    0.0006612761644646525
                ],
                [
                    "my",
                    0.0006054643890820444
                ],
                [
                    "ro",
                    0.0004956824122928083
                ],
                [
                    "si",
                    0.0004356492718216032
                ],
                [
                    "hr",
                    0.00042543592280708253
                ],
                [
                    "he",
                    0.0004049561975989491
                ],
                [
                    "ur",
                    0.00038108727312646806
                ],
                [
                    "uk",
                    0.0003785784065257758
                ],
                [
                    "bs",
                    0.00032784530776552856
                ],
                [
                    "is",
                    0.0003097365261055529
                ],
                [
                    "yo",
                    0.00030642852652817965
                ],
                [
                    "lv",
                    0.00027592931292019784
                ],
                [
                    "sa",
                    0.00026123851421289146
                ],
                [
                    "sl",
                    0.00022521952632814646
                ],
                [
                    "mn",
                    0.00019182263349648565
                ],
                [
                    "yi",
                    0.00018577094306237996
                ],
                [
                    "ht",
                    0.0001769232185324654
                ],
                [
                    "ml",
                    0.00017685809871181846
                ],
                [
                    "bn",
                    0.0001709565258352086
                ],
                [
                    "bg",
                    0.00016772285744082183
                ],
                [
                    "bo",
                    0.00016530990251339972
                ],
                [
                    "oc",
                    0.00014849362196400762
                ],
                [
                    "ne",
                    0.00013935603783465922
                ],
                [
                    "gl",
                    0.0001361709728371352
                ],
                [
                    "sk",
                    0.0001335527194896713
                ],
                [
                    "fa",
                    0.00011214211554033682
                ],
                [
                    "lt",
                    9.238064376404509e-05
                ],
                [
                    "et",
                    8.571994112571701e-05
                ],
                [
                    "sw",
                    8.511363557772711e-05
                ],
                [
                    "kk",
                    7.661560812266544e-05
                ],
                [
