{
    "path": "/Users/cindyzhang/YouLingo/video_analysis/sampled_videos_subset/686_video.mp4",
    "audio_path": "video_analysis/sampled_audios_subset/686_video_audio.wav",
    "language": "en",
    "length_sec": 15.08,
    "vad_duration_sec": 14.50975,
    "total_segment_length_sec": 0.0,
    "word_count": -1,
    "tokens": [],
    "types": [],
    "mean_sentence_length_words": -1.0,
    "wpm": -1,
    "spm": -1,
    "average_ptr": -1,
    "transcript_text": "",
    "transcript": {
        "segments": [],
        "info": {
            "language": "en",
            "duration": 15.06975,
            "duration_after_vad": 14.50975,
            "language_probability": 0.4724980294704437,
            "all_language_probs": [
                [
                    "en",
                    0.4724980294704437
                ],
                [
                    "fr",
                    0.10708136111497879
                ],
                [
                    "ko",
                    0.07973305881023407
                ],
                [
                    "de",
                    0.044235434383153915
                ],
                [
                    "ja",
                    0.028681380674242973
                ],
                [
                    "nl",
                    0.02572520077228546
                ],
                [
                    "th",
                    0.02130555361509323
                ],
                [
                    "km",
                    0.02077467180788517
                ],
                [
                    "nn",
                    0.017974385991692543
                ],
                [
                    "ar",
                    0.017569130286574364
                ],
                [
                    "zh",
                    0.01435405109077692
                ],
                [
                    "ru",
                    0.013370199128985405
                ],
                [
                    "vi",
                    0.012216153554618359
                ],
                [
                    "pt",
                    0.012204078957438469
                ],
                [
                    "sn",
                    0.011967060156166553
                ],
                [
                    "es",
                    0.01009737141430378
                ],
                [
                    "sv",
                    0.009088869206607342
                ],
                [
                    "tl",
                    0.0063337660394608974
                ],
                [
                    "jw",
                    0.0060216523706912994
                ],
                [
                    "hi",
                    0.005843770690262318
                ],
                [
                    "pl",
                    0.005018938798457384
                ],
                [
                    "cy",
                    0.003982681781053543
                ],
                [
                    "tr",
                    0.003932214807718992
                ],
                [
                    "it",
                    0.0038186004385352135
                ],
                [
                    "ro",
                    0.0037674917839467525
                ],
                [
                    "ms",
                    0.003412811318412423
                ],
                [
                    "ta",
                    0.0033060379792004824
                ],
                [
                    "br",
                    0.0028690968174487352
                ],
                [
                    "cs",
                    0.002847331343218684
                ],
                [
                    "la",
                    0.0027527676429599524
                ],
                [
                    "hu",
                    0.002172895008698106
                ],
                [
                    "yo",
                    0.0017534689977765083
                ],
                [
                    "el",
                    0.0016067428514361382
                ],
                [
                    "fi",
                    0.0014916174113750458
                ],
                [
                    "te",
                    0.0014662258327007294
                ],
                [
                    "id",
                    0.0013644639402627945
                ],
                [
                    "haw",
                    0.0013468438992276788
                ],
                [
                    "da",
                    0.0012036162661388516
                ],
                [
                    "si",
                    0.0010851317783817649
                ],
                [
                    "no",
                    0.0010068846167996526
                ],
                [
                    "mi",
                    0.0009910257067531347
                ],
                [
                    "uk",
                    0.0009318355587311089
                ],
                [
                    "ca",
                    0.0008133681840263307
                ],
                [
                    "he",
                    0.0007961319060996175
                ],
                [
                    "ur",
                    0.0007317633717320859
                ],
                [
                    "sa",
                    0.0005225840723142028
                ],
                [
                    "eu",
                    0.0005008262232877314
                ],
                [
                    "sl",
                    0.00045323630911298096
                ],
                [
                    "hy",
                    0.00044654562952928245
                ],
                [
                    "ht",
                    0.0004389470850583166
                ],
                [
                    "ml",
                    0.0004384287167340517
                ],
                [
                    "lo",
                    0.00039435579674318433
                ],
                [
                    "my",
                    0.000388112326618284
                ],
                [
                    "oc",
                    0.00037535250885412097
                ],
                [
                    "bg",
                    0.0003716227365657687
                ],
                [
                    "is",
                    0.00031379092251881957
                ],
                [
                    "bn",
                    0.0002875628415495157
                ],
                [
                    "fo",
                    0.0002524882147554308
                ],
                [
                    "mn",
                    0.00024932148517109454
                ],
                [
                    "hr",
                    0.00022677761444356292
                ],
                [
                    "sw",
                    0.00022336238180287182
                ],
                [
                    "et",
                    0.0002229688543593511
                ],
                [
                    "fa",
                    0.00022250197071116418
                ],
                [
                    "gl",
                    0.0002173525863327086
                ],
                [
                    "bo",
                    0.0001921938528539613
                ],
                [
                    "lv",
                    0.00018878393166232854
                ],
                [
                    "be",
                    0.00017673893307801336
                ],
                [
                    "yi",
                    0.00016338586283382028
                ],
                [
                    "sk",
                    0.00016142817912623286
                ],
                [
                    "af",
