{
    "path": "/Users/cindyzhang/YouLingo/video_analysis/sampled_videos_subset/690_video.mp4",
    "audio_path": "video_analysis/sampled_audios_subset/690_video_audio.wav",
    "language": "nl",
    "length_sec": 41.69,
    "vad_duration_sec": 26.73725,
    "total_segment_length_sec": 0.0,
    "word_count": -1,
    "tokens": [],
    "types": [],
    "mean_sentence_length_words": -1.0,
    "wpm": -1,
    "spm": -1,
    "average_ptr": -1,
    "transcript_text": "",
    "transcript": {
        "segments": [],
        "info": {
            "language": "nl",
            "duration": 41.68125,
            "duration_after_vad": 26.73725,
            "language_probability": 0.8327450156211853,
            "all_language_probs": [
                [
                    "nl",
                    0.8327450156211853
                ],
                [
                    "en",
                    0.11706703156232834
                ],
                [
                    "de",
                    0.016783230006694794
                ],
                [
                    "fr",
                    0.006152709014713764
                ],
                [
                    "pt",
                    0.002803836250677705
                ],
                [
                    "pl",
                    0.002716697985306382
                ],
                [
                    "el",
                    0.0018184633227065206
                ],
                [
                    "ar",
                    0.0017312179552391171
                ],
                [
                    "es",
                    0.0014487438602373004
                ],
                [
                    "nn",
                    0.0012509586522355676
                ],
                [
                    "cy",
                    0.001156258280389011
                ],
                [
                    "zh",
                    0.0010744200553745031
                ],
                [
                    "hi",
                    0.0010040238266810775
                ],
                [
                    "vi",
                    0.0009990218095481396
                ],
                [
                    "it",
                    0.0009910885710269213
                ],
                [
                    "af",
                    0.0008772180299274623
                ],
                [
                    "ko",
                    0.0008232343243435025
                ],
                [
                    "ja",
                    0.0008212605607695878
                ],
                [
                    "tr",
                    0.0007773010875098407
                ],
                [
                    "la",
                    0.0006614936864934862
                ],
                [
                    "ms",
                    0.000647332810331136
                ],
                [
                    "ru",
                    0.0006326196598820388
                ],
                [
                    "ca",
                    0.0004984818515367806
                ],
                [
                    "da",
                    0.000435283116530627
                ],
                [
                    "ur",
                    0.0003618072369135916
                ],
                [
                    "jw",
                    0.0003332641499582678
                ],
                [
                    "mi",
                    0.00029617559630423784
                ],
                [
                    "no",
                    0.0002646094362717122
                ],
                [
                    "he",
                    0.00025744945742189884
                ],
                [
                    "id",
                    0.00022907464881427586
                ],
                [
                    "br",
                    0.00022119238565210253
                ],
                [
                    "haw",
                    0.00021667637338396162
                ],
                [
                    "hu",
                    0.00019114091992378235
                ],
                [
                    "cs",
                    0.00018972798716276884
                ],
                [
                    "sv",
                    0.0001606963633093983
                ],
                [
                    "tl",
                    0.00010865588410524651
                ],
                [
                    "is",
                    0.00010028883843915537
                ],
                [
                    "yi",
                    8.739093027543277e-05
                ],
                [
                    "uk",
                    8.347223774762824e-05
                ],
                [
                    "fi",
                    8.143664308590814e-05
                ],
                [
                    "sn",
                    7.637347152922302e-05
                ],
                [
                    "km",
                    7.523108797613531e-05
                ],
                [
                    "ta",
                    7.516360346926376e-05
                ],
                [
                    "gl",
                    7.162871770560741e-05
                ],
                [
                    "th",
                    6.254720938159153e-05
                ],
                [
                    "ro",
                    6.151658453745767e-05
                ],
                [
                    "sl",
                    5.694733408745378e-05
                ],
                [
                    "bg",
                    5.070834231446497e-05
                ],
                [
                    "oc",
                    3.679721703520045e-05
                ],
                [
                    "yo",
                    2.921414670709055e-05
                ],
                [
                    "eu",
                    2.167572711186949e-05
                ],
                [
                    "ml",
                    2.1641460989485495e-05
                ],
                [
                    "sa",
                    1.9685372535604984e-05
                ],
                [
                    "bn",
                    1.753938340698369e-05
                ],
                [
                    "ht",
                    1.4760909834876657e-05
                ],
                [
                    "my",
                    1.3482826943800319e-05
                ],
                [
                    "sk",
                    1.3361505807552021e-05
                ],
                [
                    "fa",
                    1.3277101061248686e-05
                ],
                [
                    "lv",
                    1.2879324458481278e-05
                ],
                [
                    "bs",
                    1.2449709174688905e-05
                ],
                [
                    "hr",
                    1.046547549776733e-05
                ],
                [
                    "sq",
                    8.914826139516663e-06
                ],
                [
                    "az",
                    8.850344784150366e-06
                ],
                [
                    "hy",
                    8.699980753590353e-06
                ],
                [
                    "fo",
                    8.468858140986413e-06
                ],
                [
                    "sw",
                    8.349209565494675e-06
                ],
                [
                    "te",
                    7.872206879255828e-06
                ],
                [
                    "pa",
                    7.20724983693799e-06
                ],
                [
                    "et",
                    6.918438430147944e-06
                ],
                [
