{
    "path": "/Users/cindyzhang/YouLingo/video_analysis/sampled_videos_subset/695_video.mp4",
    "audio_path": "video_analysis/sampled_audios_subset/695_video_audio.wav",
    "language": "ja",
    "length_sec": 20.01,
    "vad_duration_sec": 5.104,
    "total_segment_length_sec": 0.0,
    "word_count": -1,
    "tokens": [],
    "types": [],
    "mean_sentence_length_words": -1.0,
    "wpm": -1,
    "spm": -1,
    "average_ptr": -1,
    "transcript_text": "",
    "transcript": {
        "segments": [],
        "info": {
            "language": "ja",
            "duration": 20.015625,
            "duration_after_vad": 5.104,
            "language_probability": 0.2814091742038727,
            "all_language_probs": [
                [
                    "ja",
                    0.2814091742038727
                ],
                [
                    "ko",
                    0.19232045114040375
                ],
                [
                    "en",
                    0.17330603301525116
                ],
                [
                    "fr",
                    0.044143691658973694
                ],
                [
                    "ru",
                    0.04044082388281822
                ],
                [
                    "km",
                    0.033120542764663696
                ],
                [
                    "zh",
                    0.024658087641000748
                ],
                [
                    "de",
                    0.018806854262948036
                ],
                [
                    "jw",
                    0.017544064670801163
                ],
                [
                    "es",
                    0.016767458990216255
                ],
                [
                    "tr",
                    0.016130121424794197
                ],
                [
                    "pt",
                    0.011741820722818375
                ],
                [
                    "ar",
                    0.009126625955104828
                ],
                [
                    "pl",
                    0.00901025626808405
                ],
                [
                    "nl",
                    0.008413753472268581
                ],
                [
                    "hi",
                    0.00788922980427742
                ],
                [
                    "nn",
                    0.00658525200560689
                ],
                [
                    "tl",
                    0.005672663450241089
                ],
                [
                    "sn",
                    0.005667510442435741
                ],
                [
                    "ro",
                    0.0048424480482935905
                ],
                [
                    "it",
                    0.004733657464385033
                ],
                [
                    "th",
                    0.004697510041296482
                ],
                [
                    "ta",
                    0.0037771333009004593
                ],
                [
                    "el",
                    0.003332604421302676
                ],
                [
                    "la",
                    0.003295996692031622
                ],
                [
                    "vi",
                    0.0032501451205462217
                ],
                [
                    "ms",
                    0.0030019322875887156
                ],
                [
                    "id",
                    0.002961693564429879
                ],
                [
                    "sv",
                    0.002700600540265441
                ],
                [
                    "cy",
                    0.0026879115030169487
                ],
                [
                    "te",
                    0.0025846962817013264
                ],
                [
                    "cs",
                    0.0023146055173128843
                ],
                [
                    "ur",
                    0.002132363384589553
                ],
                [
                    "no",
                    0.0019732217770069838
                ],
                [
                    "br",
                    0.0017740164184942842
                ],
                [
                    "si",
                    0.001743480795994401
                ],
                [
                    "hu",
                    0.001529197907075286
                ],
                [
                    "uk",
                    0.0014599035494029522
                ],
                [
                    "ca",
                    0.0014589696656912565
                ],
                [
                    "eu",
                    0.001427255803719163
                ],
                [
                    "fi",
                    0.0013507162220776081
                ],
                [
                    "yo",
                    0.001275024376809597
                ],
                [
                    "he",
                    0.001245800987817347
                ],
                [
                    "mi",
                    0.0010496920440346003
                ],
                [
                    "haw",
                    0.0009702728711999953
                ],
                [
                    "hr",
                    0.0008634589030407369
                ],
                [
                    "ht",
                    0.000846634095069021
                ],
                [
                    "bn",
                    0.0007686877506785095
                ],
                [
                    "bg",
                    0.0007499943603761494
                ],
                [
                    "hy",
                    0.0005636347341351211
                ],
                [
                    "oc",
                    0.0005625791964121163
                ],
                [
                    "sa",
                    0.0005500530241988599
                ],
                [
                    "my",
                    0.0005012325127609074
                ],
                [
                    "bs",
                    0.00048610923113301396
                ],
                [
                    "mn",
                    0.0004839908506255597
                ],
                [
                    "kk",
                    0.00047502448433078825
                ],
                [
                    "fa",
                    0.000474121596198529
                ],
                [
                    "da",
                    0.0004544005205389112
                ],
                [
                    "ne",
                    0.0004405570507515222
                ],
                [
                    "be",
                    0.0003715087950695306
                ],
                [
                    "lt",
                    0.00036389793967828155
                ],
                [
                    "bo",
                    0.0003633155720308423
                ],
                [
                    "ml",
                    0.00036053534131497145
                ],
                [
                    "lv",
                    0.0003578609903343022
                ],
                [
                    "gl",
                    0.00035612040665000677
                ],
                [
                    "is",
                    0.00033393455669283867
                ],
                [
                    "sw",
                    0.0003326718870084733
                ],
                [
                    "sk",
                    0.00032733799889683723
                ],
                [
                    "et",
                    0.0002998976269736886
                ],
                [
                    "sl",
