{
    "path": "/Users/cindyzhang/YouLingo/video_analysis/sampled_videos_subset/708_video.mp4",
    "audio_path": "video_analysis/sampled_audios_subset/708_video_audio.wav",
    "language": "en",
    "length_sec": 13.73,
    "vad_duration_sec": 1.12,
    "total_segment_length_sec": 0.0,
    "word_count": -1,
    "tokens": [],
    "types": [],
    "mean_sentence_length_words": -1.0,
    "wpm": -1,
    "spm": -1,
    "average_ptr": -1,
    "transcript_text": "",
    "transcript": {
        "segments": [],
        "info": {
            "language": "en",
            "duration": 13.6998125,
            "duration_after_vad": 1.12,
            "language_probability": 0.4441346228122711,
            "all_language_probs": [
                [
                    "en",
                    0.4441346228122711
                ],
                [
                    "de",
                    0.2000274360179901
                ],
                [
                    "nn",
                    0.06175004690885544
                ],
                [
                    "ru",
                    0.036059729754924774
                ],
                [
                    "pl",
                    0.03516989201307297
                ],
                [
                    "nl",
                    0.035101570188999176
                ],
                [
                    "ja",
                    0.02087974362075329
                ],
                [
                    "ko",
                    0.015188366174697876
                ],
                [
                    "fr",
                    0.01506871823221445
                ],
                [
                    "zh",
                    0.012552703730762005
                ],
                [
                    "pt",
                    0.012267335318028927
                ],
                [
                    "cy",
                    0.01211510132998228
                ],
                [
                    "es",
                    0.010379508137702942
                ],
                [
                    "it",
                    0.009806131012737751
                ],
                [
                    "la",
                    0.006749502848833799
                ],
                [
                    "tr",
                    0.006388692185282707
                ],
                [
                    "hu",
                    0.006333283148705959
                ],
                [
                    "fi",
                    0.005395149812102318
                ],
                [
                    "sv",
                    0.005266568623483181
                ],
                [
                    "ar",
                    0.003812974551692605
                ],
                [
                    "cs",
                    0.0032874441239982843
                ],
                [
                    "he",
                    0.0030685425736010075
                ],
                [
                    "da",
                    0.0028505537193268538
                ],
                [
                    "jw",
                    0.0025820282753556967
                ],
                [
                    "el",
                    0.0024325314443558455
                ],
                [
                    "hi",
                    0.0021945429034531116
                ],
                [
                    "haw",
                    0.0019015292637050152
                ],
                [
                    "th",
                    0.001895537949167192
                ],
                [
                    "no",
                    0.0017687610816210508
                ],
                [
                    "uk",
                    0.001683492329902947
                ],
                [
                    "km",
                    0.0014866901328787208
                ],
                [
                    "vi",
                    0.0013449533144012094
                ],
                [
                    "ro",
                    0.0013265132438391447
                ],
                [
                    "br",
                    0.001085040858015418
                ],
                [
                    "sk",
                    0.001017895876429975
                ],
                [
                    "hr",
                    0.001007509883493185
                ],
                [
                    "sl",
                    0.0009872250957414508
                ],
                [
                    "ca",
                    0.0009335243375971913
                ],
                [
                    "ms",
                    0.0009166660020127892
                ],
                [
                    "mi",
                    0.0008894195198081434
                ],
                [
                    "id",
                    0.000701309007126838
                ],
                [
                    "bg",
                    0.0006851513753645122
                ],
                [
                    "tl",
                    0.000618704711087048
                ],
                [
                    "sn",
                    0.0005845752311870456
                ],
                [
                    "ml",
                    0.0005319806514307857
                ],
                [
                    "ur",
                    0.000512154889293015
                ],
                [
                    "lv",
                    0.0005108475452288985
                ],
                [
                    "bs",
                    0.0004700146964751184
                ],
                [
                    "eu",
                    0.00046651228331029415
                ],
                [
                    "si",
                    0.0004245613527018577
                ],
                [
                    "te",
                    0.0004205408913549036
                ],
                [
                    "fa",
                    0.00039136825944297016
                ],
                [
                    "mn",
                    0.000361936807166785
                ],
                [
                    "ta",
                    0.0003321340773254633
                ],
                [
                    "bn",
                    0.0002655588323250413
                ],
                [
                    "gl",
                    0.0002583167515695095
                ],
                [
                    "lt",
                    0.0002475502260494977
                ],
                [
                    "yi",
                    0.00024610725813545287
                ],
                [
                    "sa",
                    0.00024456120445393026
                ],
                [
                    "my",
                    0.00024013947404455394
                ],
                [
                    "fo",
                    0.00022178390645422041
                ],
                [
                    "oc",
                    0.0001767809153534472
                ],
                [
                    "af",
                    0.00017116112576331943
                ],
                [
                    "is",
                    0.0001514273462817073
                ],
                [
                    "yo",
                    0.00014961592387408018
                ],
                [
                    "bo",
                    0.00014709672541357577
                ],
                [
                    "et",
                    0.0001426745584467426
                ],
                [
                    "sr",
                    0.0001325184857705608
                ],
                [
                    "be",
                    0.00011609462671913207
                ],
                [
                    "hy",
