{
    "path": "/Users/cindyzhang/YouLingo/video_analysis/sampled_videos_subset/713_video.mp4",
    "audio_path": "video_analysis/sampled_audios_subset/713_video_audio.wav",
    "language": "en",
    "length_sec": 15.13,
    "vad_duration_sec": 9.909,
    "total_segment_length_sec": 0.0,
    "word_count": -1,
    "tokens": [],
    "types": [],
    "mean_sentence_length_words": -1.0,
    "wpm": -1,
    "spm": -1,
    "average_ptr": -1,
    "transcript_text": "",
    "transcript": {
        "segments": [],
        "info": {
            "language": "en",
            "duration": 15.093,
            "duration_after_vad": 9.909,
            "language_probability": 0.2935701608657837,
            "all_language_probs": [
                [
                    "en",
                    0.2935701608657837
                ],
                [
                    "pt",
                    0.21000032126903534
                ],
                [
                    "es",
                    0.1680874228477478
                ],
                [
                    "ko",
                    0.12189393490552902
                ],
                [
                    "fr",
                    0.029943810775876045
                ],
                [
                    "tr",
                    0.02850731462240219
                ],
                [
                    "ja",
                    0.01624128967523575
                ],
                [
                    "zh",
                    0.013383248820900917
                ],
                [
                    "ar",
                    0.011447637341916561
                ],
                [
                    "yo",
                    0.007846849970519543
                ],
                [
                    "el",
                    0.006947105284780264
                ],
                [
                    "it",
                    0.005088391713798046
                ],
                [
                    "nl",
                    0.004951462149620056
                ],
                [
                    "ms",
                    0.004716682247817516
                ],
                [
                    "id",
                    0.0045172409154474735
                ],
                [
                    "gl",
                    0.004114457871764898
                ],
                [
                    "sn",
                    0.00393329095095396
                ],
                [
                    "de",
                    0.003921892959624529
                ],
                [
                    "haw",
                    0.0039010632317513227
                ],
                [
                    "hi",
                    0.0037181912921369076
                ],
                [
                    "ru",
                    0.003702794900164008
                ],
                [
                    "cy",
                    0.0035927039571106434
                ],
                [
                    "jw",
                    0.003520672209560871
                ],
                [
                    "nn",
                    0.003495916724205017
                ],
                [
                    "tl",
                    0.0027798188384622335
                ],
                [
                    "la",
                    0.0027222021017223597
                ],
                [
                    "ca",
                    0.0025704586878418922
                ],
                [
                    "pl",
                    0.002509434474632144
                ],
                [
                    "ht",
                    0.0023223641328513622
                ],
                [
                    "vi",
                    0.002206748817116022
                ],
                [
                    "ur",
                    0.001994186546653509
                ],
                [
                    "mi",
                    0.0018966083880513906
                ],
                [
                    "km",
                    0.0017301867483183742
                ],
                [
                    "br",
                    0.0015528267249464989
                ],
                [
                    "ro",
                    0.001493166433647275
                ],
                [
                    "sv",
                    0.001148461364209652
                ],
                [
                    "sw",
                    0.0009750704630278051
                ],
                [
                    "eu",
                    0.0009207128314301372
                ],
                [
                    "bn",
                    0.0009187796385958791
                ],
                [
                    "he",
                    0.0009043929167091846
                ],
                [
                    "oc",
                    0.0006611665012314916
                ],
                [
                    "ta",
                    0.0006605113740079105
                ],
                [
                    "fa",
                    0.0006321991677395999
                ],
                [
                    "my",
                    0.0005768862320110202
                ],
                [
                    "th",
                    0.0005356963374651968
                ],
                [
                    "da",
                    0.0005011142930015922
                ],
                [
                    "te",
                    0.00043167013791389763
                ],
                [
                    "hr",
                    0.0004079373902641237
                ],
                [
                    "hu",
                    0.0003258936631027609
                ],
                [
                    "cs",
                    0.00032266101334244013
                ],
                [
                    "bo",
                    0.000311513664200902
                ],
                [
                    "fo",
                    0.00030898480326868594
                ],
                [
                    "uk",
                    0.0003069856611546129
                ],
                [
                    "sl",
                    0.0002925381704699248
                ],
                [
                    "bs",
                    0.000292006618110463
                ],
                [
                    "af",
                    0.0002745671372395009
                ],
                [
                    "be",
                    0.0002444259589537978
                ],
                [
                    "no",
                    0.0002248238306492567
                ],
                [
                    "ne",
                    0.00021513084357138723
                ],
                [
                    "mn",
                    0.00020746573864016682
                ],
                [
                    "fi",
                    0.00019120726210530847
                ],
                [
                    "bg",
                    0.00018945429474115372
                ],
                [
                    "yi",
                    0.00017406804545316845
                ],
                [
                    "ln",
                    0.00016343760944437236
                ],
                [
                    "sa",
                    0.00016048918769229203
                ],
                [
                    "si",
                    0.00014746557280886918
                ],
                [
                    "lt",
                    0.00014648567594122142
                ],
                [
                    "is",
                    0.00012418739788699895
                ],
                [
                    "hy",
                    0.00012251836596988142
                ],
                [
                    "ml",
