{
    "path": "/Users/cindyzhang/YouLingo/video_analysis/sampled_videos_subset/732_video.mp4",
    "audio_path": "video_analysis/sampled_audios_subset/732_video_audio.wav",
    "language": "en",
    "length_sec": 19.0,
    "vad_duration_sec": 17.8346875,
    "total_segment_length_sec": 0.0,
    "word_count": -1,
    "tokens": [],
    "types": [],
    "mean_sentence_length_words": -1.0,
    "wpm": -1,
    "spm": -1,
    "average_ptr": -1,
    "transcript_text": "",
    "transcript": {
        "segments": [],
        "info": {
            "language": "en",
            "duration": 18.9706875,
            "duration_after_vad": 17.8346875,
            "language_probability": 0.9621663689613342,
            "all_language_probs": [
                [
                    "en",
                    0.9621663689613342
                ],
                [
                    "ja",
                    0.0067766811698675156
                ],
                [
                    "ko",
                    0.004018160980194807
                ],
                [
                    "fr",
                    0.003172839293256402
                ],
                [
                    "de",
                    0.0021312490571290255
                ],
                [
                    "pt",
                    0.0019199056550860405
                ],
                [
                    "nn",
                    0.0018999988678842783
                ],
                [
                    "es",
                    0.001788491033948958
                ],
                [
                    "la",
                    0.0017530957702547312
                ],
                [
                    "ru",
                    0.0016451387200504541
                ],
                [
                    "cy",
                    0.0016435408033430576
                ],
                [
                    "zh",
                    0.001438309089280665
                ],
                [
                    "haw",
                    0.0011195411207154393
                ],
                [
                    "it",
                    0.0008274131105281413
                ],
                [
                    "jw",
                    0.0007235914818011224
                ],
                [
                    "pl",
                    0.0006571921985596418
                ],
                [
                    "km",
                    0.0005621091113425791
                ],
                [
                    "th",
                    0.0005462439730763435
                ],
                [
                    "nl",
                    0.0005033867200836539
                ],
                [
                    "tr",
                    0.0004261075227987021
                ],
                [
                    "vi",
                    0.00039803021354600787
                ],
                [
                    "ar",
                    0.0003544325882103294
                ],
                [
                    "hi",
                    0.00031812029192224145
                ],
                [
                    "tl",
                    0.0003025098121725023
                ],
                [
                    "mi",
                    0.0003012396628037095
                ],
                [
                    "br",
                    0.0002192294632550329
                ],
                [
                    "sv",
                    0.00019394465198274702
                ],
                [
                    "hu",
                    0.00018731797172222286
                ],
                [
                    "ms",
                    0.00017076946096494794
                ],
                [
                    "ta",
                    0.00016443285858258605
                ],
                [
                    "cs",
                    0.00014072736667003483
                ],
                [
                    "fi",
                    0.0001260437857126817
                ],
                [
                    "el",
                    0.0001248666230821982
                ],
                [
                    "id",
                    0.00012197536852909252
                ],
                [
                    "sn",
                    0.00011787752009695396
                ],
                [
                    "te",
                    9.625159145798534e-05
                ],
                [
                    "no",
                    6.074519478715956e-05
                ],
                [
                    "eu",
                    5.5933614930836484e-05
                ],
                [
                    "da",
                    5.522737774299458e-05
                ],
                [
                    "ur",
                    5.3787294746143743e-05
                ],
                [
                    "ro",
                    5.038345989305526e-05
                ],
                [
                    "ml",
                    4.8922676796792075e-05
                ],
                [
                    "sa",
                    4.285095928935334e-05
                ],
                [
                    "yo",
                    4.1294697439298034e-05
                ],
                [
                    "he",
                    3.834130257018842e-05
                ],
                [
                    "ca",
                    3.713190744747408e-05
                ],
                [
                    "si",
                    3.570899571059272e-05
                ],
                [
                    "fa",
                    3.2216608815360814e-05
                ],
                [
                    "my",
                    3.136298983008601e-05
                ],
                [
                    "hr",
                    2.7198195311939344e-05
                ],
                [
                    "bn",
                    2.6051566237583756e-05
                ],
                [
                    "uk",
                    2.4277172997244634e-05
                ],
                [
                    "yi",
                    2.359237078053411e-05
                ],
                [
                    "is",
                    2.301080348843243e-05
                ],
                [
                    "bs",
                    2.0820452846237458e-05
                ],
                [
                    "ht",
                    1.974137921934016e-05
                ],
                [
                    "sl",
                    1.755995435814839e-05
                ],
                [
                    "bo",
                    1.549922308186069e-05
                ],
                [
                    "mn",
                    1.492757655796595e-05
                ],
                [
                    "sk",
                    1.420275748387212e-05
                ],
                [
                    "gl",
                    1.3320298421604093e-05
                ],
                [
                    "ne",
                    1.2315656022110488e-05
                ],
                [
                    "be",
                    1.0498755727894604e-05
                ],
                [
                    "lv",
                    9.983980817196425e-06
                ],
                [
                    "af",
                    9.80469303613063e-06
                ],
                [
                    "bg",
                    9.133072126132902e-06
                ],
                [
                    "fo",
                    8.46553211886203e-06
                ],
                [
                    "oc",
                    7.786938112985808e-06
                ],
                [
                    "sw",
                    7.705345524300355e-06
                ],
