{
    "path": "/Users/cindyzhang/YouLingo/video_analysis/sampled_videos_subset/735_video.mp4",
    "audio_path": "video_analysis/sampled_audios_subset/735_video_audio.wav",
    "language": "en",
    "length_sec": 12.14,
    "vad_duration_sec": 7.776,
    "total_segment_length_sec": 0.0,
    "word_count": -1,
    "tokens": [],
    "types": [],
    "mean_sentence_length_words": -1.0,
    "wpm": -1,
    "spm": -1,
    "average_ptr": -1,
    "transcript_text": "",
    "transcript": {
        "segments": [],
        "info": {
            "language": "en",
            "duration": 12.1440625,
            "duration_after_vad": 7.776,
            "language_probability": 0.49908971786499023,
            "all_language_probs": [
                [
                    "en",
                    0.49908971786499023
                ],
                [
                    "km",
                    0.061204154044389725
                ],
                [
                    "ja",
                    0.03306978940963745
                ],
                [
                    "fr",
                    0.03302090987563133
                ],
                [
                    "jw",
                    0.03039456717669964
                ],
                [
                    "ko",
                    0.02946009859442711
                ],
                [
                    "pt",
                    0.028993848711252213
                ],
                [
                    "de",
                    0.026383066549897194
                ],
                [
                    "ru",
                    0.024377809837460518
                ],
                [
                    "nn",
                    0.02377311885356903
                ],
                [
                    "sn",
                    0.01901997998356819
                ],
                [
                    "es",
                    0.01883850246667862
                ],
                [
                    "br",
                    0.012112605385482311
                ],
                [
                    "pl",
                    0.012048859149217606
                ],
                [
                    "nl",
                    0.01133059523999691
                ],
                [
                    "zh",
                    0.010282893665134907
                ],
                [
                    "tr",
                    0.00878413300961256
                ],
                [
                    "hi",
                    0.0087335966527462
                ],
                [
                    "it",
                    0.008334356360137463
                ],
                [
                    "la",
                    0.007338487543165684
                ],
                [
                    "sv",
                    0.006400168873369694
                ],
                [
                    "ar",
                    0.006265117321163416
                ],
                [
                    "te",
                    0.006206457503139973
                ],
                [
                    "el",
                    0.0053398460149765015
                ],
                [
                    "tl",
                    0.0044838786125183105
                ],
                [
                    "bg",
                    0.0041918763890862465
                ],
                [
                    "cy",
                    0.003959636203944683
                ],
                [
                    "ro",
                    0.0038991961628198624
                ],
                [
                    "haw",
                    0.0033206900116056204
                ],
                [
                    "th",
                    0.00317248422652483
                ],
                [
                    "vi",
                    0.0026568518951535225
                ],
                [
                    "yo",
                    0.0024763497058302164
                ],
                [
                    "ta",
                    0.0022627306170761585
                ],
                [
                    "hu",
                    0.002048913389444351
                ],
                [
                    "cs",
                    0.0019714143127202988
                ],
                [
                    "fi",
                    0.001890860847197473
                ],
                [
                    "gl",
                    0.0018810934852808714
                ],
                [
                    "id",
                    0.001849211985245347
                ],
                [
                    "ur",
                    0.0018325077835470438
                ],
                [
                    "si",
                    0.0017808179836720228
                ],
                [
                    "hy",
                    0.001719420193694532
                ],
                [
                    "sa",
                    0.0016159721417352557
                ],
                [
                    "no",
                    0.0015616832533851266
                ],
                [
                    "ms",
                    0.0015435597160831094
                ],
                [
                    "ca",
                    0.0015373065834864974
                ],
                [
                    "bn",
                    0.0013519038911908865
                ],
                [
                    "he",
                    0.00123509275726974
                ],
                [
                    "mi",
                    0.0011881673708558083
                ],
                [
                    "ml",
                    0.001014728331938386
                ],
                [
                    "hr",
                    0.0009292185422964394
                ],
                [
                    "uk",
                    0.0009253002353943884
                ],
                [
                    "fa",
                    0.0009190696873702109
                ],
                [
                    "da",
                    0.0008470864268019795
                ],
                [
                    "sl",
                    0.0007543762330897152
                ],
                [
                    "oc",
                    0.0006546535296365619
                ],
                [
                    "lo",
                    0.000574382662307471
                ],
                [
                    "ht",
                    0.0005227761575952172
                ],
                [
                    "my",
                    0.0005201960448175669
                ],
                [
                    "yi",
                    0.0004992583999410272
                ],
                [
                    "bs",
                    0.00046284691779874265
                ],
                [
                    "sk",
                    0.0004389702808111906
                ],
                [
                    "is",
                    0.0004109673318453133
                ],
                [
                    "eu",
                    0.00038008883711881936
                ],
                [
                    "mn",
                    0.00036759875365532935
                ],
                [
                    "sw",
                    0.0003622886724770069
                ],
                [
                    "lv",
                    0.0003457038546912372
                ],
                [
                    "lt",
                    0.000270716700470075
                ],
                [
                    "bo",
                    0.0002278628380736336
                ],
                [
                    "ps",
                    0.0002063848078250885
                ],
                [
                    "sr",
