{
    "path": "/Users/cindyzhang/YouLingo/video_analysis/sampled_videos_subset/743_video.mp4",
    "audio_path": "video_analysis/sampled_audios_subset/743_video_audio.wav",
    "language": "si",
    "length_sec": 15.02,
    "vad_duration_sec": 15.02475,
    "total_segment_length_sec": 0.0,
    "word_count": -1,
    "tokens": [],
    "types": [],
    "mean_sentence_length_words": -1.0,
    "wpm": -1,
    "spm": -1,
    "average_ptr": -1,
    "transcript_text": "",
    "transcript": {
        "segments": [],
        "info": {
            "language": "si",
            "duration": 15.02475,
            "duration_after_vad": 15.02475,
            "language_probability": 0.3235400915145874,
            "all_language_probs": [
                [
                    "si",
                    0.3235400915145874
                ],
                [
                    "pa",
                    0.129129096865654
                ],
                [
                    "en",
                    0.10045359283685684
                ],
                [
                    "hi",
                    0.08760406076908112
                ],
                [
                    "kn",
                    0.0705522671341896
                ],
                [
                    "te",
                    0.06131540611386299
                ],
                [
                    "ta",
                    0.039866212755441666
                ],
                [
                    "sa",
                    0.036245934665203094
                ],
                [
                    "mr",
                    0.03304732218384743
                ],
                [
                    "ne",
                    0.02838229387998581
                ],
                [
                    "gu",
                    0.019870774820446968
                ],
                [
                    "bn",
                    0.018906062468886375
                ],
                [
                    "ml",
                    0.013055948540568352
                ],
                [
                    "ur",
                    0.009364094585180283
                ],
                [
                    "jw",
                    0.0042030722834169865
                ],
                [
                    "la",
                    0.002997729228809476
                ],
                [
                    "de",
                    0.0021678698249161243
                ],
                [
                    "ja",
                    0.0016967944102361798
                ],
                [
                    "ms",
                    0.0013716412940993905
                ],
                [
                    "sd",
                    0.0012521033640950918
                ],
                [
                    "am",
                    0.001036162837408483
                ],
                [
                    "as",
                    0.0008779579075053334
                ],
                [
                    "fr",
                    0.0007969873840920627
                ],
                [
                    "ar",
                    0.0007413792191073298
                ],
                [
                    "es",
                    0.0007095925393514335
                ],
                [
                    "nn",
                    0.000694906513672322
                ],
                [
                    "bo",
                    0.0006708670407533646
                ],
                [
                    "ko",
                    0.0006346261943690479
                ],
                [
                    "tl",
                    0.000617487879935652
                ],
                [
                    "ps",
                    0.0006074437987990677
                ],
                [
                    "km",
                    0.0005917290691286325
                ],
                [
                    "haw",
                    0.0005341668147593737
                ],
                [
                    "cs",
                    0.000490274396724999
                ],
                [
                    "so",
                    0.00047112617176026106
                ],
                [
                    "tr",
                    0.0003932286927010864
                ],
                [
                    "th",
                    0.0003474825934972614
                ],
                [
                    "mi",
                    0.00032942535472102463
                ],
                [
                    "af",
                    0.000327478745020926
                ],
                [
                    "pt",
                    0.0002953053917735815
                ],
                [
                    "is",
                    0.0002480469993315637
                ],
                [
                    "hy",
                    0.0002426247374387458
                ],
                [
                    "fi",
                    0.00022611100575886667
                ],
                [
                    "lv",
                    0.00021586273214779794
                ],
                [
                    "ro",
                    0.00021468973136506975
                ],
                [
                    "my",
                    0.00019878640887327492
                ],
                [
                    "lt",
                    0.00019228390010539442
                ],
                [
                    "da",
                    0.0001589387538842857
                ],
                [
                    "nl",
                    0.00015080257435329258
                ],
                [
                    "eu",
                    0.00014186810585670173
                ],
                [
                    "cy",
                    0.00012902413436677307
                ],
                [
                    "zh",
                    0.00012357781815808266
                ],
                [
                    "sn",
                    0.00012033324310323223
                ],
                [
                    "ru",
                    0.00010958243365166709
                ],
                [
                    "kk",
                    9.622914512874559e-05
                ],
                [
                    "fa",
                    9.296131611336023e-05
                ],
                [
                    "sw",
                    9.039002907229587e-05
                ],
                [
                    "id",
                    8.670775423524901e-05
                ],
                [
                    "et",
                    6.782431592000648e-05
                ],
                [
                    "el",
                    6.643366941716522e-05
                ],
                [
                    "mn",
                    6.592459976673126e-05
                ],
                [
                    "uk",
                    6.263774412218481e-05
                ],
                [
                    "yo",
                    5.903443889110349e-05
                ],
                [
                    "lo",
                    4.127486681682058e-05
                ],
                [
                    "bg",
                    4.113842805963941e-05
                ],
                [
                    "no",
                    4.094316318514757e-05
                ],
                [
                    "sl",
                    4.019914194941521e-05
                ],
                [
                    "br",
                    3.8726884667994455e-05
                ],
                [
                    "mt",
                    3.459910658420995e-05
                ],
                [
                    "oc",
                    3.170444688294083e-05
                ],
                [
