{
    "path": "/Users/cindyzhang/YouLingo/video_analysis/sampled_videos_subset/74_video.mp4",
    "audio_path": "video_analysis/sampled_audios_subset/74_video_audio.wav",
    "language": "en",
    "length_sec": 9.75,
    "vad_duration_sec": 1.6,
    "total_segment_length_sec": 0.0,
    "word_count": -1,
    "tokens": [],
    "types": [],
    "mean_sentence_length_words": -1.0,
    "wpm": -1,
    "spm": -1,
    "average_ptr": -1,
    "transcript_text": "",
    "transcript": {
        "segments": [],
        "info": {
            "language": "en",
            "duration": 9.7059375,
            "duration_after_vad": 1.6,
            "language_probability": 0.6671733260154724,
            "all_language_probs": [
                [
                    "en",
                    0.6671733260154724
                ],
                [
                    "te",
                    0.041503891348838806
                ],
                [
                    "ko",
                    0.03320029377937317
                ],
                [
                    "jw",
                    0.024144677445292473
                ],
                [
                    "hi",
                    0.020744238048791885
                ],
                [
                    "ja",
                    0.01849246211349964
                ],
                [
                    "nn",
                    0.01604706607758999
                ],
                [
                    "km",
                    0.015104569494724274
                ],
                [
                    "haw",
                    0.014742379076778889
                ],
                [
                    "es",
                    0.013380732387304306
                ],
                [
                    "th",
                    0.009851496666669846
                ],
                [
                    "tl",
                    0.008957955986261368
                ],
                [
                    "ta",
                    0.008674304001033306
                ],
                [
                    "de",
                    0.007192148827016354
                ],
                [
                    "zh",
                    0.007064949255436659
                ],
                [
                    "pt",
                    0.006500199902802706
                ],
                [
                    "la",
                    0.006236074957996607
                ],
                [
                    "si",
                    0.006075893063098192
                ],
                [
                    "ar",
                    0.005703321658074856
                ],
                [
                    "ml",
                    0.005636381451040506
                ],
                [
                    "cy",
                    0.005139664281159639
                ],
                [
                    "ru",
                    0.005134926177561283
                ],
                [
                    "tr",
                    0.004477954935282469
                ],
                [
                    "it",
                    0.00423551257699728
                ],
                [
                    "ro",
                    0.0036014628130942583
                ],
                [
                    "fr",
                    0.0035762640181928873
                ],
                [
                    "vi",
                    0.0032128875609487295
                ],
                [
                    "ur",
                    0.0026556800585240126
                ],
                [
                    "el",
                    0.0025367068592458963
                ],
                [
                    "sv",
                    0.002327300375327468
                ],
                [
                    "sa",
                    0.002317379228770733
                ],
                [
                    "nl",
                    0.0021711389999836683
                ],
                [
                    "hu",
                    0.0018749500159174204
                ],
                [
                    "sn",
                    0.0017903093248605728
                ],
                [
                    "id",
                    0.0015866004396229982
                ],
                [
                    "uk",
                    0.0014465157873928547
                ],
                [
                    "yo",
                    0.001225346582941711
                ],
                [
                    "ms",
                    0.0011877994984388351
                ],
                [
                    "bn",
                    0.0011314499424770474
                ],
                [
                    "pl",
                    0.0010879029287025332
                ],
                [
                    "mi",
                    0.0008883888367563486
                ],
                [
                    "fa",
                    0.0007610875181853771
                ],
                [
                    "fi",
                    0.000590334355365485
                ],
                [
                    "hr",
                    0.00045900107943452895
                ],
                [
                    "no",
                    0.0004330481169745326
                ],
                [
                    "he",
                    0.00041867460822686553
                ],
                [
                    "bg",
                    0.0004137112700846046
                ],
                [
                    "ca",
                    0.0003848611668217927
                ],
                [
                    "sl",
                    0.0003814894298557192
                ],
                [
                    "pa",
                    0.0003792832721956074
                ],
                [
                    "cs",
                    0.00036665864172391593
                ],
                [
                    "da",
                    0.00034274751669727266
                ],
                [
                    "is",
                    0.0003310960892122239
                ],
                [
                    "my",
                    0.00031505702645517886
                ],
                [
                    "kn",
                    0.0002774567692540586
                ],
                [
                    "gl",
                    0.00027264299569651484
                ],
                [
                    "ne",
                    0.0002649078087415546
                ],
                [
                    "fo",
                    0.00021943340834695846
                ],
                [
                    "yi",
                    0.00020732666598632932
                ],
                [
                    "lv",
                    0.00020153459627181292
                ],
                [
                    "sw",
                    0.00017984822625294328
                ],
                [
                    "br",
                    0.0001698858104646206
                ],
                [
                    "ht",
                    0.00016790113295428455
                ],
                [
                    "bs",
                    0.000161669566296041
                ],
                [
                    "hy",
                    0.00015042611630633473
                ],
                [
                    "ps",
                    0.00013718559057451785
                ],
                [
                    "eu",
                    0.0001329530350631103
                ],
                [
                    "lo",
                    0.00013262567517813295
                ],
                [
                    "mn",
                    0.0001298011193284765
                ],
                [
                    "sr",
