{
    "path": "/Users/cindyzhang/YouLingo/video_analysis/sampled_videos_subset/759_video.mp4",
    "audio_path": "video_analysis/sampled_audios_subset/759_video_audio.wav",
    "language": "en",
    "length_sec": 10.73,
    "vad_duration_sec": 0.864,
    "total_segment_length_sec": 0.0,
    "word_count": -1,
    "tokens": [],
    "types": [],
    "mean_sentence_length_words": -1.0,
    "wpm": -1,
    "spm": -1,
    "average_ptr": -1,
    "transcript_text": "",
    "transcript": {
        "segments": [],
        "info": {
            "language": "en",
            "duration": 10.7044375,
            "duration_after_vad": 0.864,
            "language_probability": 0.3479944169521332,
            "all_language_probs": [
                [
                    "en",
                    0.3479944169521332
                ],
                [
                    "ko",
                    0.10512425005435944
                ],
                [
                    "jw",
                    0.07800944149494171
                ],
                [
                    "ja",
                    0.0556221567094326
                ],
                [
                    "km",
                    0.043450359255075455
                ],
                [
                    "nn",
                    0.03969022259116173
                ],
                [
                    "pt",
                    0.0346229188144207
                ],
                [
                    "es",
                    0.026434144005179405
                ],
                [
                    "ru",
                    0.026227856054902077
                ],
                [
                    "fr",
                    0.026214228942990303
                ],
                [
                    "zh",
                    0.022706566378474236
                ],
                [
                    "si",
                    0.020462794229388237
                ],
                [
                    "de",
                    0.01664748229086399
                ],
                [
                    "nl",
                    0.011830233968794346
                ],
                [
                    "it",
                    0.010413268581032753
                ],
                [
                    "pl",
                    0.010120905004441738
                ],
                [
                    "hi",
                    0.010106359608471394
                ],
                [
                    "la",
                    0.00982852652668953
                ],
                [
                    "tr",
                    0.008480156771838665
                ],
                [
                    "th",
                    0.006838918197900057
                ],
                [
                    "ar",
                    0.006190591491758823
                ],
                [
                    "haw",
                    0.005019130650907755
                ],
                [
                    "tl",
                    0.0048718019388616085
                ],
                [
                    "ml",
                    0.0048071108758449554
                ],
                [
                    "vi",
                    0.0047778235748410225
                ],
                [
                    "te",
                    0.004744929727166891
                ],
                [
                    "el",
                    0.004601993132382631
                ],
                [
                    "sn",
                    0.004181839060038328
                ],
                [
                    "uk",
                    0.00402196915820241
                ],
                [
                    "cy",
                    0.003983916249126196
                ],
                [
                    "id",
                    0.003922854550182819
                ],
                [
                    "hu",
                    0.0038509401492774487
                ],
                [
                    "ro",
                    0.0037835724651813507
                ],
                [
                    "ta",
                    0.0035840459167957306
                ],
                [
                    "sv",
                    0.0032221779692918062
                ],
                [
                    "fi",
                    0.0027920352295041084
                ],
                [
                    "sa",
                    0.0026082524564117193
                ],
                [
                    "ms",
                    0.002178156515583396
                ],
                [
                    "ur",
                    0.001490865950472653
                ],
                [
                    "mi",
                    0.0010318238055333495
                ],
                [
                    "da",
                    0.0010200843680649996
                ],
                [
                    "cs",
                    0.0009570918628014624
                ],
                [
                    "br",
                    0.0009303487022407353
                ],
                [
                    "no",
                    0.0008343028603121638
                ],
                [
                    "ca",
                    0.0007677687099203467
                ],
                [
                    "he",
                    0.0006449425127357244
                ],
                [
                    "bn",
                    0.0006396895041689277
                ],
                [
                    "bg",
                    0.0006169789703562856
                ],
                [
                    "hr",
                    0.0005308742984198034
                ],
                [
                    "yo",
                    0.0005117423133924603
                ],
                [
                    "gl",
                    0.0004510613507591188
                ],
                [
                    "sl",
                    0.0004258273111190647
                ],
                [
                    "fa",
                    0.00041323149343952537
                ],
                [
                    "fo",
                    0.00032358552562072873
                ],
                [
                    "sw",
                    0.00030679351766593754
                ],
                [
                    "my",
                    0.00030305361724458635
                ],
                [
                    "be",
                    0.0002849421580322087
                ],
                [
                    "sk",
                    0.00026248121866956353
                ],
                [
                    "mn",
                    0.0002520290727261454
                ],
                [
                    "eu",
                    0.00024979878799058497
                ],
                [
                    "hy",
                    0.00020996396779082716
                ],
                [
                    "oc",
                    0.00020777533063665032
                ],
                [
                    "lo",
                    0.000193559899344109
                ],
                [
                    "is",
                    0.00017648980428930372
                ],
                [
                    "bs",
                    0.00017409819702152163
                ],
                [
                    "ht",
                    0.00016675685765221715
                ],
                [
                    "lv",
                    0.0001646510063437745
                ],
                [
                    "bo",
                    0.00014326986274681985
                ],
                [
                    "az",
                    0.00012059297296218574
                ],
                [
                    "lt",
