{
    "path": "/Users/cindyzhang/YouLingo/video_analysis/sampled_videos_subset/771_video.mp4",
    "audio_path": "video_analysis/sampled_audios_subset/771_video_audio.wav",
    "language": "en",
    "length_sec": 11.17,
    "vad_duration_sec": 9.7128125,
    "total_segment_length_sec": 0.0,
    "word_count": -1,
    "tokens": [],
    "types": [],
    "mean_sentence_length_words": -1.0,
    "wpm": -1,
    "spm": -1,
    "average_ptr": -1,
    "transcript_text": "",
    "transcript": {
        "segments": [],
        "info": {
            "language": "en",
            "duration": 11.1688125,
            "duration_after_vad": 9.7128125,
            "language_probability": 0.67659592628479,
            "all_language_probs": [
                [
                    "en",
                    0.67659592628479
                ],
                [
                    "ko",
                    0.07195841521024704
                ],
                [
                    "nn",
                    0.041462335735559464
                ],
                [
                    "de",
                    0.03012622892856598
                ],
                [
                    "km",
                    0.026672137901186943
                ],
                [
                    "ru",
                    0.021305054426193237
                ],
                [
                    "fr",
                    0.0170520581305027
                ],
                [
                    "la",
                    0.016857590526342392
                ],
                [
                    "ja",
                    0.016704469919204712
                ],
                [
                    "zh",
                    0.008540698327124119
                ],
                [
                    "haw",
                    0.005738964769989252
                ],
                [
                    "jw",
                    0.005057055503129959
                ],
                [
                    "cy",
                    0.004686187021434307
                ],
                [
                    "tr",
                    0.004411923699080944
                ],
                [
                    "nl",
                    0.003725011134520173
                ],
                [
                    "es",
                    0.003653028979897499
                ],
                [
                    "pt",
                    0.002810153178870678
                ],
                [
                    "da",
                    0.002685891930013895
                ],
                [
                    "th",
                    0.002570339711382985
                ],
                [
                    "pl",
                    0.002539069391787052
                ],
                [
                    "ar",
                    0.0022889019455760717
                ],
                [
                    "ro",
                    0.0021908446215093136
                ],
                [
                    "it",
                    0.0020761913619935513
                ],
                [
                    "sv",
                    0.0017059451201930642
                ],
                [
                    "hi",
                    0.0016102318186312914
                ],
                [
                    "no",
                    0.0014451529132202268
                ],
                [
                    "si",
                    0.0013406765647232533
                ],
                [
                    "vi",
                    0.001262162928469479
                ],
                [
                    "hu",
                    0.0011200206354260445
                ],
                [
                    "bg",
                    0.000954819843173027
                ],
                [
                    "uk",
                    0.0009257140918634832
                ],
                [
                    "br",
                    0.0008413688628934324
                ],
                [
                    "sn",
                    0.0008317689644172788
                ],
                [
                    "te",
                    0.0008174495887942612
                ],
                [
                    "ta",
                    0.0008165016770362854
                ],
                [
                    "mi",
                    0.0008113267831504345
                ],
                [
                    "mn",
                    0.0007836199947632849
                ],
                [
                    "ml",
                    0.000673416187055409
                ],
                [
                    "el",
                    0.0006636380567215383
                ],
                [
                    "cs",
                    0.0006595996092073619
                ],
                [
                    "ur",
                    0.0006572226411662996
                ],
                [
                    "fi",
                    0.0006027782219462097
                ],
                [
                    "my",
                    0.0006001448491588235
                ],
                [
                    "eu",
                    0.0005861530662514269
                ],
                [
                    "tl",
                    0.0005780421779491007
                ],
                [
                    "hr",
                    0.0005680545582436025
                ],
                [
                    "is",
                    0.0005440656677819788
                ],
                [
                    "bs",
                    0.0005183792673051357
                ],
                [
                    "sl",
                    0.00045820142258889973
                ],
                [
                    "lv",
                    0.0004402603080961853
                ],
                [
                    "yi",
                    0.00043760804692283273
                ],
                [
                    "fo",
                    0.00042122098966501653
                ],
                [
                    "ms",
                    0.00040027862996794283
                ],
                [
                    "bo",
                    0.00039675398147664964
                ],
                [
                    "lt",
                    0.00030050243367441
                ],
                [
                    "he",
                    0.00029660886502824724
                ],
                [
                    "yo",
                    0.00025892542907968163
                ],
                [
                    "fa",
                    0.0002495844382792711
                ],
                [
                    "ht",
                    0.0002470448089297861
                ],
                [
                    "bn",
                    0.00023260843590833247
                ],
                [
                    "sa",
                    0.00022784742759540677
                ],
                [
                    "oc",
                    0.00020846622646786273
                ],
                [
                    "af",
                    0.00018505120533518493
                ],
                [
                    "id",
                    0.00013724756718147546
                ],
                [
                    "ca",
                    0.00012872193474322557
                ],
                [
                    "sk",
                    0.00011308156535960734
                ],
                [
                    "gl",
                    0.00011146809993078932
                ],
                [
                    "kk",
                    0.00010750054934760556
                ],
                [
                    "et",
                    0.0001007392565952614
                ],
                [
