{
    "path": "/Users/cindyzhang/YouLingo/video_analysis/sampled_videos_subset/773_video.mp4",
    "audio_path": "video_analysis/sampled_audios_subset/773_video_audio.wav",
    "language": "hi",
    "length_sec": 15.19,
    "vad_duration_sec": 12.1705,
    "total_segment_length_sec": 0.0,
    "word_count": -1,
    "tokens": [],
    "types": [],
    "mean_sentence_length_words": -1.0,
    "wpm": -1,
    "spm": -1,
    "average_ptr": -1,
    "transcript_text": "",
    "transcript": {
        "segments": [],
        "info": {
            "language": "hi",
            "duration": 15.2105,
            "duration_after_vad": 12.1705,
            "language_probability": 0.3409746587276459,
            "all_language_probs": [
                [
                    "hi",
                    0.3409746587276459
                ],
                [
                    "en",
                    0.32116854190826416
                ],
                [
                    "sa",
                    0.056770116090774536
                ],
                [
                    "ta",
                    0.05031545087695122
                ],
                [
                    "ur",
                    0.03602023050189018
                ],
                [
                    "pa",
                    0.0191351268440485
                ],
                [
                    "te",
                    0.016738777980208397
                ],
                [
                    "ar",
                    0.015768297016620636
                ],
                [
                    "ru",
                    0.015267978422343731
                ],
                [
                    "kn",
                    0.011368921957910061
                ],
                [
                    "ml",
                    0.011011374182999134
                ],
                [
                    "bn",
                    0.0094486428424716
                ],
                [
                    "tr",
                    0.008233982138335705
                ],
                [
                    "pt",
                    0.008106357418000698
                ],
                [
                    "fr",
                    0.005847845692187548
                ],
                [
                    "cs",
                    0.004957618657499552
                ],
                [
                    "jw",
                    0.004634160082787275
                ],
                [
                    "ja",
                    0.004329164512455463
                ],
                [
                    "gu",
                    0.0041678533889353275
                ],
                [
                    "la",
                    0.004076297394931316
                ],
                [
                    "mr",
                    0.004024869296699762
                ],
                [
                    "pl",
                    0.004020786844193935
                ],
                [
                    "zh",
                    0.003910725470632315
                ],
                [
                    "ne",
                    0.0037960573099553585
                ],
                [
                    "si",
                    0.0030916593968868256
                ],
                [
                    "es",
                    0.0030269871931523085
                ],
                [
                    "ms",
                    0.002780828857794404
                ],
                [
                    "tl",
                    0.0021970008965581656
                ],
                [
                    "de",
                    0.002076059579849243
                ],
                [
                    "ko",
                    0.0017370511777698994
                ],
                [
                    "nn",
                    0.0015738640213385224
                ],
                [
                    "el",
                    0.0013679452240467072
                ],
                [
                    "sd",
                    0.0011963298311457038
                ],
                [
                    "nl",
                    0.0011834943434223533
                ],
                [
                    "it",
                    0.0009168604738079011
                ],
                [
                    "fi",
                    0.0008321290952153504
                ],
                [
                    "bo",
                    0.0007954351021908224
                ],
                [
                    "mi",
                    0.0007353159599006176
                ],
                [
                    "lv",
                    0.0007122584502212703
                ],
                [
                    "haw",
                    0.0006771858315914869
                ],
                [
                    "ro",
                    0.0006406301981769502
                ],
                [
                    "uk",
                    0.0006237121415324509
                ],
                [
                    "sv",
                    0.0005040123942308128
                ],
                [
                    "cy",
                    0.0004914965247735381
                ],
                [
                    "th",
                    0.0004754758847411722
                ],
                [
                    "ps",
                    0.0004646251618396491
                ],
                [
                    "no",
                    0.0004526865668594837
                ],
                [
                    "fa",
                    0.00043828607886098325
                ],
                [
                    "sk",
                    0.0004039448394905776
                ],
                [
                    "km",
                    0.00037344935117289424
                ],
                [
                    "lt",
                    0.0003714643244165927
                ],
                [
                    "af",
                    0.0003674383624456823
                ],
                [
                    "hr",
                    0.00036285759415477514
                ],
                [
                    "sr",
                    0.0003603844088502228
                ],
                [
                    "he",
                    0.0003497903817333281
                ],
                [
                    "id",
                    0.000334585813106969
                ],
                [
                    "hu",
                    0.00033305134274996817
                ],
                [
                    "bg",
                    0.0003276535717304796
                ],
                [
                    "is",
                    0.0002748655097093433
                ],
                [
                    "bs",
                    0.0002603636821731925
                ],
                [
                    "sl",
                    0.00023945097927935421
                ],
                [
                    "vi",
                    0.00023642092128284276
                ],
                [
                    "ca",
                    0.00023257693101186305
                ],
                [
                    "hy",
                    0.00019413692643865943
                ],
                [
                    "yi",
                    0.00015163391071837395
                ],
                [
                    "eu",
                    0.00013652362395077944
                ],
                [
                    "az",
                    0.00013127995771355927
                ],
                [
                    "gl",
                    0.0001272849622182548
                ],
                [
                    "da",
                    0.0001244017039425671
                ],
                [
                    "yo",
