{
    "path": "/Users/cindyzhang/YouLingo/video_analysis/sampled_videos_subset/783_video.mp4",
    "audio_path": "video_analysis/sampled_audios_subset/783_video_audio.wav",
    "language": "en",
    "length_sec": 12.47,
    "vad_duration_sec": 2.912,
    "total_segment_length_sec": 0.0,
    "word_count": -1,
    "tokens": [],
    "types": [],
    "mean_sentence_length_words": -1.0,
    "wpm": -1,
    "spm": -1,
    "average_ptr": -1,
    "transcript_text": "",
    "transcript": {
        "segments": [],
        "info": {
            "language": "en",
            "duration": 12.469125,
            "duration_after_vad": 2.912,
            "language_probability": 0.4210948050022125,
            "all_language_probs": [
                [
                    "en",
                    0.4210948050022125
                ],
                [
                    "nn",
                    0.09463340789079666
                ],
                [
                    "ja",
                    0.08238886296749115
                ],
                [
                    "ko",
                    0.03917000815272331
                ],
                [
                    "pt",
                    0.03283696994185448
                ],
                [
                    "jw",
                    0.029731640592217445
                ],
                [
                    "km",
                    0.024263201281428337
                ],
                [
                    "ru",
                    0.020743008702993393
                ],
                [
                    "ro",
                    0.018918180838227272
                ],
                [
                    "fr",
                    0.016987381502985954
                ],
                [
                    "la",
                    0.015659064054489136
                ],
                [
                    "es",
                    0.015209638513624668
                ],
                [
                    "pl",
                    0.013537722639739513
                ],
                [
                    "de",
                    0.013006306253373623
                ],
                [
                    "cy",
                    0.011582089588046074
                ],
                [
                    "zh",
                    0.011467893607914448
                ],
                [
                    "haw",
                    0.01080453209578991
                ],
                [
                    "hi",
                    0.009893336333334446
                ],
                [
                    "te",
                    0.009720541536808014
                ],
                [
                    "tr",
                    0.009393158368766308
                ],
                [
                    "th",
                    0.00867515429854393
                ],
                [
                    "nl",
                    0.007061715237796307
                ],
                [
                    "it",
                    0.006758730858564377
                ],
                [
                    "ms",
                    0.005822579842060804
                ],
                [
                    "ar",
                    0.005474081262946129
                ],
                [
                    "id",
                    0.004567362833768129
                ],
                [
                    "vi",
                    0.004425734281539917
                ],
                [
                    "sv",
                    0.004248404409736395
                ],
                [
                    "br",
                    0.004136488772928715
                ],
                [
                    "hu",
                    0.0037453160621225834
                ],
                [
                    "sn",
                    0.0035742211621254683
                ],
                [
                    "uk",
                    0.0032100402750074863
                ],
                [
                    "si",
                    0.002543788868933916
                ],
                [
                    "tl",
                    0.0023707691580057144
                ],
                [
                    "sa",
                    0.0021404982544481754
                ],
                [
                    "ta",
                    0.0021282751113176346
                ],
                [
                    "fi",
                    0.0021225123200565577
                ],
                [
                    "bg",
                    0.0018946247873827815
                ],
                [
                    "el",
                    0.0018196116434410214
                ],
                [
                    "mi",
                    0.0016296481480821967
                ],
                [
                    "cs",
                    0.001624195952899754
                ],
                [
                    "yo",
                    0.0015672381268814206
                ],
                [
                    "ml",
                    0.0015653785085305572
                ],
                [
                    "mn",
                    0.001157848397269845
                ],
                [
                    "ur",
                    0.001072673941962421
                ],
                [
                    "fo",
                    0.0009955717250704765
                ],
                [
                    "da",
                    0.0009266638662666082
                ],
                [
                    "no",
                    0.000912440475076437
                ],
                [
                    "fa",
                    0.0008630499360151589
                ],
                [
                    "bn",
                    0.000815517851151526
                ],
                [
                    "ca",
                    0.0006784391007386148
                ],
                [
                    "he",
                    0.000601296778768301
                ],
                [
                    "hy",
                    0.0005861948011443019
                ],
                [
                    "hr",
                    0.0005685915239155293
                ],
                [
                    "my",
                    0.0005671063554473221
                ],
                [
                    "gl",
                    0.0005331435822881758
                ],
                [
                    "sl",
                    0.0004911539144814014
                ],
                [
                    "lo",
                    0.0004190132603980601
                ],
                [
                    "sk",
                    0.0003690882585942745
                ],
                [
                    "ht",
                    0.0003144527436234057
                ],
                [
                    "be",
                    0.00029859034111723304
                ],
                [
                    "oc",
                    0.0002700586919672787
                ],
                [
                    "eu",
                    0.00026777273160405457
                ],
                [
                    "yi",
                    0.0002592646051198244
                ],
                [
                    "bs",
                    0.0002349753340240568
                ],
                [
                    "sw",
                    0.00023177667753770947
                ],
                [
                    "bo",
                    0.00022902287309989333
                ],
                [
                    "ne",
                    0.00020703580230474472
                ],
                [
                    "lv",
                    0.00020116541418246925
                ],
                [
                    "af",
