{
    "path": "/Users/cindyzhang/YouLingo/video_analysis/sampled_videos_subset/800_video.mp4",
    "audio_path": "video_analysis/sampled_audios_subset/800_video_audio.wav",
    "language": "en",
    "length_sec": 6.61,
    "vad_duration_sec": 1.835125,
    "total_segment_length_sec": 0.0,
    "word_count": -1,
    "tokens": [],
    "types": [],
    "mean_sentence_length_words": -1.0,
    "wpm": -1,
    "spm": -1,
    "average_ptr": -1,
    "transcript_text": "",
    "transcript": {
        "segments": [],
        "info": {
            "language": "en",
            "duration": 6.619125,
            "duration_after_vad": 1.835125,
            "language_probability": 0.5291555523872375,
            "all_language_probs": [
                [
                    "en",
                    0.5291555523872375
                ],
                [
                    "ko",
                    0.10057397186756134
                ],
                [
                    "ru",
                    0.05758356675505638
                ],
                [
                    "ja",
                    0.04696562886238098
                ],
                [
                    "es",
                    0.027265895158052444
                ],
                [
                    "tr",
                    0.02170472964644432
                ],
                [
                    "fr",
                    0.020509038120508194
                ],
                [
                    "de",
                    0.017309917137026787
                ],
                [
                    "cy",
                    0.013069799169898033
                ],
                [
                    "zh",
                    0.012458760291337967
                ],
                [
                    "pt",
                    0.012116938829421997
                ],
                [
                    "ar",
                    0.009777444414794445
                ],
                [
                    "hu",
                    0.009623482823371887
                ],
                [
                    "nn",
                    0.00950600579380989
                ],
                [
                    "hi",
                    0.007420539390295744
                ],
                [
                    "pl",
                    0.007325237616896629
                ],
                [
                    "jw",
                    0.006447863299399614
                ],
                [
                    "nl",
                    0.005571259185671806
                ],
                [
                    "te",
                    0.005210575647652149
                ],
                [
                    "la",
                    0.005082393065094948
                ],
                [
                    "el",
                    0.004269832279533148
                ],
                [
                    "sv",
                    0.003681099507957697
                ],
                [
                    "km",
                    0.003462923923507333
                ],
                [
                    "haw",
                    0.003409008961170912
                ],
                [
                    "ta",
                    0.003060663118958473
                ],
                [
                    "ca",
                    0.00272173248231411
                ],
                [
                    "cs",
                    0.0026354261208325624
                ],
                [
                    "it",
                    0.0026118666864931583
                ],
                [
                    "ro",
                    0.0025222781114280224
                ],
                [
                    "he",
                    0.002517704851925373
                ],
                [
                    "no",
                    0.002517181448638439
                ],
                [
                    "uk",
                    0.0023883844260126352
                ],
                [
                    "sn",
                    0.002161877928301692
                ],
                [
                    "eu",
                    0.002125644125044346
                ],
                [
                    "br",
                    0.0018623991636559367
                ],
                [
                    "mi",
                    0.001695732120424509
                ],
                [
                    "th",
                    0.0014926719013601542
                ],
                [
                    "fa",
                    0.001490377588197589
                ],
                [
                    "fi",
                    0.0013889693655073643
                ],
                [
                    "tl",
                    0.0013592494651675224
                ],
                [
                    "da",
                    0.0013477177126333117
                ],
                [
                    "ur",
                    0.0012948797084391117
                ],
                [
                    "hr",
                    0.0011951924534514546
                ],
                [
                    "ms",
                    0.00115219468716532
                ],
                [
                    "sa",
                    0.0010982194216921926
                ],
                [
                    "bs",
                    0.0010833812411874533
                ],
                [
                    "mn",
                    0.0010622499976307154
                ],
                [
                    "is",
                    0.0010588975856080651
                ],
                [
                    "sl",
                    0.0009188572294078767
                ],
                [
                    "bn",
                    0.0008830566075630486
                ],
                [
                    "lt",
                    0.0008377639460377395
                ],
                [
                    "bg",
                    0.0008165373001247644
                ],
                [
                    "lv",
                    0.0008104024454951286
                ],
                [
                    "bo",
                    0.0008089237380772829
                ],
                [
                    "ml",
                    0.0008084633154794574
                ],
                [
                    "ne",
                    0.0007265526219271123
                ],
                [
                    "yo",
                    0.000701810815371573
                ],
                [
                    "id",
                    0.000654460396617651
                ],
                [
                    "be",
                    0.0006286751013249159
                ],
                [
                    "ht",
                    0.0006183814839459956
                ],
                [
                    "my",
                    0.0006163555081002414
                ],
                [
                    "vi",
                    0.0005979568813927472
                ],
                [
                    "yi",
                    0.000552941404748708
                ],
                [
                    "si",
                    0.0005252962582744658
                ],
                [
                    "gl",
                    0.0005192711832933128
                ],
                [
                    "oc",
                    0.0004944490501657128
                ],
                [
                    "hy",
                    0.00046845807810314
                ],
                [
                    "sk",
                    0.0004680162528529763
                ],
                [
                    "sw",
                    0.0003533695125952363
                ],
                [
                    "kk",
