{
    "path": "/Users/cindyzhang/YouLingo/video_analysis/sampled_videos_subset/809_video.mp4",
    "audio_path": "video_analysis/sampled_audios_subset/809_video_audio.wav",
    "language": "en",
    "length_sec": 8.33,
    "vad_duration_sec": 8.2909375,
    "total_segment_length_sec": 0.0,
    "word_count": -1,
    "tokens": [],
    "types": [],
    "mean_sentence_length_words": -1.0,
    "wpm": -1,
    "spm": -1,
    "average_ptr": -1,
    "transcript_text": "",
    "transcript": {
        "segments": [],
        "info": {
            "language": "en",
            "duration": 8.2909375,
            "duration_after_vad": 8.2909375,
            "language_probability": 0.9265462756156921,
            "all_language_probs": [
                [
                    "en",
                    0.9265462756156921
                ],
                [
                    "ja",
                    0.012204485014081001
                ],
                [
                    "nn",
                    0.010448331944644451
                ],
                [
                    "la",
                    0.0071754069067537785
                ],
                [
                    "cy",
                    0.005343947093933821
                ],
                [
                    "fr",
                    0.003351762192323804
                ],
                [
                    "ko",
                    0.003282675752416253
                ],
                [
                    "pt",
                    0.003192370990291238
                ],
                [
                    "haw",
                    0.003034233581274748
                ],
                [
                    "ru",
                    0.0024778652004897594
                ],
                [
                    "pl",
                    0.0024117191787809134
                ],
                [
                    "km",
                    0.002128257416188717
                ],
                [
                    "de",
                    0.002108304761350155
                ],
                [
                    "es",
                    0.0017551553901284933
                ],
                [
                    "jw",
                    0.0015104103367775679
                ],
                [
                    "it",
                    0.0013574487529695034
                ],
                [
                    "nl",
                    0.000995155773125589
                ],
                [
                    "zh",
                    0.0008950532064773142
                ],
                [
                    "tr",
                    0.0008038967498578131
                ],
                [
                    "th",
                    0.0006951522664166987
                ],
                [
                    "vi",
                    0.0006859810673631728
                ],
                [
                    "ar",
                    0.0006271169404499233
                ],
                [
                    "mi",
                    0.0006019622087478638
                ],
                [
                    "hi",
                    0.0005778947379440069
                ],
                [
                    "br",
                    0.0005641434690915048
                ],
                [
                    "hu",
                    0.0004411183181218803
                ],
                [
                    "tl",
                    0.00037091158446855843
                ],
                [
                    "sv",
                    0.0003595934540499002
                ],
                [
                    "el",
                    0.00031114876037463546
                ],
                [
                    "cs",
                    0.00030914723174646497
                ],
                [
                    "ms",
                    0.0002999848802573979
                ],
                [
                    "te",
                    0.00025885208742693067
                ],
                [
                    "fi",
                    0.0002397689677309245
                ],
                [
                    "id",
                    0.000235940984566696
                ],
                [
                    "sn",
                    0.00023218868591357023
                ],
                [
                    "ta",
                    0.00015585853543598205
                ],
                [
                    "ro",
                    0.00013195590872783214
                ],
                [
                    "ml",
                    0.00013093987945467234
                ],
                [
                    "ur",
                    0.00011537642421899363
                ],
                [
                    "da",
                    0.00011295454896753654
                ],
                [
                    "si",
                    0.00010825326899066567
                ],
                [
                    "yo",
                    0.0001003501020022668
                ],
                [
                    "sa",
                    9.461362060392275e-05
                ],
                [
                    "no",
                    9.358083480037749e-05
                ],
                [
                    "fa",
                    8.557015826227143e-05
                ],
                [
                    "eu",
                    6.859564746264368e-05
                ],
                [
                    "he",
                    5.5963933846214786e-05
                ],
                [
                    "is",
                    5.514107760973275e-05
                ],
                [
                    "mn",
                    5.0949860451510176e-05
                ],
                [
                    "my",
                    4.9730559112504125e-05
                ],
                [
                    "uk",
                    4.9563899665372446e-05
                ],
                [
                    "bg",
                    4.806276047020219e-05
                ],
                [
                    "ca",
                    4.687655018642545e-05
                ],
                [
                    "bn",
                    4.657953468267806e-05
                ],
                [
                    "hr",
                    4.6540462790289894e-05
                ],
                [
                    "af",
                    4.626538429874927e-05
                ],
                [
                    "sl",
                    4.530701698968187e-05
                ],
                [
                    "sk",
                    4.4007687392877415e-05
                ],
                [
                    "yi",
                    4.335558332968503e-05
                ],
                [
                    "gl",
                    3.426400508033112e-05
                ],
                [
                    "bs",
                    3.138136526104063e-05
                ],
                [
                    "ht",
                    3.0147581128403544e-05
                ],
                [
                    "fo",
                    2.8501674023573287e-05
                ],
                [
                    "lv",
                    2.2729735064785928e-05
                ],
                [
                    "hy",
                    2.2260446712607518e-05
                ],
                [
                    "ne",
                    2.0914467313559726e-05
                ],
                [
                    "bo",
                    2.0547278836602345e-05
                ],
                [
                    "oc",
                    1.77391484612599e-05
                ],
                [
                    "sw",
                    1.2274303117010277e-05
                ],
