{
    "path": "/Users/cindyzhang/YouLingo/video_analysis/sampled_videos_subset/80_video.mp4",
    "audio_path": "video_analysis/sampled_audios_subset/80_video_audio.wav",
    "language": "en",
    "length_sec": 46.46,
    "vad_duration_sec": 44.751125,
    "total_segment_length_sec": 0.0,
    "word_count": -1,
    "tokens": [],
    "types": [],
    "mean_sentence_length_words": -1.0,
    "wpm": -1,
    "spm": -1,
    "average_ptr": -1,
    "transcript_text": "",
    "transcript": {
        "segments": [],
        "info": {
            "language": "en",
            "duration": 46.463125,
            "duration_after_vad": 44.751125,
            "language_probability": 0.9469602704048157,
            "all_language_probs": [
                [
                    "en",
                    0.9469602704048157
                ],
                [
                    "pt",
                    0.009436948224902153
                ],
                [
                    "km",
                    0.005167555529624224
                ],
                [
                    "ja",
                    0.005093615502119064
                ],
                [
                    "zh",
                    0.00497075542807579
                ],
                [
                    "ko",
                    0.004967480897903442
                ],
                [
                    "th",
                    0.0025113781448453665
                ],
                [
                    "es",
                    0.0016056824242696166
                ],
                [
                    "de",
                    0.0014541784767061472
                ],
                [
                    "sn",
                    0.001406136667355895
                ],
                [
                    "nl",
                    0.0013524850364774466
                ],
                [
                    "tr",
                    0.0013084380188956857
                ],
                [
                    "ru",
                    0.0012995240977033973
                ],
                [
                    "fr",
                    0.0010755837429314852
                ],
                [
                    "cy",
                    0.001021955511532724
                ],
                [
                    "ar",
                    0.0009200323838740587
                ],
                [
                    "jw",
                    0.0009072347893379629
                ],
                [
                    "vi",
                    0.0007959028007462621
                ],
                [
                    "pl",
                    0.0006811614148318768
                ],
                [
                    "haw",
                    0.0006052126409485936
                ],
                [
                    "hi",
                    0.0005608673091046512
                ],
                [
                    "ta",
                    0.0004846672236453742
                ],
                [
                    "nn",
                    0.00048197811702266335
                ],
                [
                    "mi",
                    0.0004757278074976057
                ],
                [
                    "it",
                    0.0004278535780031234
                ],
                [
                    "tl",
                    0.00040833745151758194
                ],
                [
                    "sv",
                    0.0003199573839083314
                ],
                [
                    "la",
                    0.00029405663372017443
                ],
                [
                    "hu",
                    0.0002585601760074496
                ],
                [
                    "br",
                    0.00025574752362444997
                ],
                [
                    "da",
                    0.0001962970563909039
                ],
                [
                    "yo",
                    0.00019575248006731272
                ],
                [
                    "el",
                    0.00018843960424419492
                ],
                [
                    "ms",
                    0.00018175036530010402
                ],
                [
                    "ro",
                    0.00013319581921678036
                ],
                [
                    "te",
                    0.00013196934014558792
                ],
                [
                    "yi",
                    0.0001304756588069722
                ],
                [
                    "id",
                    0.00010818812734214589
                ],
                [
                    "si",
                    9.31530594243668e-05
                ],
                [
                    "ur",
                    9.028815111378208e-05
                ],
                [
                    "ht",
                    7.229930633911863e-05
                ],
                [
                    "my",
                    7.145494600990787e-05
                ],
                [
                    "ml",
                    6.909533840371296e-05
                ],
                [
                    "he",
                    6.711918103974313e-05
                ],
                [
                    "sa",
                    5.629660518025048e-05
                ],
                [
                    "uk",
                    5.491304909810424e-05
                ],
                [
                    "fo",
                    4.8036676162155345e-05
                ],
                [
                    "cs",
                    4.697405165643431e-05
                ],
                [
                    "fi",
                    4.5997669076314196e-05
                ],
                [
                    "ca",
                    3.8482408854179084e-05
                ],
                [
                    "lv",
                    3.7783680454595014e-05
                ],
                [
                    "sw",
                    3.7300244002835825e-05
                ],
                [
                    "no",
                    3.694148836075328e-05
                ],
                [
                    "hy",
                    3.158034451189451e-05
                ],
                [
                    "is",
                    2.968306580442004e-05
                ],
                [
                    "af",
                    2.7658954422804527e-05
                ],
                [
                    "bn",
                    2.6577650714898482e-05
                ],
                [
                    "fa",
                    2.26805768761551e-05
                ],
                [
                    "sl",
                    1.999344749492593e-05
                ],
                [
                    "bg",
                    1.9848113879561424e-05
                ],
                [
                    "be",
                    1.799448909878265e-05
                ],
                [
                    "eu",
                    1.6296031390083954e-05
                ],
                [
                    "hr",
                    1.5247900591930375e-05
                ],
                [
                    "mn",
                    1.4965678019507322e-05
                ],
                [
                    "ne",
                    1.3046612366451882e-05
                ],
                [
                    "bo",
                    1.283948131458601e-05
                ],
                [
                    "lt",
                    1.1034314411517698e-05
                ],
                [
                    "lo",
                    1.0742920494521968e-05
                ],
                [
                    "gl",
                    1.036125195241766e-05
                ],
