{
    "path": "/Users/cindyzhang/YouLingo/video_analysis/sampled_videos_subset/811_video.mp4",
    "audio_path": "video_analysis/sampled_audios_subset/811_video_audio.wav",
    "language": "en",
    "length_sec": 13.37,
    "vad_duration_sec": 0.528,
    "total_segment_length_sec": 0.0,
    "word_count": -1,
    "tokens": [],
    "types": [],
    "mean_sentence_length_words": -1.0,
    "wpm": -1,
    "spm": -1,
    "average_ptr": -1,
    "transcript_text": "",
    "transcript": {
        "segments": [],
        "info": {
            "language": "en",
            "duration": 13.32825,
            "duration_after_vad": 0.528,
            "language_probability": 0.501444399356842,
            "all_language_probs": [
                [
                    "en",
                    0.501444399356842
                ],
                [
                    "ja",
                    0.07680114358663559
                ],
                [
                    "nn",
                    0.07363121956586838
                ],
                [
                    "ko",
                    0.0704837515950203
                ],
                [
                    "ru",
                    0.03258518874645233
                ],
                [
                    "jw",
                    0.020908286795020103
                ],
                [
                    "zh",
                    0.0192057266831398
                ],
                [
                    "es",
                    0.017987355589866638
                ],
                [
                    "km",
                    0.01701270043849945
                ],
                [
                    "fr",
                    0.015462523326277733
                ],
                [
                    "pt",
                    0.014477222226560116
                ],
                [
                    "cy",
                    0.012934226542711258
                ],
                [
                    "de",
                    0.009776805527508259
                ],
                [
                    "la",
                    0.008999945595860481
                ],
                [
                    "pl",
                    0.008869359269738197
                ],
                [
                    "it",
                    0.00831800326704979
                ],
                [
                    "nl",
                    0.007625177968293428
                ],
                [
                    "haw",
                    0.006170400884002447
                ],
                [
                    "tr",
                    0.005985190626233816
                ],
                [
                    "ar",
                    0.005438726861029863
                ],
                [
                    "hi",
                    0.00514298165217042
                ],
                [
                    "th",
                    0.004841268062591553
                ],
                [
                    "vi",
                    0.004410232417285442
                ],
                [
                    "te",
                    0.0038793357089161873
                ],
                [
                    "ms",
                    0.003734525991603732
                ],
                [
                    "id",
                    0.003548408392816782
                ],
                [
                    "el",
                    0.0028573726303875446
                ],
                [
                    "ro",
                    0.0028111529536545277
                ],
                [
                    "fi",
                    0.0027540214359760284
                ],
                [
                    "sv",
                    0.002524187322705984
                ],
                [
                    "si",
                    0.002443138509988785
                ],
                [
                    "br",
                    0.002413846319541335
                ],
                [
                    "tl",
                    0.0022892621345818043
                ],
                [
                    "sn",
                    0.0021790238097310066
                ],
                [
                    "hu",
                    0.0018377414671704173
                ],
                [
                    "ta",
                    0.0017847862327471375
                ],
                [
                    "uk",
                    0.0016114192549139261
                ],
                [
                    "ml",
                    0.001384186907671392
                ],
                [
                    "mi",
                    0.000961089797783643
                ],
                [
                    "cs",
                    0.0009610787383280694
                ],
                [
                    "sa",
                    0.0009204516536556184
                ],
                [
                    "ur",
                    0.0008975205128081143
                ],
                [
                    "bg",
                    0.0008092531352303922
                ],
                [
                    "he",
                    0.0006614342564716935
                ],
                [
                    "ca",
                    0.0006078675505705178
                ],
                [
                    "da",
                    0.0005898428498767316
                ],
                [
                    "no",
                    0.00056102016242221
                ],
                [
                    "yo",
                    0.0005367948324419558
                ],
                [
                    "fa",
                    0.0004138731164857745
                ],
                [
                    "hr",
                    0.0004019813204649836
                ],
                [
                    "gl",
                    0.00039687586831860244
                ],
                [
                    "sl",
                    0.0003822316648438573
                ],
                [
                    "bn",
                    0.0003582155623007566
                ],
                [
                    "mn",
                    0.0003326705773361027
                ],
                [
                    "sk",
                    0.0003001283621415496
                ],
                [
                    "my",
                    0.0002875174395740032
                ],
                [
                    "fo",
                    0.00021773140178993344
                ],
                [
                    "eu",
                    0.00021724574617110193
                ],
                [
                    "be",
                    0.000210148049518466
                ],
                [
                    "hy",
                    0.0002004747511819005
                ],
                [
                    "oc",
                    0.00016793134273029864
                ],
                [
                    "sw",
                    0.0001603182463441044
                ],
                [
                    "bo",
                    0.0001580610842211172
                ],
                [
                    "lo",
                    0.00014729991380590945
                ],
                [
                    "af",
                    0.00014191737864166498
                ],
                [
                    "bs",
                    0.00013556930935010314
                ],
                [
                    "is",
                    0.00012002038420177996
                ],
                [
                    "yi",
                    0.00011434407497290522
                ],
                [
                    "ht",
                    0.00011135324893984944
                ],
                [
                    "lv",
