{
    "path": "/Users/cindyzhang/YouLingo/video_analysis/sampled_videos_subset/819_video.mp4",
    "audio_path": "video_analysis/sampled_audios_subset/819_video_audio.wav",
    "language": "en",
    "length_sec": 8.58,
    "vad_duration_sec": 0.56,
    "total_segment_length_sec": 0.0,
    "word_count": -1,
    "tokens": [],
    "types": [],
    "mean_sentence_length_words": -1.0,
    "wpm": -1,
    "spm": -1,
    "average_ptr": -1,
    "transcript_text": "",
    "transcript": {
        "segments": [],
        "info": {
            "language": "en",
            "duration": 8.5449375,
            "duration_after_vad": 0.56,
            "language_probability": 0.6372655034065247,
            "all_language_probs": [
                [
                    "en",
                    0.6372655034065247
                ],
                [
                    "ja",
                    0.06294043362140656
                ],
                [
                    "ko",
                    0.050480861216783524
                ],
                [
                    "zh",
                    0.04319817200303078
                ],
                [
                    "th",
                    0.0263957642018795
                ],
                [
                    "ru",
                    0.01712101884186268
                ],
                [
                    "nn",
                    0.015572832897305489
                ],
                [
                    "fr",
                    0.015030432492494583
                ],
                [
                    "es",
                    0.013418873772025108
                ],
                [
                    "hi",
                    0.01124226488173008
                ],
                [
                    "vi",
                    0.011097637005150318
                ],
                [
                    "pt",
                    0.00758068822324276
                ],
                [
                    "km",
                    0.006999472621828318
                ],
                [
                    "tl",
                    0.006424890365451574
                ],
                [
                    "cy",
                    0.0060114990919828415
                ],
                [
                    "ms",
                    0.005951596889644861
                ],
                [
                    "de",
                    0.005618588998913765
                ],
                [
                    "jw",
                    0.0051961420103907585
                ],
                [
                    "nl",
                    0.00429508974775672
                ],
                [
                    "id",
                    0.0038986511062830687
                ],
                [
                    "it",
                    0.0035110439639538527
                ],
                [
                    "ar",
                    0.0034264512360095978
                ],
                [
                    "pl",
                    0.003062664298340678
                ],
                [
                    "ta",
                    0.0027471459470689297
                ],
                [
                    "la",
                    0.0027017402462661266
                ],
                [
                    "te",
                    0.002396759344264865
                ],
                [
                    "tr",
                    0.002251261379569769
                ],
                [
                    "haw",
                    0.002237312961369753
                ],
                [
                    "sv",
                    0.001559882191941142
                ],
                [
                    "el",
                    0.0013272679643705487
                ],
                [
                    "fi",
                    0.0012650309363380075
                ],
                [
                    "si",
                    0.001122425077483058
                ],
                [
                    "mi",
                    0.0010746493935585022
                ],
                [
                    "ur",
                    0.0010577020002529025
                ],
                [
                    "no",
                    0.001005095662549138
                ],
                [
                    "sn",
                    0.0009932533139362931
                ],
                [
                    "ro",
                    0.0009741758112795651
                ],
                [
                    "ml",
                    0.0009382416610606015
                ],
                [
                    "uk",
                    0.0009101203177124262
                ],
                [
                    "hu",
                    0.0007563908002339303
                ],
                [
                    "da",
                    0.0007460921769961715
                ],
                [
                    "cs",
                    0.0006451140507124364
                ],
                [
                    "ca",
                    0.0006238478235900402
                ],
                [
                    "br",
                    0.000604965491220355
                ],
                [
                    "sa",
                    0.0005091119674034417
                ],
                [
                    "he",
                    0.0004129281151108444
                ],
                [
                    "my",
                    0.00039019298856146634
                ],
                [
                    "yo",
                    0.00035441419458948076
                ],
                [
                    "bg",
                    0.00031817908165976405
                ],
                [
                    "bn",
                    0.0002646818174980581
                ],
                [
                    "fa",
                    0.0002519196132197976
                ],
                [
                    "hr",
                    0.0002478321548551321
                ],
                [
                    "sl",
                    0.0002310252166353166
                ],
                [
                    "gl",
                    0.0002289934636792168
                ],
                [
                    "sk",
                    0.00021968240616843104
                ],
                [
                    "ne",
                    0.0002188991056755185
                ],
                [
                    "mn",
                    0.00021284501417540014
                ],
                [
                    "eu",
                    0.00018267129780724645
                ],
                [
                    "lo",
                    0.0001721486623864621
                ],
                [
                    "bo",
                    0.00016865100769791752
                ],
                [
                    "ht",
                    0.0001616118534002453
                ],
                [
                    "be",
                    0.0001309138460783288
                ],
                [
                    "is",
                    0.0001281823351746425
                ],
                [
                    "bs",
                    0.00012618012260645628
                ],
                [
                    "sw",
                    0.00012331853213254362
                ],
                [
                    "af",
                    0.00011669164086924866
                ],
                [
                    "oc",
                    0.00010774071415653452
                ],
                [
                    "hy",
                    9.767754818312824e-05
                ],
                [
                    "lv",
                    8.600774162914604e-05
                ],
                [
                    "lt",
