{
    "path": "/Users/cindyzhang/YouLingo/video_analysis/sampled_videos_subset/821_video.mp4",
    "audio_path": "video_analysis/sampled_audios_subset/821_video_audio.wav",
    "language": "en",
    "length_sec": 15.08,
    "vad_duration_sec": 1.088,
    "total_segment_length_sec": 0.0,
    "word_count": -1,
    "tokens": [],
    "types": [],
    "mean_sentence_length_words": -1.0,
    "wpm": -1,
    "spm": -1,
    "average_ptr": -1,
    "transcript_text": "",
    "transcript": {
        "segments": [],
        "info": {
            "language": "en",
            "duration": 15.06975,
            "duration_after_vad": 1.088,
            "language_probability": 0.9232231974601746,
            "all_language_probs": [
                [
                    "en",
                    0.9232231974601746
                ],
                [
                    "pt",
                    0.009920620359480381
                ],
                [
                    "ko",
                    0.008844164200127125
                ],
                [
                    "ja",
                    0.007100773975253105
                ],
                [
                    "es",
                    0.006564668845385313
                ],
                [
                    "zh",
                    0.003904969897121191
                ],
                [
                    "nn",
                    0.0031145575921982527
                ],
                [
                    "ru",
                    0.0030975372064858675
                ],
                [
                    "cy",
                    0.0029461223166435957
                ],
                [
                    "nl",
                    0.0026739491149783134
                ],
                [
                    "fr",
                    0.002636485733091831
                ],
                [
                    "hi",
                    0.0023060711100697517
                ],
                [
                    "de",
                    0.0022076654713600874
                ],
                [
                    "th",
                    0.0018630287377163768
                ],
                [
                    "tl",
                    0.0018316281493753195
                ],
                [
                    "pl",
                    0.0017983162542805076
                ],
                [
                    "it",
                    0.0016290247440338135
                ],
                [
                    "ar",
                    0.0016087874537333846
                ],
                [
                    "tr",
                    0.0011984201846644282
                ],
                [
                    "haw",
                    0.0010645276634022593
                ],
                [
                    "la",
                    0.0010528371203690767
                ],
                [
                    "id",
                    0.0008091172785498202
                ],
                [
                    "vi",
                    0.0007530066650360823
                ],
                [
                    "el",
                    0.0007510107825510204
                ],
                [
                    "jw",
                    0.0006328760646283627
                ],
                [
                    "ms",
                    0.0005065075238235295
                ],
                [
                    "sv",
                    0.0004955765907652676
                ],
                [
                    "ur",
                    0.00040968734538182616
                ],
                [
                    "da",
                    0.0003729086311068386
                ],
                [
                    "km",
                    0.00035746381036005914
                ],
                [
                    "mi",
                    0.00034503606730140746
                ],
                [
                    "hu",
                    0.0002986975305248052
                ],
                [
                    "cs",
                    0.0002986790204886347
                ],
                [
                    "te",
                    0.0002743494987953454
                ],
                [
                    "ta",
                    0.00026652024826034904
                ],
                [
                    "ml",
                    0.0002518220862839371
                ],
                [
                    "fi",
                    0.00024613342247903347
                ],
                [
                    "no",
                    0.00024337378272321075
                ],
                [
                    "ro",
                    0.00017136536189354956
                ],
                [
                    "he",
                    0.00016022058844100684
                ],
                [
                    "br",
                    0.00012791295011993498
                ],
                [
                    "ca",
                    0.00012079629232175648
                ],
                [
                    "uk",
                    9.888419299386442e-05
                ],
                [
                    "sn",
                    9.546537330606952e-05
                ],
                [
                    "yo",
                    9.005655738292262e-05
                ],
                [
                    "af",
                    7.633755740243942e-05
                ],
                [
                    "si",
                    7.053811714285985e-05
                ],
                [
                    "fa",
                    6.646702240686864e-05
                ],
                [
                    "sl",
                    6.220836075954139e-05
                ],
                [
                    "gl",
                    5.9856414736714214e-05
                ],
                [
                    "my",
                    5.837579374201596e-05
                ],
                [
                    "sa",
                    5.698975655832328e-05
                ],
                [
                    "bs",
                    5.617892384179868e-05
                ],
                [
                    "ht",
                    5.257312295725569e-05
                ],
                [
                    "yi",
                    5.241377584752627e-05
                ],
                [
                    "bn",
                    5.091131606604904e-05
                ],
                [
                    "eu",
                    5.060205876361579e-05
                ],
                [
                    "hr",
                    4.999330485588871e-05
                ],
                [
                    "is",
                    4.915073441225104e-05
                ],
                [
                    "bg",
                    4.6435499825747684e-05
                ],
                [
                    "mn",
                    4.3348161852918565e-05
                ],
                [
                    "bo",
                    3.738417217391543e-05
                ],
                [
                    "ne",
                    3.0087649065535516e-05
                ],
                [
                    "sk",
                    2.525119089114014e-05
                ],
                [
                    "fo",
                    2.2039335817680694e-05
                ],
                [
                    "mt",
                    2.009412128245458e-05
                ],
                [
                    "sw",
                    1.944441464729607e-05
                ],
                [
                    "be",
                    1.7851896700449288e-05
                ],
                [
                    "pa",
                    1.4669242773379665e-05
                ],
                [
