{
    "path": "/Users/cindyzhang/YouLingo/video_analysis/sampled_videos_subset/860_video.mp4",
    "audio_path": "video_analysis/sampled_audios_subset/860_video_audio.wav",
    "language": "en",
    "length_sec": 15.28,
    "vad_duration_sec": 3.888,
    "total_segment_length_sec": 0.0,
    "word_count": -1,
    "tokens": [],
    "types": [],
    "mean_sentence_length_words": -1.0,
    "wpm": -1,
    "spm": -1,
    "average_ptr": -1,
    "transcript_text": "",
    "transcript": {
        "segments": [],
        "info": {
            "language": "en",
            "duration": 15.27875,
            "duration_after_vad": 3.888,
            "language_probability": 0.8144703507423401,
            "all_language_probs": [
                [
                    "en",
                    0.8144703507423401
                ],
                [
                    "ko",
                    0.041623178869485855
                ],
                [
                    "ru",
                    0.018970567733049393
                ],
                [
                    "fr",
                    0.017301948741078377
                ],
                [
                    "ja",
                    0.010805116035044193
                ],
                [
                    "pt",
                    0.009951727464795113
                ],
                [
                    "es",
                    0.00916296150535345
                ],
                [
                    "de",
                    0.008813850581645966
                ],
                [
                    "nn",
                    0.004864537622779608
                ],
                [
                    "nl",
                    0.00484329042956233
                ],
                [
                    "jw",
                    0.004625260829925537
                ],
                [
                    "zh",
                    0.004297588486224413
                ],
                [
                    "km",
                    0.003913211636245251
                ],
                [
                    "pl",
                    0.003800976322963834
                ],
                [
                    "it",
                    0.003703721333295107
                ],
                [
                    "haw",
                    0.003571405541151762
                ],
                [
                    "ar",
                    0.0032421620562672615
                ],
                [
                    "el",
                    0.0026370484847575426
                ],
                [
                    "tr",
                    0.002617168240249157
                ],
                [
                    "la",
                    0.002306072972714901
                ],
                [
                    "cy",
                    0.0017063386039808393
                ],
                [
                    "tl",
                    0.001699266373179853
                ],
                [
                    "hi",
                    0.0013854216085746884
                ],
                [
                    "sv",
                    0.0013455245643854141
                ],
                [
                    "th",
                    0.0012475937837734818
                ],
                [
                    "vi",
                    0.001103593036532402
                ],
                [
                    "sn",
                    0.0010836119763553143
                ],
                [
                    "mi",
                    0.0010671478230506182
                ],
                [
                    "fi",
                    0.0008365371031686664
                ],
                [
                    "uk",
                    0.0007418746827170253
                ],
                [
                    "hu",
                    0.0007301828591153026
                ],
                [
                    "ta",
                    0.0007282294100150466
                ],
                [
                    "da",
                    0.0006230070721358061
                ],
                [
                    "te",
                    0.000622489140368998
                ],
                [
                    "ro",
                    0.0006098788580857217
                ],
                [
                    "he",
                    0.0005279189790599048
                ],
                [
                    "no",
                    0.0005217053112573922
                ],
                [
                    "br",
                    0.0005076492088846862
                ],
                [
                    "yo",
                    0.0004978526849299669
                ],
                [
                    "ur",
                    0.0004492532752919942
                ],
                [
                    "id",
                    0.0004256195679772645
                ],
                [
                    "si",
                    0.0004229976038914174
                ],
                [
                    "cs",
                    0.0004220472474116832
                ],
                [
                    "ca",
                    0.00041550403693690896
                ],
                [
                    "hr",
                    0.0003677933127619326
                ],
                [
                    "ms",
                    0.00035243312595412135
                ],
                [
                    "ml",
                    0.00032836239552125335
                ],
                [
                    "bs",
                    0.00029883396928198636
                ],
                [
                    "ht",
                    0.0002347962581552565
                ],
                [
                    "yi",
                    0.0002313437726115808
                ],
                [
                    "bg",
                    0.0002110633795382455
                ],
                [
                    "gl",
                    0.00019516485917847604
                ],
                [
                    "eu",
                    0.00019442920165602118
                ],
                [
                    "is",
                    0.00018722162349149585
                ],
                [
                    "sl",
                    0.00018079396977555007
                ],
                [
                    "my",
                    0.00015408509352710098
                ],
                [
                    "fa",
                    0.00014294424909166992
                ],
                [
                    "bn",
                    0.00013637494703289121
                ],
                [
                    "sa",
                    0.00012776223593391478
                ],
                [
                    "mn",
                    0.00011353009176673368
                ],
                [
                    "bo",
                    0.00010556697088759392
                ],
                [
                    "fo",
                    0.00010201414988841861
                ],
                [
                    "oc",
                    9.853061055764556e-05
                ],
                [
                    "be",
                    9.088654769584537e-05
                ],
                [
                    "lv",
                    8.762758079683408e-05
                ],
                [
                    "lt",
                    8.213907130993903e-05
                ],
                [
                    "sk",
                    7.366038335021585e-05
                ],
                [
                    "af",
                    6.770585605408996e-05
                ],
                [
                    "sw",
                    6.414585368474945e-05
                ],
                [
