{
    "path": "/Users/cindyzhang/YouLingo/video_analysis/sampled_videos_subset/866_video.mp4",
    "audio_path": "video_analysis/sampled_audios_subset/866_video_audio.wav",
    "language": "en",
    "length_sec": 16.0,
    "vad_duration_sec": 14.9905625,
    "total_segment_length_sec": 0.0,
    "word_count": -1,
    "tokens": [],
    "types": [],
    "mean_sentence_length_words": -1.0,
    "wpm": -1,
    "spm": -1,
    "average_ptr": -1,
    "transcript_text": "",
    "transcript": {
        "segments": [],
        "info": {
            "language": "en",
            "duration": 15.9985625,
            "duration_after_vad": 14.9905625,
            "language_probability": 0.9389419555664062,
            "all_language_probs": [
                [
                    "en",
                    0.9389419555664062
                ],
                [
                    "ko",
                    0.006464654579758644
                ],
                [
                    "la",
                    0.005708592012524605
                ],
                [
                    "de",
                    0.004545023199170828
                ],
                [
                    "fr",
                    0.0034361332654953003
                ],
                [
                    "ja",
                    0.00329968542791903
                ],
                [
                    "haw",
                    0.002886725589632988
                ],
                [
                    "nn",
                    0.0027049495838582516
                ],
                [
                    "ru",
                    0.002618818311020732
                ],
                [
                    "jw",
                    0.0024563870392739773
                ],
                [
                    "km",
                    0.0022298635449260473
                ],
                [
                    "pt",
                    0.0021562508773058653
                ],
                [
                    "nl",
                    0.002151109976693988
                ],
                [
                    "cy",
                    0.0018969869706779718
                ],
                [
                    "sv",
                    0.0016604665433987975
                ],
                [
                    "es",
                    0.0016127610579133034
                ],
                [
                    "ar",
                    0.0015142499469220638
                ],
                [
                    "zh",
                    0.001387953874655068
                ],
                [
                    "br",
                    0.0013620161917060614
                ],
                [
                    "th",
                    0.0011447820579633117
                ],
                [
                    "it",
                    0.000993893714621663
                ],
                [
                    "pl",
                    0.000845053291413933
                ],
                [
                    "tr",
                    0.00079497997649014
                ],
                [
                    "vi",
                    0.000601991661824286
                ],
                [
                    "mi",
                    0.0005936627276241779
                ],
                [
                    "tl",
                    0.0005188507493585348
                ],
                [
                    "sn",
                    0.0005126827163621783
                ],
                [
                    "fi",
                    0.0004824147326871753
                ],
                [
                    "hu",
                    0.00044296824489720166
                ],
                [
                    "hi",
                    0.0004199245886411518
                ],
                [
                    "el",
                    0.0002832378086168319
                ],
                [
                    "ml",
                    0.00022857134172227234
                ],
                [
                    "sa",
                    0.00021460764401126653
                ],
                [
                    "te",
                    0.000207222779863514
                ],
                [
                    "id",
                    0.00019294962112326175
                ],
                [
                    "da",
                    0.00018492502567823976
                ],
                [
                    "ta",
                    0.0001817683078115806
                ],
                [
                    "ms",
                    0.00017595021927263588
                ],
                [
                    "no",
                    0.00016375155246350914
                ],
                [
                    "cs",
                    0.00015577461454086006
                ],
                [
                    "si",
                    0.00010437966557219625
                ],
                [
                    "yi",
                    0.0001013811124721542
                ],
                [
                    "yo",
                    0.00010069197742268443
                ],
                [
                    "ca",
                    9.661424701334909e-05
                ],
                [
                    "ur",
                    8.910016185836866e-05
                ],
                [
                    "ro",
                    8.768608677200973e-05
                ],
                [
                    "he",
                    8.235860877903178e-05
                ],
                [
                    "uk",
                    7.631825428688899e-05
                ],
                [
                    "fa",
                    6.163970829220489e-05
                ],
                [
                    "bg",
                    6.130273686721921e-05
                ],
                [
                    "sl",
                    5.7128610933432356e-05
                ],
                [
                    "bn",
                    5.681581751559861e-05
                ],
                [
                    "is",
                    5.449529635370709e-05
                ],
                [
                    "fo",
                    4.6647161070723087e-05
                ],
                [
                    "hy",
                    4.651265044230968e-05
                ],
                [
                    "gl",
                    4.558074942906387e-05
                ],
                [
                    "mn",
                    4.219053516862914e-05
                ],
                [
                    "lv",
                    3.942654439015314e-05
                ],
                [
                    "eu",
                    3.6330682632979006e-05
                ],
                [
                    "ht",
                    3.394828308955766e-05
                ],
                [
                    "my",
                    3.359872425789945e-05
                ],
                [
                    "hr",
                    3.276964707765728e-05
                ],
                [
                    "be",
                    3.139262480544858e-05
                ],
                [
                    "oc",
                    2.0935545762768015e-05
                ],
                [
                    "bs",
                    1.803824125090614e-05
                ],
                [
                    "lt",
                    1.7622722225496545e-05
                ],
                [
                    "lo",
                    1.7536314771859907e-05
                ],
                [
                    "bo",
                    1.615889232198242e-05
                ],
                [
                    "sk",
                    1.5833571524126455e-05
                ],
                [
