{
    "path": "/Users/cindyzhang/YouLingo/video_analysis/sampled_videos_subset/885_video.mp4",
    "audio_path": "video_analysis/sampled_audios_subset/885_video_audio.wav",
    "language": "en",
    "length_sec": 14.73,
    "vad_duration_sec": 4.736,
    "total_segment_length_sec": 0.0,
    "word_count": -1,
    "tokens": [],
    "types": [],
    "mean_sentence_length_words": -1.0,
    "wpm": -1,
    "spm": -1,
    "average_ptr": -1,
    "transcript_text": "",
    "transcript": {
        "segments": [],
        "info": {
            "language": "en",
            "duration": 14.675,
            "duration_after_vad": 4.736,
            "language_probability": 0.7837021350860596,
            "all_language_probs": [
                [
                    "en",
                    0.7837021350860596
                ],
                [
                    "km",
                    0.036641690880060196
                ],
                [
                    "ja",
                    0.03440707549452782
                ],
                [
                    "ko",
                    0.02594441920518875
                ],
                [
                    "nn",
                    0.02212578058242798
                ],
                [
                    "es",
                    0.011029080487787724
                ],
                [
                    "ru",
                    0.010600050911307335
                ],
                [
                    "jw",
                    0.007489921059459448
                ],
                [
                    "pt",
                    0.00737138232216239
                ],
                [
                    "de",
                    0.007128818891942501
                ],
                [
                    "fr",
                    0.006982119753956795
                ],
                [
                    "zh",
                    0.005804295651614666
                ],
                [
                    "la",
                    0.004478548187762499
                ],
                [
                    "cy",
                    0.003913559950888157
                ],
                [
                    "pl",
                    0.0034116064198315144
                ],
                [
                    "tr",
                    0.003088048892095685
                ],
                [
                    "it",
                    0.002412746660411358
                ],
                [
                    "haw",
                    0.00204374804161489
                ],
                [
                    "nl",
                    0.0019507291726768017
                ],
                [
                    "hi",
                    0.00147746573202312
                ],
                [
                    "vi",
                    0.0013534643221646547
                ],
                [
                    "th",
                    0.001344132237136364
                ],
                [
                    "si",
                    0.0012960919411852956
                ],
                [
                    "hu",
                    0.001034276094287634
                ],
                [
                    "tl",
                    0.001006242004223168
                ],
                [
                    "ar",
                    0.001001926138997078
                ],
                [
                    "sv",
                    0.000740707793738693
                ],
                [
                    "ta",
                    0.0006306577706709504
                ],
                [
                    "ro",
                    0.0005993134109303355
                ],
                [
                    "sn",
                    0.0005827731802128255
                ],
                [
                    "te",
                    0.0005379695794545114
                ],
                [
                    "el",
                    0.0005324306548573077
                ],
                [
                    "ml",
                    0.0005181424203328788
                ],
                [
                    "id",
                    0.0004938489873893559
                ],
                [
                    "fi",
                    0.00043996534077450633
                ],
                [
                    "ms",
                    0.000438264716649428
                ],
                [
                    "cs",
                    0.00040085820364765823
                ],
                [
                    "eu",
                    0.00039085900061763823
                ],
                [
                    "da",
                    0.0003451138036325574
                ],
                [
                    "br",
                    0.0003419731801841408
                ],
                [
                    "uk",
                    0.0003401189751457423
                ],
                [
                    "mi",
                    0.0002744801458902657
                ],
                [
                    "ur",
                    0.0002612982934806496
                ],
                [
                    "sa",
                    0.00023680900631006807
                ],
                [
                    "no",
                    0.00020716180733870715
                ],
                [
                    "my",
                    0.00020368162950035185
                ],
                [
                    "yo",
                    0.00019814155530184507
                ],
                [
                    "hr",
                    0.0001946080883499235
                ],
                [
                    "ca",
                    0.000188657155376859
                ],
                [
                    "bg",
                    0.00014145340537652373
                ],
                [
                    "bn",
                    0.00013864180073142052
                ],
                [
                    "he",
                    0.00011534327495610341
                ],
                [
                    "mn",
                    0.00011405907571315765
                ],
                [
                    "fa",
                    0.00011114861263195053
                ],
                [
                    "is",
                    0.00010048510011984035
                ],
                [
                    "ht",
                    8.954307850217447e-05
                ],
                [
                    "yi",
                    8.665282075526193e-05
                ],
                [
                    "lv",
                    8.515715308021754e-05
                ],
                [
                    "sl",
                    8.481374970870093e-05
                ],
                [
                    "bo",
                    7.852012640796602e-05
                ],
                [
                    "bs",
                    7.31487525627017e-05
                ],
                [
                    "gl",
                    6.998645403655246e-05
                ],
                [
                    "fo",
                    5.525465894606896e-05
                ],
                [
                    "sk",
                    5.0741873565129936e-05
                ],
                [
                    "oc",
                    5.0534501497168094e-05
                ],
                [
                    "af",
                    4.256279862602241e-05
                ],
                [
                    "lt",
                    3.6507033655652776e-05
                ],
                [
                    "be",
                    3.5742621548706666e-05
                ],
                [
                    "ne",
                    3.2970601751003414e-05
                ],
                [
                    "sw",
