{
    "path": "/Users/cindyzhang/YouLingo/video_analysis/sampled_videos_subset/933_video.mp4",
    "audio_path": "video_analysis/sampled_audios_subset/933_video_audio.wav",
    "language": "en",
    "length_sec": 7.31,
    "vad_duration_sec": 0.944,
    "total_segment_length_sec": 0.0,
    "word_count": -1,
    "tokens": [],
    "types": [],
    "mean_sentence_length_words": -1.0,
    "wpm": -1,
    "spm": -1,
    "average_ptr": -1,
    "transcript_text": "",
    "transcript": {
        "segments": [],
        "info": {
            "language": "en",
            "duration": 7.267875,
            "duration_after_vad": 0.944,
            "language_probability": 0.6701911687850952,
            "all_language_probs": [
                [
                    "en",
                    0.6701911687850952
                ],
                [
                    "de",
                    0.0787544846534729
                ],
                [
                    "es",
                    0.01844899356365204
                ],
                [
                    "nl",
                    0.018155140802264214
                ],
                [
                    "ru",
                    0.017897825688123703
                ],
                [
                    "ko",
                    0.016470223665237427
                ],
                [
                    "pt",
                    0.012819941155612469
                ],
                [
                    "zh",
                    0.012324104085564613
                ],
                [
                    "fr",
                    0.011705944314599037
                ],
                [
                    "cy",
                    0.011270075105130672
                ],
                [
                    "hi",
                    0.010772529058158398
                ],
                [
                    "nn",
                    0.010474213398993015
                ],
                [
                    "it",
                    0.0104698296636343
                ],
                [
                    "pl",
                    0.008732474409043789
                ],
                [
                    "ja",
                    0.006966073997318745
                ],
                [
                    "th",
                    0.006039079278707504
                ],
                [
                    "km",
                    0.005844852887094021
                ],
                [
                    "la",
                    0.005358707159757614
                ],
                [
                    "tr",
                    0.0051148454658687115
                ],
                [
                    "vi",
                    0.0037353478837758303
                ],
                [
                    "jw",
                    0.0029345571529120207
                ],
                [
                    "ta",
                    0.0027730728033930063
                ],
                [
                    "fi",
                    0.002642143052071333
                ],
                [
                    "ar",
                    0.002610699040815234
                ],
                [
                    "el",
                    0.002599990228191018
                ],
                [
                    "da",
                    0.0025601962115615606
                ],
                [
                    "tl",
                    0.0024760612286627293
                ],
                [
                    "ur",
                    0.002469827886670828
                ],
                [
                    "sv",
                    0.0023765743244439363
                ],
                [
                    "si",
                    0.0023100257385522127
                ],
                [
                    "ms",
                    0.0021939300931990147
                ],
                [
                    "cs",
                    0.0021884385496377945
                ],
                [
                    "no",
                    0.0021197847090661526
                ],
                [
                    "hu",
                    0.001745875459164381
                ],
                [
                    "ml",
                    0.0016311773797497153
                ],
                [
                    "sl",
                    0.001604057615622878
                ],
                [
                    "he",
                    0.0015011868672445416
                ],
                [
                    "ca",
                    0.0014211542438715696
                ],
                [
                    "haw",
                    0.001312351319938898
                ],
                [
                    "te",
                    0.0012439652346074581
                ],
                [
                    "uk",
                    0.0011809883872047067
                ],
                [
                    "hr",
                    0.00111402350012213
                ],
                [
                    "ro",
                    0.0009950031526386738
                ],
                [
                    "id",
                    0.0009122228948399425
                ],
                [
                    "mi",
                    0.000866817485075444
                ],
                [
                    "sa",
                    0.0008141618454828858
                ],
                [
                    "bs",
                    0.0008054209756664932
                ],
                [
                    "lv",
                    0.0007309205830097198
                ],
                [
                    "sn",
                    0.0006932205869816244
                ],
                [
                    "sk",
                    0.0006869985372759402
                ],
                [
                    "bg",
                    0.0005435596103779972
                ],
                [
                    "is",
                    0.00043677116627804935
                ],
                [
                    "br",
                    0.00042956764809787273
                ],
                [
                    "bn",
                    0.0004281096626073122
                ],
                [
                    "my",
                    0.0003983301285188645
                ],
                [
                    "af",
                    0.00038449279963970184
                ],
                [
                    "eu",
                    0.0003569390974007547
                ],
                [
                    "lt",
                    0.00026648459606803954
                ],
                [
                    "fa",
                    0.0002629981900099665
                ],
                [
                    "yi",
                    0.0002549386699683964
                ],
                [
                    "gl",
                    0.00023877025523688644
                ],
                [
                    "sw",
                    0.0002384841936873272
                ],
                [
                    "sr",
                    0.0002210242091678083
                ],
                [
                    "yo",
                    0.0002091627538902685
                ],
                [
                    "ne",
                    0.00020645445329137146
                ],
                [
                    "bo",
                    0.00019026098016183823
                ],
                [
                    "ht",
                    0.00018643299699760973
                ],
                [
                    "et",
                    0.0001688998017925769
                ],
                [
                    "oc",
                    0.00016435734869446605
                ],
                [
                    "pa",
