{
    "path": "/Users/cindyzhang/YouLingo/video_analysis/sampled_videos_subset/935_video.mp4",
    "audio_path": "video_analysis/sampled_audios_subset/935_video_audio.wav",
    "language": "en",
    "length_sec": 8.42,
    "vad_duration_sec": 5.568,
    "total_segment_length_sec": 0.0,
    "word_count": -1,
    "tokens": [],
    "types": [],
    "mean_sentence_length_words": -1.0,
    "wpm": -1,
    "spm": -1,
    "average_ptr": -1,
    "transcript_text": "",
    "transcript": {
        "segments": [],
        "info": {
            "language": "en",
            "duration": 8.405625,
            "duration_after_vad": 5.568,
            "language_probability": 0.3508935272693634,
            "all_language_probs": [
                [
                    "en",
                    0.3508935272693634
                ],
                [
                    "ko",
                    0.07662848383188248
                ],
                [
                    "jw",
                    0.07259538024663925
                ],
                [
                    "es",
                    0.06721265614032745
                ],
                [
                    "fr",
                    0.03841498866677284
                ],
                [
                    "ar",
                    0.037333063781261444
                ],
                [
                    "km",
                    0.03155004233121872
                ],
                [
                    "ja",
                    0.025589311495423317
                ],
                [
                    "zh",
                    0.024103740230202675
                ],
                [
                    "haw",
                    0.023616217076778412
                ],
                [
                    "nn",
                    0.020243333652615547
                ],
                [
                    "tl",
                    0.018768521025776863
                ],
                [
                    "vi",
                    0.01801956631243229
                ],
                [
                    "pt",
                    0.017784444615244865
                ],
                [
                    "ru",
                    0.01648036204278469
                ],
                [
                    "it",
                    0.01339447870850563
                ],
                [
                    "de",
                    0.012216275557875633
                ],
                [
                    "th",
                    0.008844863623380661
                ],
                [
                    "la",
                    0.008778911083936691
                ],
                [
                    "te",
                    0.008217191323637962
                ],
                [
                    "ta",
                    0.006652637850493193
                ],
                [
                    "si",
                    0.006649250630289316
                ],
                [
                    "sn",
                    0.00625947630032897
                ],
                [
                    "nl",
                    0.0062524182721972466
                ],
                [
                    "hi",
                    0.006131263449788094
                ],
                [
                    "tr",
                    0.005953867919743061
                ],
                [
                    "el",
                    0.005885434802621603
                ],
                [
                    "cy",
                    0.005304916761815548
                ],
                [
                    "id",
                    0.004808203782886267
                ],
                [
                    "br",
                    0.004405704792588949
                ],
                [
                    "sv",
                    0.0038806567899882793
                ],
                [
                    "ms",
                    0.003745783120393753
                ],
                [
                    "sa",
                    0.003213675459846854
                ],
                [
                    "ro",
                    0.002939769299700856
                ],
                [
                    "fi",
                    0.0027144677005708218
                ],
                [
                    "hu",
                    0.0021696179173886776
                ],
                [
                    "yo",
                    0.0020426760893315077
                ],
                [
                    "ml",
                    0.0017130515770986676
                ],
                [
                    "mi",
                    0.0016995000187307596
                ],
                [
                    "ur",
                    0.0016983570531010628
                ],
                [
                    "gl",
                    0.0016324103344231844
                ],
                [
                    "ca",
                    0.001487810630351305
                ],
                [
                    "da",
                    0.0014841655502095819
                ],
                [
                    "uk",
                    0.0014419096987694502
                ],
                [
                    "bn",
                    0.0014035165077075362
                ],
                [
                    "my",
                    0.001356946537271142
                ],
                [
                    "pl",
                    0.001333268010057509
                ],
                [
                    "he",
                    0.0012658329214900732
                ],
                [
                    "bg",
                    0.0011917483061552048
                ],
                [
                    "no",
                    0.0010920120403170586
                ],
                [
                    "eu",
                    0.0010447888635098934
                ],
                [
                    "oc",
                    0.0008816848276183009
                ],
                [
                    "is",
                    0.0008436338976025581
                ],
                [
                    "cs",
                    0.0006289536249823868
                ],
                [
                    "fa",
                    0.0005739741609431803
                ],
                [
                    "sl",
                    0.000487905228510499
                ],
                [
                    "fo",
                    0.0004711891815531999
                ],
                [
                    "ht",
                    0.0004667440662160516
                ],
                [
                    "hr",
                    0.00046009852667339146
                ],
                [
                    "mn",
                    0.0004492610169108957
                ],
                [
                    "lo",
                    0.00042930402560159564
                ],
                [
                    "yi",
                    0.0004176165093667805
                ],
                [
                    "sw",
                    0.0003941275645047426
                ],
                [
                    "be",
                    0.000351401831721887
                ],
                [
                    "bo",
                    0.0003344547003507614
                ],
                [
                    "lv",
                    0.00026043321122415364
                ],
                [
                    "et",
                    0.00023920518287923187
                ],
                [
                    "ne",
                    0.00023702948237769306
                ],
                [
                    "lt",
                    0.00023007219715509564
                ],
                [
                    "hy",
