{
    "path": "/Users/cindyzhang/YouLingo/video_analysis/sampled_videos_subset/940_video.mp4",
    "audio_path": "video_analysis/sampled_audios_subset/940_video_audio.wav",
    "language": "en",
    "length_sec": 30.5,
    "vad_duration_sec": 3.001375,
    "total_segment_length_sec": 0.0,
    "word_count": -1,
    "tokens": [],
    "types": [],
    "mean_sentence_length_words": -1.0,
    "wpm": -1,
    "spm": -1,
    "average_ptr": -1,
    "transcript_text": "",
    "transcript": {
        "segments": [],
        "info": {
            "language": "en",
            "duration": 30.441375,
            "duration_after_vad": 3.001375,
            "language_probability": 0.8515641689300537,
            "all_language_probs": [
                [
                    "en",
                    0.8515641689300537
                ],
                [
                    "ko",
                    0.026686035096645355
                ],
                [
                    "nn",
                    0.018866723403334618
                ],
                [
                    "ja",
                    0.01321385893970728
                ],
                [
                    "ru",
                    0.011747785843908787
                ],
                [
                    "fr",
                    0.008073349483311176
                ],
                [
                    "de",
                    0.006742403842508793
                ],
                [
                    "zh",
                    0.006176341790705919
                ],
                [
                    "es",
                    0.00587578397244215
                ],
                [
                    "pt",
                    0.0057251788675785065
                ],
                [
                    "km",
                    0.003978982102125883
                ],
                [
                    "pl",
                    0.0038307670038193464
                ],
                [
                    "cy",
                    0.0034718343522399664
                ],
                [
                    "la",
                    0.0030270153656601906
                ],
                [
                    "nl",
                    0.002676630625501275
                ],
                [
                    "hi",
                    0.0025710780173540115
                ],
                [
                    "tr",
                    0.0023662850726395845
                ],
                [
                    "it",
                    0.0018910450162366033
                ],
                [
                    "th",
                    0.001814684714190662
                ],
                [
                    "jw",
                    0.0018009080085903406
                ],
                [
                    "ar",
                    0.0017707011429592967
                ],
                [
                    "haw",
                    0.0015685389516875148
                ],
                [
                    "tl",
                    0.0014201373560354114
                ],
                [
                    "vi",
                    0.0011538666440173984
                ],
                [
                    "hu",
                    0.0008620166918262839
                ],
                [
                    "sv",
                    0.000830022559966892
                ],
                [
                    "fi",
                    0.0007697133696638048
                ],
                [
                    "id",
                    0.0007678570109419525
                ],
                [
                    "el",
                    0.0006893575191497803
                ],
                [
                    "ms",
                    0.000680730037856847
                ],
                [
                    "te",
                    0.0006480517331510782
                ],
                [
                    "ta",
                    0.0005979716661386192
                ],
                [
                    "cs",
                    0.000491819460876286
                ],
                [
                    "ur",
                    0.00043658685171976686
                ],
                [
                    "ro",
                    0.0004083159437868744
                ],
                [
                    "si",
                    0.0003804939624387771
                ],
                [
                    "sn",
                    0.0003513903066050261
                ],
                [
                    "da",
                    0.00033118220744654536
                ],
                [
                    "no",
                    0.0003101967158727348
                ],
                [
                    "mi",
                    0.0002772038569673896
                ],
                [
                    "br",
                    0.00025060627376660705
                ],
                [
                    "he",
                    0.00022713508224114776
                ],
                [
                    "ca",
                    0.00020151936041656882
                ],
                [
                    "ml",
                    0.00018720953084994107
                ],
                [
                    "uk",
                    0.00018538578297011554
                ],
                [
                    "hr",
                    0.0001480339269619435
                ],
                [
                    "yo",
                    0.00014034843479748815
                ],
                [
                    "sa",
                    0.00013714030501432717
                ],
                [
                    "fa",
                    0.00013248798495624214
                ],
                [
                    "eu",
                    0.0001269722415599972
                ],
                [
                    "bg",
                    0.00010137882054550573
                ],
                [
                    "sl",
                    9.757552470546216e-05
                ],
                [
                    "sk",
                    9.00258164620027e-05
                ],
                [
                    "bn",
                    8.849825098877773e-05
                ],
                [
                    "bs",
                    8.842451643431559e-05
                ],
                [
                    "my",
                    6.995662261033431e-05
                ],
                [
                    "is",
                    6.747517181793228e-05
                ],
                [
                    "ht",
                    6.343694985844195e-05
                ],
                [
                    "gl",
                    5.27870943187736e-05
                ],
                [
                    "yi",
                    5.2582250646082684e-05
                ],
                [
                    "lv",
                    5.0205926527269185e-05
                ],
                [
                    "mn",
                    4.874300066148862e-05
                ],
                [
                    "ne",
                    4.8557689297012985e-05
                ],
                [
                    "bo",
                    4.71593375550583e-05
                ],
                [
                    "af",
                    4.689039269578643e-05
                ],
                [
                    "lt",
                    4.156251816311851e-05
                ],
                [
                    "be",
                    3.943437695852481e-05
                ],
                [
                    "oc",
                    3.6090208595851436e-05
                ],
                [
                    "fo",
                    3.450329677434638e-05
                ],
                [
