{
    "path": "/Users/cindyzhang/YouLingo/video_analysis/sampled_videos_subset/947_video.mp4",
    "audio_path": "video_analysis/sampled_audios_subset/947_video_audio.wav",
    "language": "en",
    "length_sec": 30.73,
    "vad_duration_sec": 7.632,
    "total_segment_length_sec": 0.0,
    "word_count": -1,
    "tokens": [],
    "types": [],
    "mean_sentence_length_words": -1.0,
    "wpm": -1,
    "spm": -1,
    "average_ptr": -1,
    "transcript_text": "",
    "transcript": {
        "segments": [],
        "info": {
            "language": "en",
            "duration": 30.6968125,
            "duration_after_vad": 7.632,
            "language_probability": 0.64705890417099,
            "all_language_probs": [
                [
                    "en",
                    0.64705890417099
                ],
                [
                    "ko",
                    0.13552333414554596
                ],
                [
                    "fr",
                    0.03136143833398819
                ],
                [
                    "zh",
                    0.02560483105480671
                ],
                [
                    "pt",
                    0.02393176406621933
                ],
                [
                    "ja",
                    0.014942432753741741
                ],
                [
                    "km",
                    0.012006559409201145
                ],
                [
                    "es",
                    0.01091464702039957
                ],
                [
                    "nn",
                    0.010379213839769363
                ],
                [
                    "de",
                    0.009322473779320717
                ],
                [
                    "jw",
                    0.0074868048541247845
                ],
                [
                    "it",
                    0.0069605098105967045
                ],
                [
                    "nl",
                    0.005563359707593918
                ],
                [
                    "vi",
                    0.00460797967389226
                ],
                [
                    "ru",
                    0.004474695306271315
                ],
                [
                    "ms",
                    0.003481225809082389
                ],
                [
                    "th",
                    0.00333987083286047
                ],
                [
                    "tl",
                    0.00330410641618073
                ],
                [
                    "tr",
                    0.0032481164671480656
                ],
                [
                    "cy",
                    0.002854724880307913
                ],
                [
                    "pl",
                    0.002792648272588849
                ],
                [
                    "la",
                    0.0027573530096560717
                ],
                [
                    "hi",
                    0.002654055831953883
                ],
                [
                    "ar",
                    0.002525241579860449
                ],
                [
                    "haw",
                    0.002462483011186123
                ],
                [
                    "el",
                    0.0016297935508191586
                ],
                [
                    "da",
                    0.001408345066010952
                ],
                [
                    "ro",
                    0.0013799662701785564
                ],
                [
                    "id",
                    0.0013527952833101153
                ],
                [
                    "sn",
                    0.0010298946872353554
                ],
                [
                    "mi",
                    0.0010222465498372912
                ],
                [
                    "sv",
                    0.0010185942519456148
                ],
                [
                    "hu",
                    0.0008728166576474905
                ],
                [
                    "si",
                    0.0007395343855023384
                ],
                [
                    "no",
                    0.0007247513276524842
                ],
                [
                    "ur",
                    0.0006962624611333013
                ],
                [
                    "yo",
                    0.0006160818156786263
                ],
                [
                    "ta",
                    0.0005435197381302714
                ],
                [
                    "cs",
                    0.0005125603056512773
                ],
                [
                    "uk",
                    0.0004912347649224102
                ],
                [
                    "my",
                    0.00048592814709991217
                ],
                [
                    "ht",
                    0.0004534312174655497
                ],
                [
                    "ca",
                    0.0004463060759007931
                ],
                [
                    "br",
                    0.00042153516551479697
                ],
                [
                    "fi",
                    0.0004044249071739614
                ],
                [
                    "te",
                    0.0003284843696746975
                ],
                [
                    "eu",
                    0.00026650851941667497
                ],
                [
                    "he",
                    0.00025559429195709527
                ],
                [
                    "mn",
                    0.00022563269885722548
                ],
                [
                    "ml",
                    0.00022543450177181512
                ],
                [
                    "is",
                    0.0002029712632065639
                ],
                [
                    "bn",
                    0.00018800850375555456
                ],
                [
                    "hr",
                    0.00018722320965025574
                ],
                [
                    "sl",
                    0.0001651177299208939
                ],
                [
                    "bo",
                    0.00015355464711319655
                ],
                [
                    "fa",
                    0.00014998782717157155
                ],
                [
                    "yi",
                    0.0001480875362176448
                ],
                [
                    "bs",
                    0.00014515651855617762
                ],
                [
                    "sa",
                    0.00014505424769595265
                ],
                [
                    "gl",
                    0.0001395996514474973
                ],
                [
                    "oc",
                    0.00013509999553207308
                ],
                [
                    "fo",
                    0.00012820381380151957
                ],
                [
                    "bg",
                    0.0001050923383445479
                ],
                [
                    "ne",
                    0.00010335435217712075
                ],
                [
                    "sw",
                    9.412540384801105e-05
                ],
                [
                    "af",
                    8.332799916388467e-05
                ],
                [
                    "lo",
                    6.062247121008113e-05
                ],
                [
                    "sk",
                    5.645486089633778e-05
                ],
                [
                    "be",
                    4.9103920900961384e-05
                ],
                [
                    "lt",
