{
    "path": "/Users/cindyzhang/YouLingo/video_analysis/sampled_videos_subset/94_video.mp4",
    "audio_path": "video_analysis/sampled_audios_subset/94_video_audio.wav",
    "language": "en",
    "length_sec": 6.47,
    "vad_duration_sec": 2.48,
    "total_segment_length_sec": 0.0,
    "word_count": -1,
    "tokens": [],
    "types": [],
    "mean_sentence_length_words": -1.0,
    "wpm": -1,
    "spm": -1,
    "average_ptr": -1,
    "transcript_text": "",
    "transcript": {
        "segments": [],
        "info": {
            "language": "en",
            "duration": 6.4551875,
            "duration_after_vad": 2.48,
            "language_probability": 0.64478999376297,
            "all_language_probs": [
                [
                    "en",
                    0.64478999376297
                ],
                [
                    "ko",
                    0.03925606980919838
                ],
                [
                    "pt",
                    0.0320536233484745
                ],
                [
                    "fr",
                    0.02273854985833168
                ],
                [
                    "es",
                    0.021059725433588028
                ],
                [
                    "nl",
                    0.015934478491544724
                ],
                [
                    "ru",
                    0.015927201136946678
                ],
                [
                    "ja",
                    0.01587776094675064
                ],
                [
                    "ar",
                    0.015660308301448822
                ],
                [
                    "it",
                    0.015334534458816051
                ],
                [
                    "zh",
                    0.011811655014753342
                ],
                [
                    "hi",
                    0.011334885843098164
                ],
                [
                    "de",
                    0.010427309200167656
                ],
                [
                    "nn",
                    0.009712593629956245
                ],
                [
                    "tr",
                    0.00824044831097126
                ],
                [
                    "tl",
                    0.007821082137525082
                ],
                [
                    "pl",
                    0.007710563484579325
                ],
                [
                    "el",
                    0.006228692829608917
                ],
                [
                    "cy",
                    0.00573452515527606
                ],
                [
                    "ms",
                    0.005406104493886232
                ],
                [
                    "jw",
                    0.005056493915617466
                ],
                [
                    "vi",
                    0.0047835311852395535
                ],
                [
                    "ro",
                    0.004517719149589539
                ],
                [
                    "la",
                    0.004294727463275194
                ],
                [
                    "haw",
                    0.0037068582605570555
                ],
                [
                    "sv",
                    0.0035788642708212137
                ],
                [
                    "id",
                    0.0028772016521543264
                ],
                [
                    "th",
                    0.002864618320018053
                ],
                [
                    "km",
                    0.0026931418105959892
                ],
                [
                    "te",
                    0.002662301529198885
                ],
                [
                    "ur",
                    0.002615854609757662
                ],
                [
                    "ta",
                    0.0025970505084842443
                ],
                [
                    "hu",
                    0.002284704940393567
                ],
                [
                    "cs",
                    0.0022258241660892963
                ],
                [
                    "uk",
                    0.002067502588033676
                ],
                [
                    "da",
                    0.001989758340641856
                ],
                [
                    "no",
                    0.001839690376073122
                ],
                [
                    "mi",
                    0.0016006373334676027
                ],
                [
                    "ca",
                    0.001544203725643456
                ],
                [
                    "he",
                    0.0014883994590491056
                ],
                [
                    "sn",
                    0.0014124821173027158
                ],
                [
                    "yo",
                    0.0013406529324129224
                ],
                [
                    "fi",
                    0.0012122098123654723
                ],
                [
                    "sl",
                    0.0010182565310969949
                ],
                [
                    "ml",
                    0.0009903803002089262
                ],
                [
                    "hr",
                    0.0009874416282400489
                ],
                [
                    "bg",
                    0.0009649443090893328
                ],
                [
                    "br",
                    0.0009129769168794155
                ],
                [
                    "si",
                    0.0008660699240863323
                ],
                [
                    "bs",
                    0.0007916689501143992
                ],
                [
                    "ht",
                    0.0006326421862468123
                ],
                [
                    "gl",
                    0.0005425350973382592
                ],
                [
                    "fa",
                    0.0005352617590688169
                ],
                [
                    "bn",
                    0.0005127544864080846
                ],
                [
                    "af",
                    0.0005029870662838221
                ],
                [
                    "sa",
                    0.000496566528454423
                ],
                [
                    "my",
                    0.00038131960900500417
                ],
                [
                    "ne",
                    0.0003709485463332385
                ],
                [
                    "is",
                    0.00035679267602972686
                ],
                [
                    "sk",
                    0.0003371328639332205
                ],
                [
                    "oc",
                    0.0003192288859281689
                ],
                [
                    "sw",
                    0.0003130944387521595
                ],
                [
                    "yi",
                    0.0003122926864307374
                ],
                [
                    "eu",
                    0.00029711663955822587
                ],
                [
                    "mn",
                    0.0002781467919703573
                ],
                [
                    "bo",
                    0.0002485753793735057
                ],
                [
                    "lt",
                    0.00024321633100043982
                ],
                [
                    "lv",
                    0.00021373094932641834
                ],
                [
                    "pa",
                    0.00020914975902996957
                ],
                [
                    "sr",
