{
    "path": "/Users/cindyzhang/YouLingo/video_analysis/sampled_videos_subset/957_video.mp4",
    "audio_path": "video_analysis/sampled_audios_subset/957_video_audio.wav",
    "language": "en",
    "length_sec": 7.5,
    "vad_duration_sec": 7.453625,
    "total_segment_length_sec": 0.0,
    "word_count": -1,
    "tokens": [],
    "types": [],
    "mean_sentence_length_words": -1.0,
    "wpm": -1,
    "spm": -1,
    "average_ptr": -1,
    "transcript_text": "",
    "transcript": {
        "segments": [],
        "info": {
            "language": "en",
            "duration": 7.453625,
            "duration_after_vad": 7.453625,
            "language_probability": 0.7334082126617432,
            "all_language_probs": [
                [
                    "en",
                    0.7334082126617432
                ],
                [
                    "de",
                    0.035900797694921494
                ],
                [
                    "pt",
                    0.025019356980919838
                ],
                [
                    "ko",
                    0.023307261988520622
                ],
                [
                    "ja",
                    0.017784051597118378
                ],
                [
                    "cy",
                    0.01675720140337944
                ],
                [
                    "es",
                    0.012960449792444706
                ],
                [
                    "nl",
                    0.012284079566597939
                ],
                [
                    "fr",
                    0.010511861182749271
                ],
                [
                    "ru",
                    0.010149739682674408
                ],
                [
                    "haw",
                    0.007252876181155443
                ],
                [
                    "zh",
                    0.005695855710655451
                ],
                [
                    "pl",
                    0.005130493547767401
                ],
                [
                    "jw",
                    0.0048196944408118725
                ],
                [
                    "sn",
                    0.004758752882480621
                ],
                [
                    "hi",
                    0.004435327835381031
                ],
                [
                    "tr",
                    0.004402636084705591
                ],
                [
                    "it",
                    0.003933903761208057
                ],
                [
                    "el",
                    0.0036237759049981833
                ],
                [
                    "mi",
                    0.0035497446078807116
                ],
                [
                    "tl",
                    0.00337006151676178
                ],
                [
                    "ar",
                    0.003345638979226351
                ],
                [
                    "he",
                    0.0028507865499705076
                ],
                [
                    "km",
                    0.0028326103929430246
                ],
                [
                    "yo",
                    0.0027664601802825928
                ],
                [
                    "br",
                    0.0022639669477939606
                ],
                [
                    "la",
                    0.002144555328413844
                ],
                [
                    "nn",
                    0.0021311724558472633
                ],
                [
                    "da",
                    0.0019337210105732083
                ],
                [
                    "ta",
                    0.0018076930427923799
                ],
                [
                    "yi",
                    0.0016642991686239839
                ],
                [
                    "ur",
                    0.0015258404891937971
                ],
                [
                    "cs",
                    0.0014455689815804362
                ],
                [
                    "ro",
                    0.0013356329873204231
                ],
                [
                    "hr",
                    0.0011835179757326841
                ],
                [
                    "hu",
                    0.0011601900914683938
                ],
                [
                    "uk",
                    0.001151618198491633
                ],
                [
                    "ht",
                    0.0011492023477330804
                ],
                [
                    "te",
                    0.0010886817472055554
                ],
                [
                    "sv",
                    0.0010103542590513825
                ],
                [
                    "si",
                    0.000933246745262295
                ],
                [
                    "sl",
                    0.00090204639127478
                ],
                [
                    "sw",
                    0.0008798707276582718
                ],
                [
                    "ca",
                    0.0008534398511983454
                ],
                [
                    "bs",
                    0.0008437733631581068
                ],
                [
                    "vi",
                    0.0007379675516858697
                ],
                [
                    "eu",
                    0.0007358651491813362
                ],
                [
                    "sa",
                    0.0006267076241783798
                ],
                [
                    "ms",
                    0.0006014987011440098
                ],
                [
                    "th",
                    0.000584164634346962
                ],
                [
                    "fa",
                    0.0005172360106371343
                ],
                [
                    "lv",
                    0.0005116158281452954
                ],
                [
                    "my",
                    0.000501602771691978
                ],
                [
                    "af",
                    0.0004972386523149908
                ],
                [
                    "no",
                    0.0004751303931698203
                ],
                [
                    "bg",
                    0.00046637357445433736
                ],
                [
                    "bn",
                    0.00041488237911835313
                ],
                [
                    "id",
                    0.0004012263671029359
                ],
                [
                    "is",
                    0.000374350551282987
                ],
                [
                    "ne",
                    0.0003658477507997304
                ],
                [
                    "oc",
                    0.00035154607030563056
                ],
                [
                    "fi",
                    0.00030155424610711634
                ],
                [
                    "sk",
                    0.0002949292538687587
                ],
                [
                    "ml",
                    0.00027919132844544947
                ],
                [
                    "bo",
                    0.0002573391539044678
                ],
                [
                    "gl",
                    0.00025605634436942637
                ],
                [
                    "lt",
                    0.00024618676980026066
                ],
                [
                    "be",
                    0.00024347844009753317
                ],
                [
                    "mn",
                    0.00016095735190901905
                ],
                [
                    "pa",
