{
    "path": "/Users/cindyzhang/YouLingo/video_analysis/sampled_videos_subset/967_video.mp4",
    "audio_path": "video_analysis/sampled_audios_subset/967_video_audio.wav",
    "language": "sa",
    "length_sec": 15.0,
    "vad_duration_sec": 15.000125,
    "total_segment_length_sec": 0.0,
    "word_count": -1,
    "tokens": [],
    "types": [],
    "mean_sentence_length_words": -1.0,
    "wpm": -1,
    "spm": -1,
    "average_ptr": -1,
    "transcript_text": "",
    "transcript": {
        "segments": [],
        "info": {
            "language": "sa",
            "duration": 15.000125,
            "duration_after_vad": 15.000125,
            "language_probability": 0.24722455441951752,
            "all_language_probs": [
                [
                    "sa",
                    0.24722455441951752
                ],
                [
                    "en",
                    0.160302072763443
                ],
                [
                    "hi",
                    0.12591291964054108
                ],
                [
                    "pa",
                    0.12437409907579422
                ],
                [
                    "ta",
                    0.07946683466434479
                ],
                [
                    "ml",
                    0.07117269933223724
                ],
                [
                    "ur",
                    0.036769717931747437
                ],
                [
                    "te",
                    0.03191179782152176
                ],
                [
                    "kn",
                    0.016521206125617027
                ],
                [
                    "si",
                    0.014988199807703495
                ],
                [
                    "bn",
                    0.014116075821220875
                ],
                [
                    "gu",
                    0.009387152269482613
                ],
                [
                    "ja",
                    0.007073546759784222
                ],
                [
                    "la",
                    0.005991293583065271
                ],
                [
                    "fr",
                    0.005407216027379036
                ],
                [
                    "zh",
                    0.004237082786858082
                ],
                [
                    "jw",
                    0.003774672280997038
                ],
                [
                    "sd",
                    0.0035645379684865475
                ],
                [
                    "ne",
                    0.0033956244587898254
                ],
                [
                    "tr",
                    0.0032973443157970905
                ],
                [
                    "de",
                    0.0027816714718937874
                ],
                [
                    "bo",
                    0.0023111095651984215
                ],
                [
                    "mr",
                    0.002011463977396488
                ],
                [
                    "ar",
                    0.001965695060789585
                ],
                [
                    "cs",
                    0.0018827879102900624
                ],
                [
                    "es",
                    0.0018545571947470307
                ],
                [
                    "ru",
                    0.0015532482648268342
                ],
                [
                    "it",
                    0.0014668405055999756
                ],
                [
                    "nn",
                    0.0012649870477616787
                ],
                [
                    "ko",
                    0.0012162912171334028
                ],
                [
                    "pt",
                    0.0011831154115498066
                ],
                [
                    "fi",
                    0.001054471591487527
                ],
                [
                    "nl",
                    0.0007963798707351089
                ],
                [
                    "sr",
                    0.0006401640130206943
                ],
                [
                    "pl",
                    0.000522223359439522
                ],
                [
                    "haw",
                    0.0005170827498659492
                ],
                [
                    "no",
                    0.0005110583151690662
                ],
                [
                    "th",
                    0.0005108806653879583
                ],
                [
                    "km",
                    0.0004955659969709814
                ],
                [
                    "ms",
                    0.00044981070095673203
                ],
                [
                    "mi",
                    0.0004295479448046535
                ],
                [
                    "vi",
                    0.00039589530206285417
                ],
                [
                    "sv",
                    0.00036504503805190325
                ],
                [
                    "as",
                    0.00035267058410681784
                ],
                [
                    "my",
                    0.00033128249924629927
                ],
                [
                    "fa",
                    0.00031333728111349046
                ],
                [
                    "cy",
                    0.0002780838403850794
                ],
                [
                    "el",
                    0.00020992092322558165
                ],
                [
                    "lv",
                    0.00020546428277157247
                ],
                [
                    "bg",
                    0.0002019507810473442
                ],
                [
                    "da",
                    0.00020064729324076325
                ],
                [
                    "af",
                    0.000193469095393084
                ],
                [
                    "tl",
                    0.00017346866661682725
                ],
                [
                    "ps",
                    0.00016432722622994334
                ],
                [
                    "br",
                    0.00015729444567114115
                ],
                [
                    "bs",
                    0.00015580296167172492
                ],
                [
                    "sk",
                    0.00015273119788616896
                ],
                [
                    "he",
                    0.00015128502855077386
                ],
                [
                    "hu",
                    0.00015028748020995408
                ],
                [
                    "uk",
                    0.00011449390149209648
                ],
                [
                    "ro",
                    0.00011374383029760793
                ],
                [
                    "hr",
                    0.00010905192175414413
                ],
                [
                    "yi",
                    0.00010122028470505029
                ],
                [
                    "lt",
                    9.431894432054833e-05
                ],
                [
                    "eu",
                    9.378373943036422e-05
                ],
                [
                    "ca",
                    8.693589916219935e-05
                ],
                [
                    "id",
                    8.201459422707558e-05
                ],
                [
                    "kk",
                    5.828392750117928e-05
                ],
                [
                    "gl",
                    5.78908329771366e-05
                ],
                [
