{
    "path": "/Users/cindyzhang/YouLingo/video_analysis/sampled_videos_subset/96_video.mp4",
    "audio_path": "video_analysis/sampled_audios_subset/96_video_audio.wav",
    "language": "en",
    "length_sec": 12.63,
    "vad_duration_sec": 6.336,
    "total_segment_length_sec": 0.0,
    "word_count": -1,
    "tokens": [],
    "types": [],
    "mean_sentence_length_words": -1.0,
    "wpm": -1,
    "spm": -1,
    "average_ptr": -1,
    "transcript_text": "",
    "transcript": {
        "segments": [],
        "info": {
            "language": "en",
            "duration": 12.5634375,
            "duration_after_vad": 6.336,
            "language_probability": 0.7330025434494019,
            "all_language_probs": [
                [
                    "en",
                    0.7330025434494019
                ],
                [
                    "ja",
                    0.08811020851135254
                ],
                [
                    "ko",
                    0.05417023226618767
                ],
                [
                    "nn",
                    0.014845559373497963
                ],
                [
                    "ru",
                    0.01453372836112976
                ],
                [
                    "fr",
                    0.007964038290083408
                ],
                [
                    "zh",
                    0.00791974551975727
                ],
                [
                    "cy",
                    0.006699079647660255
                ],
                [
                    "pt",
                    0.006663944572210312
                ],
                [
                    "haw",
                    0.006316671147942543
                ],
                [
                    "es",
                    0.006221872754395008
                ],
                [
                    "la",
                    0.005887784995138645
                ],
                [
                    "de",
                    0.004542430862784386
                ],
                [
                    "km",
                    0.0044511454179883
                ],
                [
                    "th",
                    0.0043723685666918755
                ],
                [
                    "pl",
                    0.0038828023243695498
                ],
                [
                    "jw",
                    0.0038321535103023052
                ],
                [
                    "hi",
                    0.0022594232577830553
                ],
                [
                    "it",
                    0.0017473677871748805
                ],
                [
                    "vi",
                    0.0015286243287846446
                ],
                [
                    "nl",
                    0.0014495155774056911
                ],
                [
                    "tr",
                    0.0013983608223497868
                ],
                [
                    "mi",
                    0.0013754555257037282
                ],
                [
                    "ms",
                    0.0010193035705015063
                ],
                [
                    "tl",
                    0.000988694024272263
                ],
                [
                    "br",
                    0.0009387487662024796
                ],
                [
                    "hu",
                    0.0009187174728140235
                ],
                [
                    "te",
                    0.0008356398320756853
                ],
                [
                    "ar",
                    0.0007995326886884868
                ],
                [
                    "cs",
                    0.0007872008718550205
                ],
                [
                    "sn",
                    0.0007065985701046884
                ],
                [
                    "ro",
                    0.0006226576515473425
                ],
                [
                    "ta",
                    0.0006151634734123945
                ],
                [
                    "id",
                    0.0005803907406516373
                ],
                [
                    "el",
                    0.0005603868630714715
                ],
                [
                    "eu",
                    0.000515736814122647
                ],
                [
                    "ur",
                    0.000485842814669013
                ],
                [
                    "uk",
                    0.0004804193740710616
                ],
                [
                    "da",
                    0.00040998816257342696
                ],
                [
                    "my",
                    0.0003852786321658641
                ],
                [
                    "si",
                    0.00033705701935105026
                ],
                [
                    "fi",
                    0.00032320464379154146
                ],
                [
                    "yo",
                    0.00031019418383948505
                ],
                [
                    "he",
                    0.00030255375895649195
                ],
                [
                    "sa",
                    0.000260506640188396
                ],
                [
                    "hr",
                    0.000257876148680225
                ],
                [
                    "sv",
                    0.00021293264580890536
                ],
                [
                    "mn",
                    0.0002041873667621985
                ],
                [
                    "fa",
                    0.0002010284661082551
                ],
                [
                    "bn",
                    0.00019891353440470994
                ],
                [
                    "yi",
                    0.00019470210827421397
                ],
                [
                    "no",
                    0.00016269971092697233
                ],
                [
                    "ca",
                    0.0001561090612085536
                ],
                [
                    "bg",
                    0.00015329798043239862
                ],
                [
                    "ml",
                    0.00015244279347825795
                ],
                [
                    "ht",
                    0.00014255977293942124
                ],
                [
                    "bs",
                    0.00013922576908953488
                ],
                [
                    "bo",
                    0.00011926830484298989
                ],
                [
                    "sl",
                    0.0001149032759713009
                ],
                [
                    "sk",
                    0.00011311809794278815
                ],
                [
                    "is",
                    0.00010751045920187607
                ],
                [
                    "be",
                    9.069206134881824e-05
                ],
                [
                    "gl",
                    8.837473433231935e-05
                ],
                [
                    "ne",
                    8.801424701232463e-05
                ],
                [
                    "af",
                    8.364240056835115e-05
                ],
                [
                    "fo",
                    7.034494774416089e-05
                ],
                [
                    "lv",
                    6.809033948229626e-05
                ],
                [
                    "oc",
                    6.525405478896573e-05
                ],
                [
                    "hy",
                    5.941874042036943e-05
                ],
                [
