{
    "path": "/Users/cindyzhang/YouLingo/video_analysis/sampled_videos_subset/975_video.mp4",
    "audio_path": "video_analysis/sampled_audios_subset/975_video_audio.wav",
    "language": "en",
    "length_sec": 14.05,
    "vad_duration_sec": 14.0495,
    "total_segment_length_sec": 0.0,
    "word_count": -1,
    "tokens": [],
    "types": [],
    "mean_sentence_length_words": -1.0,
    "wpm": -1,
    "spm": -1,
    "average_ptr": -1,
    "transcript_text": "",
    "transcript": {
        "segments": [],
        "info": {
            "language": "en",
            "duration": 14.0495,
            "duration_after_vad": 14.0495,
            "language_probability": 0.8242284655570984,
            "all_language_probs": [
                [
                    "en",
                    0.8242284655570984
                ],
                [
                    "ko",
                    0.06590982526540756
                ],
                [
                    "ja",
                    0.017627445980906487
                ],
                [
                    "nn",
                    0.011793922632932663
                ],
                [
                    "fr",
                    0.00862495694309473
                ],
                [
                    "zh",
                    0.0074290260672569275
                ],
                [
                    "pt",
                    0.0073130265809595585
                ],
                [
                    "haw",
                    0.006955508608371019
                ],
                [
                    "de",
                    0.00588960200548172
                ],
                [
                    "ru",
                    0.004743833094835281
                ],
                [
                    "es",
                    0.0038974436465650797
                ],
                [
                    "tr",
                    0.002957938238978386
                ],
                [
                    "jw",
                    0.0029410161077976227
                ],
                [
                    "cy",
                    0.0026991935446858406
                ],
                [
                    "la",
                    0.0024378786329180002
                ],
                [
                    "it",
                    0.002229857724159956
                ],
                [
                    "km",
                    0.0017295806901529431
                ],
                [
                    "nl",
                    0.0016766979824751616
                ],
                [
                    "pl",
                    0.001663251779973507
                ],
                [
                    "th",
                    0.001639287220314145
                ],
                [
                    "ms",
                    0.0015368516324087977
                ],
                [
                    "hi",
                    0.0012684124521911144
                ],
                [
                    "ar",
                    0.0011494953650981188
                ],
                [
                    "tl",
                    0.0009224878158420324
                ],
                [
                    "vi",
                    0.0008927792077884078
                ],
                [
                    "mi",
                    0.0008865753188729286
                ],
                [
                    "hu",
                    0.0007719628629274666
                ],
                [
                    "id",
                    0.0007103724055923522
                ],
                [
                    "ur",
                    0.00047823955537751317
                ],
                [
                    "da",
                    0.000477531342767179
                ],
                [
                    "el",
                    0.00047705249744467437
                ],
                [
                    "sn",
                    0.00047586788423359394
                ],
                [
                    "sv",
                    0.0004735897236969322
                ],
                [
                    "br",
                    0.000467225763713941
                ],
                [
                    "ta",
                    0.000382977508706972
                ],
                [
                    "fi",
                    0.0002989722997881472
                ],
                [
                    "te",
                    0.0002882705884985626
                ],
                [
                    "cs",
                    0.0002605803310871124
                ],
                [
                    "ro",
                    0.00025937537429854274
                ],
                [
                    "si",
                    0.00025775382528081536
                ],
                [
                    "yo",
                    0.00023726698418613523
                ],
                [
                    "ml",
                    0.0001794864801922813
                ],
                [
                    "uk",
                    0.0001761722523951903
                ],
                [
                    "my",
                    0.00015511424862779677
                ],
                [
                    "ht",
                    0.00015458615962415934
                ],
                [
                    "fa",
                    0.00013769662473350763
                ],
                [
                    "no",
                    0.00013634064816869795
                ],
                [
                    "he",
                    0.00012466918269637972
                ],
                [
                    "hr",
                    0.0001035605018842034
                ],
                [
                    "eu",
                    0.0001034013184835203
                ],
                [
                    "bn",
                    9.526865324005485e-05
                ],
                [
                    "fo",
                    9.421165304956958e-05
                ],
                [
                    "yi",
                    8.530182094546035e-05
                ],
                [
                    "sa",
                    7.89789846749045e-05
                ],
                [
                    "sl",
                    7.705266762059182e-05
                ],
                [
                    "mn",
                    7.465039379894733e-05
                ],
                [
                    "ca",
                    7.16916547389701e-05
                ],
                [
                    "bo",
                    6.645555549766868e-05
                ],
                [
                    "is",
                    6.434136594180018e-05
                ],
                [
                    "af",
                    6.183077493915334e-05
                ],
                [
                    "bs",
                    5.887787483516149e-05
                ],
                [
                    "ne",
                    5.422568574431352e-05
                ],
                [
                    "gl",
                    5.34140708623454e-05
                ],
                [
                    "sw",
                    4.7025547246448696e-05
                ],
                [
                    "bg",
                    4.65002485725563e-05
                ],
                [
                    "lv",
                    4.088394416612573e-05
                ],
                [
                    "sk",
                    3.277116047684103e-05
                ],
                [
                    "oc",
                    3.211509465472773e-05
                ],
                [
                    "be",
                    3.211040893802419e-05
                ],
                [
