{
    "path": "/Users/cindyzhang/YouLingo/video_analysis/sampled_videos_subset/9_video.mp4",
    "audio_path": "video_analysis/sampled_audios_subset/9_video_audio.wav",
    "language": "en",
    "length_sec": 15.07,
    "vad_duration_sec": 0.992,
    "total_segment_length_sec": 0.0,
    "word_count": -1,
    "tokens": [],
    "types": [],
    "mean_sentence_length_words": -1.0,
    "wpm": -1,
    "spm": -1,
    "average_ptr": -1,
    "transcript_text": "",
    "transcript": {
        "segments": [],
        "info": {
            "language": "en",
            "duration": 15.0465625,
            "duration_after_vad": 0.992,
            "language_probability": 0.4689655900001526,
            "all_language_probs": [
                [
                    "en",
                    0.4689655900001526
                ],
                [
                    "nn",
                    0.06505043059587479
                ],
                [
                    "ja",
                    0.055522747337818146
                ],
                [
                    "ko",
                    0.05286414176225662
                ],
                [
                    "jw",
                    0.03961505740880966
                ],
                [
                    "ru",
                    0.039359282702207565
                ],
                [
                    "es",
                    0.025140907615423203
                ],
                [
                    "la",
                    0.020755646750330925
                ],
                [
                    "zh",
                    0.01785670593380928
                ],
                [
                    "pt",
                    0.01783883385360241
                ],
                [
                    "fr",
                    0.015549753792583942
                ],
                [
                    "hi",
                    0.014694283716380596
                ],
                [
                    "haw",
                    0.014374754391610622
                ],
                [
                    "cy",
                    0.010415147989988327
                ],
                [
                    "it",
                    0.010381164029240608
                ],
                [
                    "de",
                    0.00965218897908926
                ],
                [
                    "tr",
                    0.008764221332967281
                ],
                [
                    "nl",
                    0.008489626459777355
                ],
                [
                    "km",
                    0.007375676184892654
                ],
                [
                    "pl",
                    0.007308158092200756
                ],
                [
                    "ar",
                    0.006641569081693888
                ],
                [
                    "ms",
                    0.006035820581018925
                ],
                [
                    "te",
                    0.00602392852306366
                ],
                [
                    "th",
                    0.00579681433737278
                ],
                [
                    "id",
                    0.004576644394546747
                ],
                [
                    "vi",
                    0.004440021235495806
                ],
                [
                    "ro",
                    0.004384926054626703
                ],
                [
                    "el",
                    0.003408336779102683
                ],
                [
                    "ta",
                    0.0033446901943534613
                ],
                [
                    "tl",
                    0.0030666328966617584
                ],
                [
                    "ml",
                    0.003042417112737894
                ],
                [
                    "uk",
                    0.0029974719509482384
                ],
                [
                    "sv",
                    0.002541045658290386
                ],
                [
                    "hu",
                    0.0025217928923666477
                ],
                [
                    "fi",
                    0.0024384153075516224
                ],
                [
                    "br",
                    0.0023730231914669275
                ],
                [
                    "sa",
                    0.0022734382655471563
                ],
                [
                    "cs",
                    0.0021845519077032804
                ],
                [
                    "sn",
                    0.0020708441734313965
                ],
                [
                    "ur",
                    0.0020242626778781414
                ],
                [
                    "si",
                    0.0017418941715732217
                ],
                [
                    "mi",
                    0.0015972999390214682
                ],
                [
                    "fa",
                    0.0009115916327573359
                ],
                [
                    "no",
                    0.0008747424581088126
                ],
                [
                    "he",
                    0.0008667312213219702
                ],
                [
                    "bg",
                    0.0008348538540303707
                ],
                [
                    "ca",
                    0.0008106313762255013
                ],
                [
                    "gl",
                    0.0007632820052094758
                ],
                [
                    "hr",
                    0.0007302699377760291
                ],
                [
                    "bn",
                    0.0006375866360031068
                ],
                [
                    "da",
                    0.0006193891167640686
                ],
                [
                    "sl",
                    0.0006079776212573051
                ],
                [
                    "yo",
                    0.0005907891318202019
                ],
                [
                    "sk",
                    0.0005702193011529744
                ],
                [
                    "mn",
                    0.0005601015873253345
                ],
                [
                    "fo",
                    0.0004437830939423293
                ],
                [
                    "my",
                    0.00035619441769085824
                ],
                [
                    "eu",
                    0.0002813118335325271
                ],
                [
                    "be",
                    0.00027101655723527074
                ],
                [
                    "oc",
                    0.0002630507806316018
                ],
                [
                    "sw",
                    0.0002571342047303915
                ],
                [
                    "bs",
                    0.0002479266549926251
                ],
                [
                    "hy",
                    0.0002296274178661406
                ],
                [
                    "yi",
                    0.00021991452376823872
                ],
                [
                    "ne",
                    0.00019550380238797516
                ],
                [
                    "lv",
                    0.00019024158245883882
                ],
                [
                    "bo",
                    0.00018562670447863638
                ],
                [
                    "af",
                    0.00017530373588670045
                ],
                [
                    "is",
                    0.00016601334209553897
                ],
                [
                    "ht",
