{
    "path": "/Users/cindyzhang/YouLingo/video_analysis/sampled_videos_subset/109_video.mp4",
    "audio_path": "video_analysis/sampled_audios_subset/109_video_audio.wav",
    "language": "en",
    "length_sec": 13.98,
    "vad_duration_sec": 2.048,
    "total_segment_length_sec": 0.0,
    "word_count": -1,
    "tokens": [],
    "types": [],
    "mean_sentence_length_words": -1.0,
    "wpm": -1,
    "spm": -1,
    "average_ptr": -1,
    "transcript_text": "",
    "transcript": {
        "segments": [],
        "info": {
            "language": "en",
            "duration": 14.0030625,
            "duration_after_vad": 2.048,
            "language_probability": 0.5410601496696472,
            "all_language_probs": [
                [
                    "en",
                    0.5410601496696472
                ],
                [
                    "ko",
                    0.06334667652845383
                ],
                [
                    "zh",
                    0.06073358282446861
                ],
                [
                    "ja",
                    0.046960245817899704
                ],
                [
                    "fr",
                    0.04341990128159523
                ],
                [
                    "pt",
                    0.023488912731409073
                ],
                [
                    "th",
                    0.02282419241964817
                ],
                [
                    "de",
                    0.020635124295949936
                ],
                [
                    "ar",
                    0.017239220440387726
                ],
                [
                    "ru",
                    0.015423396602272987
                ],
                [
                    "vi",
                    0.014288940466940403
                ],
                [
                    "es",
                    0.01098925806581974
                ],
                [
                    "nl",
                    0.010937629267573357
                ],
                [
                    "hi",
                    0.00998289231210947
                ],
                [
                    "tl",
                    0.00798958819359541
                ],
                [
                    "km",
                    0.007153199519962072
                ],
                [
                    "nn",
                    0.006500137038528919
                ],
                [
                    "tr",
                    0.006385669577866793
                ],
                [
                    "ro",
                    0.005584231577813625
                ],
                [
                    "pl",
                    0.004918816965073347
                ],
                [
                    "cy",
                    0.004636944737285376
                ],
                [
                    "it",
                    0.00457821786403656
                ],
                [
                    "ms",
                    0.0036702491343021393
                ],
                [
                    "el",
                    0.003289472544565797
                ],
                [
                    "hu",
                    0.0032028425484895706
                ],
                [
                    "sv",
                    0.003174367593601346
                ],
                [
                    "la",
                    0.002594958059489727
                ],
                [
                    "jw",
                    0.0025278402026742697
                ],
                [
                    "id",
                    0.0021760796662420034
                ],
                [
                    "uk",
                    0.0020265872590243816
                ],
                [
                    "ur",
                    0.002021313877776265
                ],
                [
                    "ta",
                    0.0018336961511522532
                ],
                [
                    "he",
                    0.0017878481885418296
                ],
                [
                    "haw",
                    0.0016072281869128346
                ],
                [
                    "si",
                    0.0015668856212869287
                ],
                [
                    "da",
                    0.0015404410660266876
                ],
                [
                    "ca",
                    0.0014255382120609283
                ],
                [
                    "no",
                    0.0013935663737356663
                ],
                [
                    "te",
                    0.001183801330626011
                ],
                [
                    "cs",
                    0.001077778055332601
                ],
                [
                    "bg",
                    0.001067716395482421
                ],
                [
                    "my",
                    0.0007554409094154835
                ],
                [
                    "sn",
                    0.0007384128402918577
                ],
                [
                    "sl",
                    0.0007272005314007401
                ],
                [
                    "mi",
                    0.0007096574991010129
                ],
                [
                    "fi",
                    0.0006121961050666869
                ],
                [
                    "yo",
                    0.0005713237333111465
                ],
                [
                    "hr",
                    0.0005449862801469862
                ],
                [
                    "fa",
                    0.000486063479911536
                ],
                [
                    "sa",
                    0.0004626061418093741
                ],
                [
                    "ht",
                    0.00040935605647973716
                ],
                [
                    "ml",
                    0.00039416810614056885
                ],
                [
                    "br",
                    0.000351765746017918
                ],
                [
                    "bs",
                    0.0002988175838254392
                ],
                [
                    "bo",
                    0.00028046133229508996
                ],
                [
                    "eu",
                    0.00027083736495114863
                ],
                [
                    "yi",
                    0.00026154800434596837
                ],
                [
                    "lv",
                    0.00025115913012996316
                ],
                [
                    "is",
                    0.0002492553321644664
                ],
                [
                    "lt",
                    0.0002405947889201343
                ],
                [
                    "af",
                    0.00023467393475584686
                ],
                [
                    "bn",
                    0.00020130188204348087
                ],
                [
                    "sw",
                    0.0001947413111338392
                ],
                [
                    "kk",
                    0.00019065804372075945
                ],
                [
                    "oc",
                    0.0001865638478193432
                ],
                [
                    "sk",
                    0.00016580676310695708
                ],
                [
                    "gl",
                    0.00015907736087683588
                ],
                [
                    "ne",
                    0.00014955112419556826
                ],
                [
                    "lo",
                    0.00014755810843780637
                ],
                [
                    "mn",
