{
    "path": "/Users/cindyzhang/YouLingo/video_analysis/sampled_videos_subset/110_video.mp4",
    "audio_path": "video_analysis/sampled_audios_subset/110_video_audio.wav",
    "language": "ru",
    "length_sec": 14.98,
    "vad_duration_sec": 1.968,
    "total_segment_length_sec": 2.0,
    "word_count": -1,
    "tokens": [],
    "types": [],
    "mean_sentence_length_words": -1.0,
    "wpm": -1,
    "spm": -1,
    "average_ptr": -1,
    "transcript_text": " Читата, пока тоже!",
    "transcript": {
        "segments": [
            {
                "id": 1,
                "start": 0.0,
                "end": 2.0,
                "text": " Читата, пока тоже!",
                "no_speech_prob": 0.24166877567768097,
                "avg_logprob": -1.0016776084899903,
                "compression_ratio": 0.8421052631578947,
                "temperature": 1.0
            }
        ],
        "info": {
            "language": "ru",
            "duration": 14.976875,
            "duration_after_vad": 1.968,
            "language_probability": 0.4895266592502594,
            "all_language_probs": [
                [
                    "ru",
                    0.4895266592502594
                ],
                [
                    "en",
                    0.10468577593564987
                ],
                [
                    "pt",
                    0.05918622761964798
                ],
                [
                    "el",
                    0.048076413571834564
                ],
                [
                    "es",
                    0.04364197701215744
                ],
                [
                    "ja",
                    0.029611563310027122
                ],
                [
                    "pl",
                    0.029061568900942802
                ],
                [
                    "fr",
                    0.015220863744616508
                ],
                [
                    "fi",
                    0.014798574149608612
                ],
                [
                    "uk",
                    0.01276923157274723
                ],
                [
                    "it",
                    0.01151185017079115
                ],
                [
                    "la",
                    0.011131299659609795
                ],
                [
                    "ro",
                    0.010969075374305248
                ],
                [
                    "ca",
                    0.009724867530167103
                ],
                [
                    "nn",
                    0.009548747912049294
                ],
                [
                    "jw",
                    0.007836203090846539
                ],
                [
                    "ko",
                    0.007028722669929266
                ],
                [
                    "hr",
                    0.0068688890896737576
                ],
                [
                    "zh",
                    0.005013433750718832
                ],
                [
                    "cs",
                    0.004761167336255312
                ],
                [
                    "de",
                    0.004655153024941683
                ],
                [
                    "hi",
                    0.0043393406085669994
                ],
                [
                    "nl",
                    0.004212415777146816
                ],
                [
                    "sk",
                    0.003135827835649252
                ],
                [
                    "he",
                    0.0029200210701674223
                ],
                [
                    "hu",
                    0.002803420415148139
                ],
                [
                    "lt",
                    0.0026888414286077023
                ],
                [
                    "bg",
                    0.002485116943717003
                ],
                [
                    "cy",
                    0.0023480330128222704
                ],
                [
                    "gl",
                    0.0023389370180666447
                ],
                [
                    "tl",
                    0.002322539919987321
                ],
                [
                    "tr",
                    0.0021144526544958353
                ],
                [
                    "ar",
                    0.0019472693093121052
                ],
                [
                    "eu",
                    0.0018244641833007336
                ],
                [
                    "te",
                    0.001702534849755466
                ],
                [
                    "lv",
                    0.0017005145782604814
                ],
                [
                    "be",
                    0.0016994380857795477
                ],
                [
                    "bs",
                    0.001604654360562563
                ],
                [
                    "sl",
                    0.0015020633582025766
                ],
                [
                    "br",
                    0.001474403659813106
                ],
                [
                    "km",
                    0.0014378898777067661
                ],
                [
                    "sv",
                    0.0014339296612888575
                ],
                [
                    "ms",
                    0.0012134985299780965
                ],
                [
                    "ta",
                    0.0011566999601200223
                ],
                [
                    "id",
                    0.0011502867564558983
                ],
                [
                    "haw",
                    0.001129210228100419
                ],
                [
                    "sn",
                    0.0010182077530771494
                ],
                [
                    "mi",
                    0.0008510940824635327
                ],
                [
                    "sa",
                    0.0007397262379527092
                ],
                [
                    "sr",
                    0.0005872650071978569
                ],
                [
                    "oc",
                    0.0005640580784529448
                ],
                [
                    "da",
                    0.0005357697955332696
                ],
                [
                    "ur",
                    0.0005088308244012296
                ],
                [
                    "et",
                    0.00046327782911248505
                ],
                [
                    "is",
                    0.0004496001929510385
                ],
                [
                    "vi",
                    0.0004351100651547313
                ],
                [
                    "bn",
                    0.0003894974652212113
                ],
                [
                    "af",
                    0.0003726356662809849
                ],
                [
                    "yo",
                    0.0003532418922986835
                ],
                [
                    "yi",
                    0.00034017005236819386
                ],
                [
                    "no",
                    0.00032826498500071466
                ],
                [
                    "ka",
                    0.00028116939938627183
                ],
                [
                    "sq",
                    0.00025477781309746206
                ],
                [
                    "sw",
                    0.00024029599444475025
                ],
                [
                    "mn",
                    0.00022500073828268796
                ],
                [
                    "fa",
                    0.00021264066162984818
