{
    "path": "/Users/cindyzhang/YouLingo/video_analysis/sampled_videos_subset/117_video.mp4",
    "audio_path": "video_analysis/sampled_audios_subset/117_video_audio.wav",
    "language": "en",
    "length_sec": 15.2,
    "vad_duration_sec": 0.832,
    "total_segment_length_sec": 0.0,
    "word_count": -1,
    "tokens": [],
    "types": [],
    "mean_sentence_length_words": -1.0,
    "wpm": -1,
    "spm": -1,
    "average_ptr": -1,
    "transcript_text": "",
    "transcript": {
        "segments": [],
        "info": {
            "language": "en",
            "duration": 15.185875,
            "duration_after_vad": 0.832,
            "language_probability": 0.1950443834066391,
            "all_language_probs": [
                [
                    "en",
                    0.1950443834066391
                ],
                [
                    "km",
                    0.18495813012123108
                ],
                [
                    "si",
                    0.08012395352125168
                ],
                [
                    "ko",
                    0.07014850527048111
                ],
                [
                    "nn",
                    0.06616145372390747
                ],
                [
                    "ja",
                    0.057963188737630844
                ],
                [
                    "jw",
                    0.054630883038043976
                ],
                [
                    "sn",
                    0.04774770140647888
                ],
                [
                    "pt",
                    0.024948328733444214
                ],
                [
                    "es",
                    0.018661802634596825
                ],
                [
                    "te",
                    0.017777487635612488
                ],
                [
                    "zh",
                    0.01601848006248474
                ],
                [
                    "fr",
                    0.013592775911092758
                ],
                [
                    "th",
                    0.012491348199546337
                ],
                [
                    "de",
                    0.00944871362298727
                ],
                [
                    "hi",
                    0.008218647912144661
                ],
                [
                    "ru",
                    0.0073621259070932865
                ],
                [
                    "tr",
                    0.007193544413894415
                ],
                [
                    "it",
                    0.007047650404274464
                ],
                [
                    "ro",
                    0.0062667266465723515
                ],
                [
                    "vi",
                    0.006224351469427347
                ],
                [
                    "cy",
                    0.006138851400464773
                ],
                [
                    "la",
                    0.005199308507144451
                ],
                [
                    "sv",
                    0.0049275802448391914
                ],
                [
                    "haw",
                    0.004873340949416161
                ],
                [
                    "ar",
                    0.00477563077583909
                ],
                [
                    "id",
                    0.004651660565286875
                ],
                [
                    "tl",
                    0.00453132065013051
                ],
                [
                    "pl",
                    0.0044516767375171185
                ],
                [
                    "sa",
                    0.003786361776292324
                ],
                [
                    "yo",
                    0.0031868857331573963
                ],
                [
                    "br",
                    0.0031719375401735306
                ],
                [
                    "nl",
                    0.0030787289142608643
                ],
                [
                    "el",
                    0.0030724608805030584
                ],
                [
                    "ta",
                    0.002717207418754697
                ],
                [
                    "ml",
                    0.0026545568834990263
                ],
                [
                    "uk",
                    0.002270106226205826
                ],
                [
                    "hu",
                    0.002251578727737069
                ],
                [
                    "ms",
                    0.0017225504852831364
                ],
                [
                    "mi",
                    0.0014488751767203212
                ],
                [
                    "bg",
                    0.0014245548518374562
                ],
                [
                    "bn",
                    0.0013719885610044003
                ],
                [
                    "lo",
                    0.0012922689784318209
                ],
                [
                    "da",
                    0.0012823812430724502
                ],
                [
                    "fi",
                    0.0010675570229068398
                ],
                [
                    "fa",
                    0.0010143310064449906
                ],
                [
                    "hy",
                    0.0009773861384019256
                ],
                [
                    "my",
                    0.0008945243898779154
                ],
                [
                    "ur",
                    0.0008903200505301356
                ],
                [
                    "cs",
                    0.0008859710651449859
                ],
                [
                    "no",
                    0.0007968293502926826
                ],
                [
                    "ca",
                    0.0006683609099127352
                ],
                [
                    "he",
                    0.0006167213432490826
                ],
                [
                    "sw",
                    0.0005701021291315556
                ],
                [
                    "hr",
                    0.0005221323226578534
                ],
                [
                    "gl",
                    0.0004844728682655841
                ],
                [
                    "sl",
                    0.00037086461088620126
                ],
                [
                    "oc",
                    0.00034336402313783765
                ],
                [
                    "ps",
                    0.0003007047635037452
                ],
                [
                    "ht",
                    0.0002828419383149594
                ],
                [
                    "mn",
                    0.00023363620857708156
                ],
                [
                    "be",
                    0.0002312667784281075
                ],
                [
                    "eu",
                    0.00022975433967076242
                ],
                [
                    "yi",
                    0.00022212695330381393
                ],
                [
                    "is",
                    0.00019711580534931272
                ],
                [
                    "sk",
                    0.0001921400980791077
                ],
                [
                    "fo",
                    0.00017042705439962447
                ],
                [
                    "bo",
                    0.00012805961887352169
                ],
                [
                    "lt",
                    0.0001261047291336581
                ],
                [
                    "bs",
