{
    "path": "/Users/cindyzhang/YouLingo/video_analysis/sampled_videos_subset/119_video.mp4",
    "audio_path": "video_analysis/sampled_audios_subset/119_video_audio.wav",
    "language": "en",
    "length_sec": 18.27,
    "vad_duration_sec": 8.048,
    "total_segment_length_sec": 0.0,
    "word_count": -1,
    "tokens": [],
    "types": [],
    "mean_sentence_length_words": -1.0,
    "wpm": -1,
    "spm": -1,
    "average_ptr": -1,
    "transcript_text": "",
    "transcript": {
        "segments": [],
        "info": {
            "language": "en",
            "duration": 18.250875,
            "duration_after_vad": 8.048,
            "language_probability": 0.4337660074234009,
            "all_language_probs": [
                [
                    "en",
                    0.4337660074234009
                ],
                [
                    "es",
                    0.10163924098014832
                ],
                [
                    "pt",
                    0.0793008878827095
                ],
                [
                    "km",
                    0.039251770824193954
                ],
                [
                    "fr",
                    0.0384991429746151
                ],
                [
                    "ru",
                    0.03380243480205536
                ],
                [
                    "ja",
                    0.031994834542274475
                ],
                [
                    "it",
                    0.022726995870471
                ],
                [
                    "jw",
                    0.01871243119239807
                ],
                [
                    "pl",
                    0.01426730677485466
                ],
                [
                    "el",
                    0.012764530256390572
                ],
                [
                    "de",
                    0.012465046718716621
                ],
                [
                    "tl",
                    0.011985712684690952
                ],
                [
                    "nl",
                    0.010632118210196495
                ],
                [
                    "nn",
                    0.009405110031366348
                ],
                [
                    "ko",
                    0.00937142688781023
                ],
                [
                    "hi",
                    0.008754011243581772
                ],
                [
                    "ro",
                    0.006969888228923082
                ],
                [
                    "sn",
                    0.00676016416400671
                ],
                [
                    "fi",
                    0.006612911354750395
                ],
                [
                    "la",
                    0.006257379427552223
                ],
                [
                    "ar",
                    0.005046040751039982
                ],
                [
                    "cs",
                    0.0044408380053937435
                ],
                [
                    "hu",
                    0.0038100560195744038
                ],
                [
                    "hr",
                    0.0035903288517147303
                ],
                [
                    "ca",
                    0.003491750219836831
                ],
                [
                    "vi",
                    0.003422181587666273
                ],
                [
                    "zh",
                    0.003273431910201907
                ],
                [
                    "he",
                    0.0026952321641147137
                ],
                [
                    "yo",
                    0.002689084503799677
                ],
                [
                    "haw",
                    0.0025947531685233116
                ],
                [
                    "cy",
                    0.002578317653387785
                ],
                [
                    "si",
                    0.002260762732475996
                ],
                [
                    "gl",
                    0.002249843906611204
                ],
                [
                    "eu",
                    0.0022128308191895485
                ],
                [
                    "uk",
                    0.0021366055589169264
                ],
                [
                    "ta",
                    0.0020900422241538763
                ],
                [
                    "te",
                    0.0020507914014160633
                ],
                [
                    "br",
                    0.0019826798234134912
                ],
                [
                    "tr",
                    0.0017401421209797263
                ],
                [
                    "bg",
                    0.0017225847113877535
                ],
                [
                    "sv",
                    0.0016983523964881897
                ],
                [
                    "mi",
                    0.00167118723038584
                ],
                [
                    "th",
                    0.0016512952279299498
                ],
                [
                    "id",
                    0.0016294668894261122
                ],
                [
                    "sk",
                    0.001487628323957324
                ],
                [
                    "ur",
                    0.0014190190704539418
                ],
                [
                    "bs",
                    0.001295145251788199
                ],
                [
                    "ms",
                    0.0011358129559084773
                ],
                [
                    "bn",
                    0.0010646611917763948
                ],
                [
                    "sa",
                    0.0009770173346623778
                ],
                [
                    "ht",
                    0.0008906000875867903
                ],
                [
                    "lt",
                    0.0008848837460391223
                ],
                [
                    "da",
                    0.0008704412030056119
                ],
                [
                    "sw",
                    0.0008514901855960488
                ],
                [
                    "lv",
                    0.0008087389287538826
                ],
                [
                    "sl",
                    0.0007995837368071079
                ],
                [
                    "oc",
                    0.000778149114921689
                ],
                [
                    "yi",
                    0.0006610222044400871
                ],
                [
                    "ne",
                    0.0006304134731180966
                ],
                [
                    "is",
                    0.0005012163310311735
                ],
                [
                    "my",
                    0.0004877387546002865
                ],
                [
                    "no",
                    0.00048258790047839284
                ],
                [
                    "af",
                    0.00048123628948815167
                ],
                [
                    "ml",
                    0.0004621359403245151
                ],
                [
                    "fa",
                    0.00039508234476670623
                ],
                [
                    "et",
                    0.00033880857517942786
                ],
                [
                    "sd",
                    0.0003120853507425636
                ],
                [
                    "mn",
                    0.0002583941095508635
                ],
                [
                    "be",
