{
    "path": "/Users/cindyzhang/YouLingo/video_analysis/sampled_videos_subset/11_video.mp4",
    "audio_path": "video_analysis/sampled_audios_subset/11_video_audio.wav",
    "language": "en",
    "length_sec": 32.87,
    "vad_duration_sec": 1.136,
    "total_segment_length_sec": 0.0,
    "word_count": -1,
    "tokens": [],
    "types": [],
    "mean_sentence_length_words": -1.0,
    "wpm": -1,
    "spm": -1,
    "average_ptr": -1,
    "transcript_text": "",
    "transcript": {
        "segments": [],
        "info": {
            "language": "en",
            "duration": 32.857625,
            "duration_after_vad": 1.136,
            "language_probability": 0.5754148364067078,
            "all_language_probs": [
                [
                    "en",
                    0.5754148364067078
                ],
                [
                    "nn",
                    0.04744235426187515
                ],
                [
                    "ja",
                    0.036093819886446
                ],
                [
                    "jw",
                    0.03246070444583893
                ],
                [
                    "la",
                    0.030809298157691956
                ],
                [
                    "es",
                    0.02482272870838642
                ],
                [
                    "ko",
                    0.02440251223742962
                ],
                [
                    "ru",
                    0.018681330606341362
                ],
                [
                    "fr",
                    0.01695040799677372
                ],
                [
                    "haw",
                    0.014444228261709213
                ],
                [
                    "pt",
                    0.012877101078629494
                ],
                [
                    "zh",
                    0.012158422730863094
                ],
                [
                    "cy",
                    0.012044159695506096
                ],
                [
                    "km",
                    0.012026725336909294
                ],
                [
                    "de",
                    0.011901140213012695
                ],
                [
                    "hi",
                    0.011161197908222675
                ],
                [
                    "nl",
                    0.01107638981193304
                ],
                [
                    "it",
                    0.008279922418296337
                ],
                [
                    "tr",
                    0.007547321263700724
                ],
                [
                    "pl",
                    0.007205427624285221
                ],
                [
                    "si",
                    0.004548382014036179
                ],
                [
                    "sa",
                    0.004175323061645031
                ],
                [
                    "te",
                    0.003904114942997694
                ],
                [
                    "br",
                    0.0038824835792183876
                ],
                [
                    "fi",
                    0.003769051283597946
                ],
                [
                    "ar",
                    0.003120445879176259
                ],
                [
                    "th",
                    0.003021291457116604
                ],
                [
                    "ms",
                    0.002896318444982171
                ],
                [
                    "ro",
                    0.0026384915690869093
                ],
                [
                    "ta",
                    0.002371380105614662
                ],
                [
                    "sv",
                    0.002313036471605301
                ],
                [
                    "vi",
                    0.0022732685320079327
                ],
                [
                    "ml",
                    0.002127052051946521
                ],
                [
                    "hu",
                    0.0020952399354428053
                ],
                [
                    "sn",
                    0.0020389810670167208
                ],
                [
                    "id",
                    0.0019589734729379416
                ],
                [
                    "uk",
                    0.0017472866456955671
                ],
                [
                    "el",
                    0.001726946560665965
                ],
                [
                    "ur",
                    0.0016266098245978355
                ],
                [
                    "cs",
                    0.0015629250556230545
                ],
                [
                    "tl",
                    0.001275436719879508
                ],
                [
                    "bg",
                    0.0011409228900447488
                ],
                [
                    "no",
                    0.0011389475548639894
                ],
                [
                    "bn",
                    0.0011259587481617928
                ],
                [
                    "sl",
                    0.0009977685986086726
                ],
                [
                    "fa",
                    0.0009953095577657223
                ],
                [
                    "mi",
                    0.000969269429333508
                ],
                [
                    "ca",
                    0.0009433813975192606
                ],
                [
                    "hr",
                    0.0008978521800599992
                ],
                [
                    "da",
                    0.0008925846195779741
                ],
                [
                    "he",
                    0.0008158137206919491
                ],
                [
                    "gl",
                    0.00067009316990152
                ],
                [
                    "sk",
                    0.000661708414554596
                ],
                [
                    "yo",
                    0.0005518636899068952
                ],
                [
                    "my",
                    0.000394340546336025
                ],
                [
                    "bs",
                    0.0003178477054461837
                ],
                [
                    "eu",
                    0.00029093323973938823
                ],
                [
                    "oc",
                    0.00027027761097997427
                ],
                [
                    "sw",
                    0.0002633939730003476
                ],
                [
                    "lv",
                    0.000254667189437896
                ],
                [
                    "fo",
                    0.0002418459189357236
                ],
                [
                    "hy",
                    0.0002381530066486448
                ],
                [
                    "yi",
                    0.0002358660422032699
                ],
                [
                    "mn",
                    0.0002292502176715061
                ],
                [
                    "be",
                    0.0002063876745523885
                ],
                [
                    "is",
                    0.00020499061793088913
                ],
                [
                    "bo",
                    0.00019182742107659578
                ],
                [
                    "af",
                    0.00016299367416650057
                ],
                [
                    "sr",
                    0.00016280058480333537
                ],
                [
                    "ps",
