{
    "path": "/Users/cindyzhang/YouLingo/video_analysis/sampled_videos_subset/123_video.mp4",
    "audio_path": "video_analysis/sampled_audios_subset/123_video_audio.wav",
    "language": "en",
    "length_sec": 12.51,
    "vad_duration_sec": 3.157,
    "total_segment_length_sec": 0.0,
    "word_count": -1,
    "tokens": [],
    "types": [],
    "mean_sentence_length_words": -1.0,
    "wpm": -1,
    "spm": -1,
    "average_ptr": -1,
    "transcript_text": "",
    "transcript": {
        "segments": [],
        "info": {
            "language": "en",
            "duration": 12.517,
            "duration_after_vad": 3.157,
            "language_probability": 0.8951925039291382,
            "all_language_probs": [
                [
                    "en",
                    0.8951925039291382
                ],
                [
                    "ko",
                    0.020965853706002235
                ],
                [
                    "nn",
                    0.012097973376512527
                ],
                [
                    "haw",
                    0.007748160976916552
                ],
                [
                    "la",
                    0.007092118728905916
                ],
                [
                    "ja",
                    0.005780474748462439
                ],
                [
                    "zh",
                    0.004504870623350143
                ],
                [
                    "cy",
                    0.00375295989215374
                ],
                [
                    "fr",
                    0.0033958463463932276
                ],
                [
                    "km",
                    0.003115166677162051
                ],
                [
                    "jw",
                    0.0030755840707570314
                ],
                [
                    "de",
                    0.003035939997062087
                ],
                [
                    "pt",
                    0.0029658102430403233
                ],
                [
                    "th",
                    0.0029341524932533503
                ],
                [
                    "es",
                    0.0025648304726928473
                ],
                [
                    "ru",
                    0.0025457541923969984
                ],
                [
                    "pl",
                    0.0017868881113827229
                ],
                [
                    "tr",
                    0.001671584090217948
                ],
                [
                    "it",
                    0.0012312576873227954
                ],
                [
                    "hi",
                    0.0009781006956472993
                ],
                [
                    "vi",
                    0.0009428702178411186
                ],
                [
                    "sv",
                    0.0009265135740861297
                ],
                [
                    "mi",
                    0.0008870202000252903
                ],
                [
                    "da",
                    0.0008536257082596421
                ],
                [
                    "ar",
                    0.0008480795077048242
                ],
                [
                    "nl",
                    0.0008114146767184138
                ],
                [
                    "ms",
                    0.00071568792918697
                ],
                [
                    "hu",
                    0.0006153116119094193
                ],
                [
                    "br",
                    0.0005680514150299132
                ],
                [
                    "te",
                    0.0005513787618838251
                ],
                [
                    "fi",
                    0.0005434675258584321
                ],
                [
                    "ta",
                    0.0004608128219842911
                ],
                [
                    "tl",
                    0.00041306245839223266
                ],
                [
                    "id",
                    0.00041168482857756317
                ],
                [
                    "sn",
                    0.0003753119090106338
                ],
                [
                    "no",
                    0.0003176094323862344
                ],
                [
                    "ml",
                    0.00027648016111925244
                ],
                [
                    "si",
                    0.00022178782091941684
                ],
                [
                    "ur",
                    0.00021151054534129798
                ],
                [
                    "el",
                    0.00019457262533251196
                ],
                [
                    "cs",
                    0.00018011199426837265
                ],
                [
                    "ro",
                    0.00017748508253134787
                ],
                [
                    "my",
                    0.00014839986397419125
                ],
                [
                    "sa",
                    0.00013207319716457278
                ],
                [
                    "yo",
                    0.00012915331171825528
                ],
                [
                    "mn",
                    0.0001247445761691779
                ],
                [
                    "uk",
                    0.00012079180305590853
                ],
                [
                    "fo",
                    0.00011819673090940341
                ],
                [
                    "is",
                    9.199422493111342e-05
                ],
                [
                    "bo",
                    8.842594979796559e-05
                ],
                [
                    "fa",
                    8.069600153248757e-05
                ],
                [
                    "ht",
                    7.957132766023278e-05
                ],
                [
                    "bn",
                    7.190343603724614e-05
                ],
                [
                    "eu",
                    6.98586882208474e-05
                ],
                [
                    "sl",
                    6.0975246015004814e-05
                ],
                [
                    "hr",
                    5.723786307498813e-05
                ],
                [
                    "bs",
                    5.5474032706115395e-05
                ],
                [
                    "yi",
                    5.3020539780845866e-05
                ],
                [
                    "ca",
                    5.1476577937137336e-05
                ],
                [
                    "he",
                    5.098395922686905e-05
                ],
                [
                    "af",
                    4.7719509893795475e-05
                ],
                [
                    "gl",
                    4.41116644651629e-05
                ],
                [
                    "bg",
                    3.823492443189025e-05
                ],
                [
                    "ne",
                    3.2137399102794006e-05
                ],
                [
                    "oc",
                    2.797692286549136e-05
                ],
                [
                    "lv",
                    2.5932007702067494e-05
                ],
                [
                    "sk",
                    2.46881118073361e-05
                ],
                [
                    "sw",
                    2.358098208787851e-05
                ],
                [
                    "lo",
                    2.323991611774545e-05
                ],
                [
