{
    "path": "/Users/cindyzhang/YouLingo/video_analysis/sampled_videos_subset/133_video.mp4",
    "audio_path": "video_analysis/sampled_audios_subset/133_video_audio.wav",
    "language": "en",
    "length_sec": 8.47,
    "vad_duration_sec": 4.5320625,
    "total_segment_length_sec": 0.0,
    "word_count": -1,
    "tokens": [],
    "types": [],
    "mean_sentence_length_words": -1.0,
    "wpm": -1,
    "spm": -1,
    "average_ptr": -1,
    "transcript_text": "",
    "transcript": {
        "segments": [],
        "info": {
            "language": "en",
            "duration": 8.4520625,
            "duration_after_vad": 4.5320625,
            "language_probability": 0.7009310126304626,
            "all_language_probs": [
                [
                    "en",
                    0.7009310126304626
                ],
                [
                    "ru",
                    0.043947406113147736
                ],
                [
                    "ko",
                    0.03748839348554611
                ],
                [
                    "ja",
                    0.028079785406589508
                ],
                [
                    "pt",
                    0.022061988711357117
                ],
                [
                    "es",
                    0.019808761775493622
                ],
                [
                    "zh",
                    0.010730263777077198
                ],
                [
                    "jw",
                    0.010044586844742298
                ],
                [
                    "haw",
                    0.009460875764489174
                ],
                [
                    "cy",
                    0.009021400474011898
                ],
                [
                    "de",
                    0.008652940392494202
                ],
                [
                    "la",
                    0.007924029603600502
                ],
                [
                    "km",
                    0.006925316993147135
                ],
                [
                    "nl",
                    0.006587783806025982
                ],
                [
                    "fr",
                    0.006310927215963602
                ],
                [
                    "nn",
                    0.00549883209168911
                ],
                [
                    "tr",
                    0.004338979721069336
                ],
                [
                    "te",
                    0.0032989801838994026
                ],
                [
                    "it",
                    0.0032436461187899113
                ],
                [
                    "hi",
                    0.0030269273556768894
                ],
                [
                    "ro",
                    0.0028776356484740973
                ],
                [
                    "el",
                    0.002755415625870228
                ],
                [
                    "sn",
                    0.002393553964793682
                ],
                [
                    "bg",
                    0.0022662165574729443
                ],
                [
                    "pl",
                    0.0021307067945599556
                ],
                [
                    "ar",
                    0.0020516833756119013
                ],
                [
                    "mi",
                    0.0020075056236237288
                ],
                [
                    "eu",
                    0.0018018829869106412
                ],
                [
                    "ta",
                    0.0016665789298713207
                ],
                [
                    "yo",
                    0.0016490693669766188
                ],
                [
                    "hu",
                    0.0016356074484065175
                ],
                [
                    "ca",
                    0.0015409837942570448
                ],
                [
                    "uk",
                    0.0015202084323391318
                ],
                [
                    "hr",
                    0.0015103715704753995
                ],
                [
                    "tl",
                    0.0014847548445686698
                ],
                [
                    "br",
                    0.0014583064476028085
                ],
                [
                    "lv",
                    0.0014452628092840314
                ],
                [
                    "cs",
                    0.0012062869500368834
                ],
                [
                    "bs",
                    0.0011428598081693053
                ],
                [
                    "sv",
                    0.0011075942311435938
                ],
                [
                    "yi",
                    0.0010328147327527404
                ],
                [
                    "da",
                    0.0009887053165584803
                ],
                [
                    "vi",
                    0.0008816908812150359
                ],
                [
                    "he",
                    0.000878930848557502
                ],
                [
                    "id",
                    0.000793356797657907
                ],
                [
                    "fi",
                    0.000743196695111692
                ],
                [
                    "my",
                    0.0007202121196314692
                ],
                [
                    "no",
                    0.0007015247829258442
                ],
                [
                    "lt",
                    0.0006000190624035895
                ],
                [
                    "sl",
                    0.0005965469172224402
                ],
                [
                    "mn",
                    0.0005646990612149239
                ],
                [
                    "si",
                    0.0005641126190312207
                ],
                [
                    "ur",
                    0.0005576992407441139
                ],
                [
                    "is",
                    0.0005416464991867542
                ],
                [
                    "ml",
                    0.0005157859995961189
                ],
                [
                    "sa",
                    0.0005060539115220308
                ],
                [
                    "th",
                    0.00048000813694670796
                ],
                [
                    "gl",
                    0.0004561218956951052
                ],
                [
                    "ht",
                    0.0003865736071020365
                ],
                [
                    "ms",
                    0.0003828535554930568
                ],
                [
                    "fa",
                    0.0003405707539059222
                ],
                [
                    "fo",
                    0.0003388674231246114
                ],
                [
                    "bo",
                    0.000334346346789971
                ],
                [
                    "bn",
                    0.0003036768175661564
                ],
                [
                    "sr",
                    0.0002877060614991933
                ],
                [
                    "oc",
                    0.0002629896334838122
                ],
                [
                    "kk",
                    0.00022383290342986584
                ],
                [
                    "ne",
                    0.00020795663294848055
                ],
                [
                    "af",
                    0.000199592876015231
                ],
                [
                    "sk",
