{
    "path": "/Users/cindyzhang/YouLingo/video_analysis/sampled_videos_subset/138_video.mp4",
    "audio_path": "video_analysis/sampled_audios_subset/138_video_audio.wav",
    "language": "en",
    "length_sec": 16.63,
    "vad_duration_sec": 4.992,
    "total_segment_length_sec": 0.0,
    "word_count": -1,
    "tokens": [],
    "types": [],
    "mean_sentence_length_words": -1.0,
    "wpm": -1,
    "spm": -1,
    "average_ptr": -1,
    "transcript_text": "",
    "transcript": {
        "segments": [],
        "info": {
            "language": "en",
            "duration": 16.60225,
            "duration_after_vad": 4.992,
            "language_probability": 0.29001519083976746,
            "all_language_probs": [
                [
                    "en",
                    0.29001519083976746
                ],
                [
                    "km",
                    0.14732111990451813
                ],
                [
                    "jw",
                    0.12298204749822617
                ],
                [
                    "ko",
                    0.10269108414649963
                ],
                [
                    "ja",
                    0.0871068462729454
                ],
                [
                    "zh",
                    0.035887498408555984
                ],
                [
                    "fr",
                    0.02170455828309059
                ],
                [
                    "nn",
                    0.016200046986341476
                ],
                [
                    "sn",
                    0.013266578316688538
                ],
                [
                    "ru",
                    0.012529127299785614
                ],
                [
                    "pt",
                    0.011936169117689133
                ],
                [
                    "si",
                    0.010908180847764015
                ],
                [
                    "de",
                    0.01086911465972662
                ],
                [
                    "es",
                    0.010722731240093708
                ],
                [
                    "it",
                    0.008775457739830017
                ],
                [
                    "th",
                    0.007808813359588385
                ],
                [
                    "tl",
                    0.007410502061247826
                ],
                [
                    "te",
                    0.007139882538467646
                ],
                [
                    "hi",
                    0.006579249165952206
                ],
                [
                    "vi",
                    0.005060478113591671
                ],
                [
                    "ro",
                    0.004842463415116072
                ],
                [
                    "tr",
                    0.0041954172775149345
                ],
                [
                    "ta",
                    0.004051730968058109
                ],
                [
                    "la",
                    0.003861101809889078
                ],
                [
                    "nl",
                    0.0037536032032221556
                ],
                [
                    "sv",
                    0.0034287143498659134
                ],
                [
                    "ar",
                    0.003319821786135435
                ],
                [
                    "haw",
                    0.0030252973083406687
                ],
                [
                    "id",
                    0.0026637485716491938
                ],
                [
                    "cy",
                    0.0024558333680033684
                ],
                [
                    "pl",
                    0.0022096724715083838
                ],
                [
                    "sa",
                    0.00209868629463017
                ],
                [
                    "ms",
                    0.002062273910269141
                ],
                [
                    "br",
                    0.001939584268257022
                ],
                [
                    "uk",
                    0.001641466049477458
                ],
                [
                    "ur",
                    0.0013537413906306028
                ],
                [
                    "ml",
                    0.0013002412160858512
                ],
                [
                    "el",
                    0.0012657386250793934
                ],
                [
                    "hu",
                    0.0012030864600092173
                ],
                [
                    "fi",
                    0.0010653261560946703
                ],
                [
                    "da",
                    0.0007906216196715832
                ],
                [
                    "hy",
                    0.0007714129169471562
                ],
                [
                    "mi",
                    0.0006601986242458224
                ],
                [
                    "yo",
                    0.0006261212984099984
                ],
                [
                    "lo",
                    0.0006142148049548268
                ],
                [
                    "bn",
                    0.0005919150426052511
                ],
                [
                    "my",
                    0.000546032446436584
                ],
                [
                    "no",
                    0.0005356068722903728
                ],
                [
                    "bg",
                    0.00046700003440491855
                ],
                [
                    "cs",
                    0.00046102239866741
                ],
                [
                    "he",
                    0.00042722831130959094
                ],
                [
                    "hr",
                    0.0003799131663981825
                ],
                [
                    "fa",
                    0.000376048032194376
                ],
                [
                    "ca",
                    0.00036983704194426537
                ],
                [
                    "gl",
                    0.0003190788847859949
                ],
                [
                    "mn",
                    0.000296782556688413
                ],
                [
                    "oc",
                    0.0002469424216542393
                ],
                [
                    "bo",
                    0.00023628881899639964
                ],
                [
                    "be",
                    0.0002196071727667004
                ],
                [
                    "eu",
                    0.00020515790674835443
                ],
                [
                    "sl",
                    0.00018755749624688178
                ],
                [
                    "is",
                    0.00017393444431945682
                ],
                [
                    "sw",
                    0.00015928958600852638
                ],
                [
                    "ht",
                    0.0001374751445837319
                ],
                [
                    "fo",
                    0.000135876820422709
                ],
                [
                    "lv",
                    0.00012888228229712695
                ],
                [
                    "yi",
                    0.00011143635492771864
                ],
                [
                    "bs",
                    0.00010199351527262479
                ],
                [
                    "ne",
                    0.00010184869461227208
                ],
                [
                    "sk",
