{
    "path": "/Users/cindyzhang/YouLingo/video_analysis/sampled_videos_subset/14_video.mp4",
    "audio_path": "video_analysis/sampled_audios_subset/14_video_audio.wav",
    "language": "en",
    "length_sec": 26.5,
    "vad_duration_sec": 14.544,
    "total_segment_length_sec": 0.0,
    "word_count": -1,
    "tokens": [],
    "types": [],
    "mean_sentence_length_words": -1.0,
    "wpm": -1,
    "spm": -1,
    "average_ptr": -1,
    "transcript_text": "",
    "transcript": {
        "segments": [],
        "info": {
            "language": "en",
            "duration": 26.47075,
            "duration_after_vad": 14.544,
            "language_probability": 0.8153347373008728,
            "all_language_probs": [
                [
                    "en",
                    0.8153347373008728
                ],
                [
                    "ko",
                    0.05392156541347504
                ],
                [
                    "ja",
                    0.019635993987321854
                ],
                [
                    "haw",
                    0.009565385058522224
                ],
                [
                    "nn",
                    0.009037136100232601
                ],
                [
                    "ru",
                    0.008625450544059277
                ],
                [
                    "km",
                    0.007558230776339769
                ],
                [
                    "jw",
                    0.0068326047621667385
                ],
                [
                    "la",
                    0.006605779752135277
                ],
                [
                    "es",
                    0.0063709658570587635
                ],
                [
                    "cy",
                    0.005880509503185749
                ],
                [
                    "zh",
                    0.0057798465713858604
                ],
                [
                    "de",
                    0.004950044211000204
                ],
                [
                    "pt",
                    0.004629131872206926
                ],
                [
                    "fr",
                    0.0028216124046593904
                ],
                [
                    "th",
                    0.0025785944890230894
                ],
                [
                    "ar",
                    0.0025772175285965204
                ],
                [
                    "tr",
                    0.0021830424666404724
                ],
                [
                    "it",
                    0.0019076731987297535
                ],
                [
                    "vi",
                    0.0018462350126355886
                ],
                [
                    "nl",
                    0.0016258525429293513
                ],
                [
                    "hi",
                    0.0014614089159294963
                ],
                [
                    "tl",
                    0.0013242728309705853
                ],
                [
                    "te",
                    0.00131637929007411
                ],
                [
                    "ta",
                    0.0010337692219763994
                ],
                [
                    "pl",
                    0.000983970589004457
                ],
                [
                    "mi",
                    0.0008440597448498011
                ],
                [
                    "sv",
                    0.0007956621120683849
                ],
                [
                    "ms",
                    0.000740171002689749
                ],
                [
                    "sn",
                    0.000664887425955385
                ],
                [
                    "br",
                    0.0006578892935067415
                ],
                [
                    "ml",
                    0.0006237675552256405
                ],
                [
                    "si",
                    0.0005738097825087607
                ],
                [
                    "fi",
                    0.0005591021617874503
                ],
                [
                    "el",
                    0.0005556709365919232
                ],
                [
                    "ro",
                    0.0005513324285857379
                ],
                [
                    "hu",
                    0.0005336704780347645
                ],
                [
                    "id",
                    0.00048324279487133026
                ],
                [
                    "no",
                    0.00041986547876149416
                ],
                [
                    "sa",
                    0.0003920109593309462
                ],
                [
                    "da",
                    0.00037571764551103115
                ],
                [
                    "ur",
                    0.000365631771273911
                ],
                [
                    "uk",
                    0.0003568769316188991
                ],
                [
                    "is",
                    0.0003466945490799844
                ],
                [
                    "cs",
                    0.0002860607928596437
                ],
                [
                    "my",
                    0.00028572542942129076
                ],
                [
                    "mn",
                    0.00023806797980796546
                ],
                [
                    "yo",
                    0.0002345678221900016
                ],
                [
                    "eu",
                    0.00020729519019369036
                ],
                [
                    "fo",
                    0.000176537549123168
                ],
                [
                    "yi",
                    0.00015779664681758732
                ],
                [
                    "ca",
                    0.00014734193973708898
                ],
                [
                    "bn",
                    0.0001438624894944951
                ],
                [
                    "sl",
                    0.0001394421560689807
                ],
                [
                    "ht",
                    0.00013498323096428066
                ],
                [
                    "bo",
                    0.000124456433695741
                ],
                [
                    "gl",
                    0.00011781275679823011
                ],
                [
                    "lv",
                    0.00010830207611434162
                ],
                [
                    "hr",
                    9.832112118601799e-05
                ],
                [
                    "fa",
                    9.153199061984196e-05
                ],
                [
                    "bs",
                    8.998435805551708e-05
                ],
                [
                    "be",
                    8.815962064545602e-05
                ],
                [
                    "af",
                    8.729463297640905e-05
                ],
                [
                    "bg",
                    7.684425509069115e-05
                ],
                [
                    "ne",
                    7.669973274460062e-05
                ],
                [
                    "oc",
                    7.439000182785094e-05
                ],
                [
                    "he",
                    7.08314182702452e-05
                ],
                [
                    "hy",
                    5.522209903574549e-05
                ],
                [
                    "lt",
                    5.031526234233752e-05
                ],
                [
