{
    "path": "/Users/cindyzhang/YouLingo/video_analysis/sampled_videos_subset/151_video.mp4",
    "audio_path": "video_analysis/sampled_audios_subset/151_video_audio.wav",
    "language": "en",
    "length_sec": 15.07,
    "vad_duration_sec": 0.896,
    "total_segment_length_sec": 0.0,
    "word_count": -1,
    "tokens": [],
    "types": [],
    "mean_sentence_length_words": -1.0,
    "wpm": -1,
    "spm": -1,
    "average_ptr": -1,
    "transcript_text": "",
    "transcript": {
        "segments": [],
        "info": {
            "language": "en",
            "duration": 15.0465625,
            "duration_after_vad": 0.896,
            "language_probability": 0.4433943033218384,
            "all_language_probs": [
                [
                    "en",
                    0.4433943033218384
                ],
                [
                    "ko",
                    0.10685823112726212
                ],
                [
                    "ja",
                    0.07764936238527298
                ],
                [
                    "nn",
                    0.06484772264957428
                ],
                [
                    "jw",
                    0.05591193586587906
                ],
                [
                    "fr",
                    0.0213619451969862
                ],
                [
                    "zh",
                    0.02051396109163761
                ],
                [
                    "es",
                    0.019613275304436684
                ],
                [
                    "haw",
                    0.016122719272971153
                ],
                [
                    "pt",
                    0.015200766734778881
                ],
                [
                    "cy",
                    0.013343114405870438
                ],
                [
                    "la",
                    0.012313513085246086
                ],
                [
                    "ru",
                    0.011515313759446144
                ],
                [
                    "de",
                    0.010841545648872852
                ],
                [
                    "br",
                    0.008768455125391483
                ],
                [
                    "it",
                    0.008631582371890545
                ],
                [
                    "km",
                    0.0065256706438958645
                ],
                [
                    "ar",
                    0.006332997232675552
                ],
                [
                    "tr",
                    0.0057351249270141125
                ],
                [
                    "pl",
                    0.005612967070192099
                ],
                [
                    "hi",
                    0.005317951552569866
                ],
                [
                    "nl",
                    0.00450458750128746
                ],
                [
                    "ms",
                    0.004146090243011713
                ],
                [
                    "sn",
                    0.00362734729424119
                ],
                [
                    "id",
                    0.003564724000170827
                ],
                [
                    "fi",
                    0.003363121533766389
                ],
                [
                    "si",
                    0.0031471271067857742
                ],
                [
                    "th",
                    0.003034519264474511
                ],
                [
                    "tl",
                    0.0030054706148803234
                ],
                [
                    "te",
                    0.002949243411421776
                ],
                [
                    "el",
                    0.0029399117920547724
                ],
                [
                    "vi",
                    0.002697279676795006
                ],
                [
                    "hu",
                    0.002157765906304121
                ],
                [
                    "sa",
                    0.002112329239025712
                ],
                [
                    "sv",
                    0.0020494943019002676
                ],
                [
                    "mi",
                    0.001965978415682912
                ],
                [
                    "cs",
                    0.0013423324562609196
                ],
                [
                    "ta",
                    0.0012633699225261807
                ],
                [
                    "ur",
                    0.0011121260467916727
                ],
                [
                    "ml",
                    0.0010426017688587308
                ],
                [
                    "ro",
                    0.0010352807585150003
                ],
                [
                    "fa",
                    0.000920747232157737
                ],
                [
                    "ca",
                    0.0008751421119086444
                ],
                [
                    "he",
                    0.0008742808131501079
                ],
                [
                    "uk",
                    0.0008400626247748733
                ],
                [
                    "da",
                    0.0007945687393657863
                ],
                [
                    "no",
                    0.0006796844536438584
                ],
                [
                    "sl",
                    0.0006336077349260449
                ],
                [
                    "bn",
                    0.0006290527526289225
                ],
                [
                    "hr",
                    0.0005164443864487112
                ],
                [
                    "gl",
                    0.0005002501420676708
                ],
                [
                    "yo",
                    0.00044898485066369176
                ],
                [
                    "bg",
                    0.00043913826812058687
                ],
                [
                    "sk",
                    0.0003979082976002246
                ],
                [
                    "my",
                    0.0003068785881623626
                ],
                [
                    "mn",
                    0.0002617950376588851
                ],
                [
                    "eu",
                    0.0002575287944637239
                ],
                [
                    "be",
                    0.00024951432715170085
                ],
                [
                    "sw",
                    0.00024164275964722037
                ],
                [
                    "oc",
                    0.00023424292157869786
                ],
                [
                    "bs",
                    0.00020845315884798765
                ],
                [
                    "is",
                    0.00018257921328768134
                ],
                [
                    "hy",
                    0.00016855713329277933
                ],
                [
                    "fo",
                    0.00016429701645392925
                ],
                [
                    "bo",
                    0.0001580760581418872
                ],
                [
                    "ht",
                    0.00015252780576702207
                ],
                [
                    "lo",
                    0.0001506549451733008
                ],
                [
                    "ne",
                    0.00013617966033052653
                ],
                [
                    "yi",
                    0.00012117303413106129
                ],
                [
                    "lv",
