{
    "path": "/Users/cindyzhang/YouLingo/video_analysis/sampled_videos_subset/155_video.mp4",
    "audio_path": "video_analysis/sampled_audios_subset/155_video_audio.wav",
    "language": "en",
    "length_sec": 15.05,
    "vad_duration_sec": 3.552,
    "total_segment_length_sec": 0.0,
    "word_count": -1,
    "tokens": [],
    "types": [],
    "mean_sentence_length_words": -1.0,
    "wpm": -1,
    "spm": -1,
    "average_ptr": -1,
    "transcript_text": "",
    "transcript": {
        "segments": [],
        "info": {
            "language": "en",
            "duration": 15.0711875,
            "duration_after_vad": 3.552,
            "language_probability": 0.8269347548484802,
            "all_language_probs": [
                [
                    "en",
                    0.8269347548484802
                ],
                [
                    "ja",
                    0.021750766783952713
                ],
                [
                    "ko",
                    0.020145216956734657
                ],
                [
                    "pt",
                    0.013687510043382645
                ],
                [
                    "ru",
                    0.009951401501893997
                ],
                [
                    "haw",
                    0.009255798533558846
                ],
                [
                    "cy",
                    0.00823757890611887
                ],
                [
                    "es",
                    0.00758866872638464
                ],
                [
                    "zh",
                    0.006916734389960766
                ],
                [
                    "fr",
                    0.005578084383159876
                ],
                [
                    "la",
                    0.005494181532412767
                ],
                [
                    "nn",
                    0.005134094040840864
                ],
                [
                    "de",
                    0.0048691811971366405
                ],
                [
                    "nl",
                    0.004603032488375902
                ],
                [
                    "tr",
                    0.003986359108239412
                ],
                [
                    "ar",
                    0.0035699193831533194
                ],
                [
                    "jw",
                    0.003560582408681512
                ],
                [
                    "it",
                    0.0034988548140972853
                ],
                [
                    "vi",
                    0.0021595717407763004
                ],
                [
                    "km",
                    0.0020896880887448788
                ],
                [
                    "mi",
                    0.001895630033686757
                ],
                [
                    "pl",
                    0.0018737184582278132
                ],
                [
                    "hi",
                    0.0017101450357586145
                ],
                [
                    "ro",
                    0.0017062596743926406
                ],
                [
                    "el",
                    0.0016910661943256855
                ],
                [
                    "tl",
                    0.0016590127488598228
                ],
                [
                    "ta",
                    0.0014300153125077486
                ],
                [
                    "th",
                    0.0014144608285278082
                ],
                [
                    "ms",
                    0.00133185600861907
                ],
                [
                    "sv",
                    0.0010271674254909158
                ],
                [
                    "te",
                    0.0008927199523895979
                ],
                [
                    "uk",
                    0.0008519635885022581
                ],
                [
                    "sn",
                    0.0007655167137272656
                ],
                [
                    "id",
                    0.0007079548086039722
                ],
                [
                    "hu",
                    0.0007000326295383275
                ],
                [
                    "ml",
                    0.0006807692116126418
                ],
                [
                    "no",
                    0.0006368898903019726
                ],
                [
                    "si",
                    0.0006050424417480826
                ],
                [
                    "yo",
                    0.0005873445770703256
                ],
                [
                    "ur",
                    0.0005580497090704739
                ],
                [
                    "br",
                    0.0005165242473594844
                ],
                [
                    "sa",
                    0.0005102597642689943
                ],
                [
                    "yi",
                    0.00047203514259308577
                ],
                [
                    "da",
                    0.00044787299702875316
                ],
                [
                    "he",
                    0.0004262961447238922
                ],
                [
                    "fi",
                    0.000408349180361256
                ],
                [
                    "bg",
                    0.00040639753569848835
                ],
                [
                    "cs",
                    0.00038036200567148626
                ],
                [
                    "ca",
                    0.0003243839892093092
                ],
                [
                    "sl",
                    0.0003192401200067252
                ],
                [
                    "hr",
                    0.00028149326681159437
                ],
                [
                    "fa",
                    0.000279279105598107
                ],
                [
                    "is",
                    0.00026876493939198554
                ],
                [
                    "bn",
                    0.0002655643329489976
                ],
                [
                    "eu",
                    0.0002285524969920516
                ],
                [
                    "ht",
                    0.00022820338199380785
                ],
                [
                    "my",
                    0.00022372743114829063
                ],
                [
                    "gl",
                    0.000216782238567248
                ],
                [
                    "bs",
                    0.0002164806064683944
                ],
                [
                    "bo",
                    0.00018330344755668193
                ],
                [
                    "af",
                    0.00017537320673000067
                ],
                [
                    "be",
                    0.000151054046000354
                ],
                [
                    "lv",
                    0.00013220302935224026
                ],
                [
                    "sw",
                    0.0001312092354055494
                ],
                [
                    "fo",
                    0.00010995547927450389
                ],
                [
                    "ne",
                    8.329531556228176e-05
                ],
                [
                    "mn",
                    8.282787894131616e-05
                ],
                [
                    "oc",
                    7.993841427378356e-05
                ],
                [
                    "lt",
                    7.20585958333686e-05
                ],
                [
