{
    "path": "/Users/cindyzhang/YouLingo/video_analysis/sampled_videos_subset/159_video.mp4",
    "audio_path": "video_analysis/sampled_audios_subset/159_video_audio.wav",
    "language": "en",
    "length_sec": 8.5,
    "vad_duration_sec": 2.464,
    "total_segment_length_sec": 0.0,
    "word_count": -1,
    "tokens": [],
    "types": [],
    "mean_sentence_length_words": -1.0,
    "wpm": -1,
    "spm": -1,
    "average_ptr": -1,
    "transcript_text": "",
    "transcript": {
        "segments": [],
        "info": {
            "language": "en",
            "duration": 8.4753125,
            "duration_after_vad": 2.464,
            "language_probability": 0.6951218247413635,
            "all_language_probs": [
                [
                    "en",
                    0.6951218247413635
                ],
                [
                    "ko",
                    0.04658007621765137
                ],
                [
                    "ja",
                    0.03587246686220169
                ],
                [
                    "jw",
                    0.018620509654283524
                ],
                [
                    "de",
                    0.018465563654899597
                ],
                [
                    "haw",
                    0.015856992453336716
                ],
                [
                    "nn",
                    0.0138472905382514
                ],
                [
                    "pt",
                    0.013641699217259884
                ],
                [
                    "fr",
                    0.011894961819052696
                ],
                [
                    "ru",
                    0.010851639322936535
                ],
                [
                    "es",
                    0.010651100426912308
                ],
                [
                    "zh",
                    0.009860329329967499
                ],
                [
                    "km",
                    0.006679854821413755
                ],
                [
                    "nl",
                    0.005665227305144072
                ],
                [
                    "tr",
                    0.005562904756516218
                ],
                [
                    "it",
                    0.005271691828966141
                ],
                [
                    "la",
                    0.005243033170700073
                ],
                [
                    "cy",
                    0.004975012969225645
                ],
                [
                    "ar",
                    0.004434516653418541
                ],
                [
                    "sv",
                    0.004033251665532589
                ],
                [
                    "hi",
                    0.004027670249342918
                ],
                [
                    "th",
                    0.0037940850015729666
                ],
                [
                    "tl",
                    0.0037178564816713333
                ],
                [
                    "te",
                    0.0032511421013623476
                ],
                [
                    "sn",
                    0.003091767430305481
                ],
                [
                    "pl",
                    0.002924123778939247
                ],
                [
                    "hu",
                    0.0027255492750555277
                ],
                [
                    "fi",
                    0.002496229251846671
                ],
                [
                    "ro",
                    0.002280720043927431
                ],
                [
                    "br",
                    0.002270227763801813
                ],
                [
                    "vi",
                    0.002223924035206437
                ],
                [
                    "id",
                    0.002125117927789688
                ],
                [
                    "mi",
                    0.0020821578800678253
                ],
                [
                    "el",
                    0.002033555181697011
                ],
                [
                    "ms",
                    0.0016121056396514177
                ],
                [
                    "cs",
                    0.0013534680474549532
                ],
                [
                    "ta",
                    0.0013088250998407602
                ],
                [
                    "no",
                    0.0011155722895637155
                ],
                [
                    "da",
                    0.001087851240299642
                ],
                [
                    "yo",
                    0.0009060901938937604
                ],
                [
                    "si",
                    0.0007439485634677112
                ],
                [
                    "uk",
                    0.0006144835497252643
                ],
                [
                    "is",
                    0.000524394738022238
                ],
                [
                    "ur",
                    0.0005233837873674929
                ],
                [
                    "sa",
                    0.000516885775141418
                ],
                [
                    "hr",
                    0.0004636339726857841
                ],
                [
                    "ca",
                    0.00044965880806557834
                ],
                [
                    "ml",
                    0.00043914405978284776
                ],
                [
                    "mn",
                    0.0004150601162109524
                ],
                [
                    "fa",
                    0.0003825351013801992
                ],
                [
                    "eu",
                    0.0003554757568053901
                ],
                [
                    "he",
                    0.00035100095556117594
                ],
                [
                    "gl",
                    0.0003254285838920623
                ],
                [
                    "bs",
                    0.000299396546324715
                ],
                [
                    "sl",
                    0.00028925659717060626
                ],
                [
                    "my",
                    0.0002874963392969221
                ],
                [
                    "bg",
                    0.0002700873592402786
                ],
                [
                    "bn",
                    0.00026564279687590897
                ],
                [
                    "hy",
                    0.0002446926664561033
                ],
                [
                    "ht",
                    0.00023990438785403967
                ],
                [
                    "fo",
                    0.00022123621602077037
                ],
                [
                    "yi",
                    0.00021932956587988883
                ],
                [
                    "lv",
                    0.00020828181004617363
                ],
                [
                    "oc",
                    0.00019958113261964172
                ],
                [
                    "sk",
                    0.0001780657476047054
                ],
                [
                    "ne",
                    0.00014564798038918525
                ],
                [
                    "bo",
                    0.00013320212019607425
                ],
                [
                    "af",
                    0.00012585456715896726
                ],
                [
                    "lo",
                    0.00010792295506689698
                ],
                [
                    "et",
