{
    "path": "/Users/cindyzhang/YouLingo/video_analysis/sampled_videos_subset/173_video.mp4",
    "audio_path": "video_analysis/sampled_audios_subset/173_video_audio.wav",
    "language": "en",
    "length_sec": 15.05,
    "vad_duration_sec": 0.928,
    "total_segment_length_sec": 0.0,
    "word_count": -1,
    "tokens": [],
    "types": [],
    "mean_sentence_length_words": -1.0,
    "wpm": -1,
    "spm": -1,
    "average_ptr": -1,
    "transcript_text": "",
    "transcript": {
        "segments": [],
        "info": {
            "language": "en",
            "duration": 15.0711875,
            "duration_after_vad": 0.928,
            "language_probability": 0.3413052558898926,
            "all_language_probs": [
                [
                    "en",
                    0.3413052558898926
                ],
                [
                    "nn",
                    0.11883952468633652
                ],
                [
                    "ko",
                    0.10019171237945557
                ],
                [
                    "jw",
                    0.06332259625196457
                ],
                [
                    "ja",
                    0.05754634365439415
                ],
                [
                    "km",
                    0.02735831029713154
                ],
                [
                    "zh",
                    0.023449478670954704
                ],
                [
                    "cy",
                    0.021695518866181374
                ],
                [
                    "es",
                    0.020441925153136253
                ],
                [
                    "la",
                    0.02035580202937126
                ],
                [
                    "haw",
                    0.015606247819960117
                ],
                [
                    "si",
                    0.01374523900449276
                ],
                [
                    "th",
                    0.013713199645280838
                ],
                [
                    "ru",
                    0.012583591043949127
                ],
                [
                    "fr",
                    0.011801252141594887
                ],
                [
                    "de",
                    0.011651323176920414
                ],
                [
                    "pt",
                    0.010367745533585548
                ],
                [
                    "te",
                    0.009669922292232513
                ],
                [
                    "pl",
                    0.008088218979537487
                ],
                [
                    "hi",
                    0.007781836669892073
                ],
                [
                    "ms",
                    0.006409074645489454
                ],
                [
                    "nl",
                    0.00636912789195776
                ],
                [
                    "br",
                    0.006300691515207291
                ],
                [
                    "vi",
                    0.006069511640816927
                ],
                [
                    "id",
                    0.005213756579905748
                ],
                [
                    "ar",
                    0.005166433285921812
                ],
                [
                    "it",
                    0.004838875494897366
                ],
                [
                    "ro",
                    0.004687119275331497
                ],
                [
                    "tl",
                    0.00431810412555933
                ],
                [
                    "tr",
                    0.004072274547070265
                ],
                [
                    "sa",
                    0.003974417690187693
                ],
                [
                    "sn",
                    0.0030230528209358454
                ],
                [
                    "sv",
                    0.0027629013638943434
                ],
                [
                    "el",
                    0.002171123865991831
                ],
                [
                    "ml",
                    0.0020607293117791414
                ],
                [
                    "ta",
                    0.0019357078708708286
                ],
                [
                    "fi",
                    0.0017667750362306833
                ],
                [
                    "uk",
                    0.0013537914492189884
                ],
                [
                    "fa",
                    0.001346395816653967
                ],
                [
                    "da",
                    0.0013330405345186591
                ],
                [
                    "hu",
                    0.001251831534318626
                ],
                [
                    "ur",
                    0.0012055054539814591
                ],
                [
                    "cs",
                    0.0011532511562108994
                ],
                [
                    "no",
                    0.0010573631152510643
                ],
                [
                    "mi",
                    0.0008579090354032815
                ],
                [
                    "bg",
                    0.0008142002043314278
                ],
                [
                    "sl",
                    0.0006411929498426616
                ],
                [
                    "bn",
                    0.0006317330407910049
                ],
                [
                    "he",
                    0.0006020698929205537
                ],
                [
                    "lo",
                    0.0005523942527361214
                ],
                [
                    "yo",
                    0.0005034580826759338
                ],
                [
                    "ca",
                    0.00046832874068059027
                ],
                [
                    "sk",
                    0.00045859121019020677
                ],
                [
                    "hy",
                    0.0004204811411909759
                ],
                [
                    "gl",
                    0.000417238159570843
                ],
                [
                    "hr",
                    0.00041597135714255273
                ],
                [
                    "mn",
                    0.0003873668611049652
                ],
                [
                    "my",
                    0.0003679388028103858
                ],
                [
                    "fo",
                    0.0003215326287318021
                ],
                [
                    "be",
                    0.00026232871459797025
                ],
                [
                    "sw",
                    0.00023285239876713604
                ],
                [
                    "oc",
                    0.00022930040722712874
                ],
                [
                    "is",
                    0.00016438223246950656
                ],
                [
                    "ps",
                    0.00015361892292276025
                ],
                [
                    "yi",
                    0.0001458116457797587
                ],
                [
                    "eu",
                    0.00014527725579682738
                ],
                [
                    "bo",
                    0.00012713915202766657
                ],
                [
                    "bs",
                    0.00010988537542289123
                ],
                [
                    "ht",
                    0.00010882881178986281
                ],
                [
                    "sq",
