{
    "path": "/Users/cindyzhang/YouLingo/video_analysis/sampled_videos_subset/176_video.mp4",
    "audio_path": "video_analysis/sampled_audios_subset/176_video_audio.wav",
    "language": "pt",
    "length_sec": 13.13,
    "vad_duration_sec": 12.9520625,
    "total_segment_length_sec": 0.0,
    "word_count": -1,
    "tokens": [],
    "types": [],
    "mean_sentence_length_words": -1.0,
    "wpm": -1,
    "spm": -1,
    "average_ptr": -1,
    "transcript_text": "",
    "transcript": {
        "segments": [],
        "info": {
            "language": "pt",
            "duration": 13.0960625,
            "duration_after_vad": 12.9520625,
            "language_probability": 0.9360924363136292,
            "all_language_probs": [
                [
                    "pt",
                    0.9360924363136292
                ],
                [
                    "en",
                    0.018788840621709824
                ],
                [
                    "fr",
                    0.00992609653621912
                ],
                [
                    "it",
                    0.00552669120952487
                ],
                [
                    "es",
                    0.004869257099926472
                ],
                [
                    "jw",
                    0.0029417583718895912
                ],
                [
                    "la",
                    0.0021189134567976
                ],
                [
                    "ko",
                    0.001734414603561163
                ],
                [
                    "de",
                    0.0015205577947199345
                ],
                [
                    "ro",
                    0.001293806592002511
                ],
                [
                    "pl",
                    0.001274259528145194
                ],
                [
                    "zh",
                    0.0012220063945278525
                ],
                [
                    "ar",
                    0.0011956002563238144
                ],
                [
                    "tr",
                    0.0011170959332957864
                ],
                [
                    "ru",
                    0.0011051632463932037
                ],
                [
                    "nn",
                    0.001093853497877717
                ],
                [
                    "haw",
                    0.000853442179504782
                ],
                [
                    "ja",
                    0.0008530133636668324
                ],
                [
                    "km",
                    0.0008126340107992291
                ],
                [
                    "hu",
                    0.0007629645406268537
                ],
                [
                    "el",
                    0.0007008156972005963
                ],
                [
                    "vi",
                    0.0005735945305787027
                ],
                [
                    "nl",
                    0.00029625146999023855
                ],
                [
                    "cy",
                    0.00028362995362840593
                ],
                [
                    "id",
                    0.0002453957567922771
                ],
                [
                    "br",
                    0.000223749884753488
                ],
                [
                    "hi",
                    0.00021904353343416005
                ],
                [
                    "sn",
                    0.0002122127916663885
                ],
                [
                    "ca",
                    0.00015082563913892955
                ],
                [
                    "ms",
                    0.0001485578395659104
                ],
                [
                    "tl",
                    0.0001301375450566411
                ],
                [
                    "yo",
                    0.000129459222080186
                ],
                [
                    "gl",
                    0.0001269294589292258
                ],
                [
                    "cs",
                    0.00011786799586843699
                ],
                [
                    "te",
                    0.00011157442349940538
                ],
                [
                    "sa",
                    9.101169416680932e-05
                ],
                [
                    "sv",
                    8.71145457495004e-05
                ],
                [
                    "si",
                    7.39305469323881e-05
                ],
                [
                    "ur",
                    7.379839371424168e-05
                ],
                [
                    "mi",
                    6.17260011495091e-05
                ],
                [
                    "fa",
                    5.644689008477144e-05
                ],
                [
                    "eu",
                    5.536608659895137e-05
                ],
                [
                    "he",
                    5.375700129661709e-05
                ],
                [
                    "oc",
                    5.245071224635467e-05
                ],
                [
                    "ta",
                    4.3517309677554294e-05
                ],
                [
                    "ht",
                    3.719706000993028e-05
                ],
                [
                    "uk",
                    3.536272924975492e-05
                ],
                [
                    "bn",
                    3.366780947544612e-05
                ],
                [
                    "fo",
                    3.320237374282442e-05
                ],
                [
                    "fi",
                    3.2354033464798704e-05
                ],
                [
                    "be",
                    3.0766976124141365e-05
                ],
                [
                    "bg",
                    3.076568464166485e-05
                ],
                [
                    "hr",
                    3.060038579860702e-05
                ],
                [
                    "yi",
                    2.9427035769913346e-05
                ],
                [
                    "th",
                    2.717183633649256e-05
                ],
                [
                    "sl",
                    2.1988817024976015e-05
                ],
                [
                    "sk",
                    2.1625790395773947e-05
                ],
                [
                    "my",
                    1.791087561286986e-05
                ],
                [
                    "bs",
                    1.6168078218470328e-05
                ],
                [
                    "da",
                    1.5111107131815515e-05
                ],
                [
                    "ml",
                    1.3456577107717749e-05
                ],
                [
                    "mn",
                    1.313550728809787e-05
                ],
                [
                    "sw",
                    1.3132801541360095e-05
                ],
                [
                    "no",
                    1.3029160072619561e-05
                ],
                [
                    "is",
                    1.1455911590019241e-05
                ],
                [
                    "af",
                    1.1008996807504445e-05
                ],
                [
                    "lv",
                    9.272476745536551e-06
                ],
                [
                    "sq",
                    8.19242723082425e-06
                ],
                [
                    "az",
                    7.663298674742691e-06
                ],
                [
