{
    "path": "/Users/cindyzhang/YouLingo/video_analysis/sampled_videos_subset/189_video.mp4",
    "audio_path": "video_analysis/sampled_audios_subset/189_video_audio.wav",
    "language": "en",
    "length_sec": 19.27,
    "vad_duration_sec": 11.137375,
    "total_segment_length_sec": 0.0,
    "word_count": -1,
    "tokens": [],
    "types": [],
    "mean_sentence_length_words": -1.0,
    "wpm": -1,
    "spm": -1,
    "average_ptr": -1,
    "transcript_text": "",
    "transcript": {
        "segments": [],
        "info": {
            "language": "en",
            "duration": 19.249375,
            "duration_after_vad": 11.137375,
            "language_probability": 0.3718838691711426,
            "all_language_probs": [
                [
                    "en",
                    0.3718838691711426
                ],
                [
                    "ko",
                    0.16561779379844666
                ],
                [
                    "de",
                    0.0915946438908577
                ],
                [
                    "fr",
                    0.049317117780447006
                ],
                [
                    "ru",
                    0.03668549284338951
                ],
                [
                    "zh",
                    0.03219735994935036
                ],
                [
                    "ja",
                    0.01997959613800049
                ],
                [
                    "pl",
                    0.014455300755798817
                ],
                [
                    "ar",
                    0.01417730562388897
                ],
                [
                    "es",
                    0.013825293630361557
                ],
                [
                    "pt",
                    0.01329826656728983
                ],
                [
                    "hi",
                    0.012413956224918365
                ],
                [
                    "tr",
                    0.00935194082558155
                ],
                [
                    "tl",
                    0.008214668370783329
                ],
                [
                    "sn",
                    0.007853501476347446
                ],
                [
                    "nl",
                    0.007678463123738766
                ],
                [
                    "la",
                    0.007005736697465181
                ],
                [
                    "jw",
                    0.006857822183519602
                ],
                [
                    "km",
                    0.006364776752889156
                ],
                [
                    "ro",
                    0.006051065865904093
                ],
                [
                    "cy",
                    0.005797188263386488
                ],
                [
                    "it",
                    0.00569014810025692
                ],
                [
                    "cs",
                    0.005276587791740894
                ],
                [
                    "nn",
                    0.004699584096670151
                ],
                [
                    "yo",
                    0.004549490753561258
                ],
                [
                    "hu",
                    0.004339192528277636
                ],
                [
                    "he",
                    0.004267647862434387
                ],
                [
                    "br",
                    0.004264369141310453
                ],
                [
                    "vi",
                    0.00411845650523901
                ],
                [
                    "th",
                    0.0037716315127909184
                ],
                [
                    "ms",
                    0.003630049293860793
                ],
                [
                    "ht",
                    0.00352438073605299
                ],
                [
                    "haw",
                    0.003381465096026659
                ],
                [
                    "el",
                    0.0032630525529384613
                ],
                [
                    "ur",
                    0.0032522333785891533
                ],
                [
                    "sv",
                    0.0032507681753486395
                ],
                [
                    "te",
                    0.0018597765592858195
                ],
                [
                    "id",
                    0.0018499360885471106
                ],
                [
                    "hr",
                    0.0017967767780646682
                ],
                [
                    "da",
                    0.0017873796168714762
                ],
                [
                    "my",
                    0.0017399012576788664
                ],
                [
                    "ta",
                    0.0017156568355858326
                ],
                [
                    "uk",
                    0.0016480401391163468
                ],
                [
                    "mi",
                    0.0016432635020464659
                ],
                [
                    "sw",
                    0.0016074331942945719
                ],
                [
                    "sl",
                    0.0016031344421207905
                ],
                [
                    "no",
                    0.0014271652325987816
                ],
                [
                    "bs",
                    0.001154482364654541
                ],
                [
                    "lt",
                    0.0010657933307811618
                ],
                [
                    "eu",
                    0.0009915695991367102
                ],
                [
                    "yi",
                    0.0009814620716497302
                ],
                [
                    "fa",
                    0.0009689736180007458
                ],
                [
                    "lv",
                    0.0009617140749469399
                ],
                [
                    "ca",
                    0.0009316853829659522
                ],
                [
                    "bn",
                    0.0008808536222204566
                ],
                [
                    "sk",
                    0.0008491890621371567
                ],
                [
                    "ne",
                    0.0008150060893967748
                ],
                [
                    "mn",
                    0.0007955136825330555
                ],
                [
                    "oc",
                    0.0007844216306693852
                ],
                [
                    "si",
                    0.0007692645885981619
                ],
                [
                    "be",
                    0.0007457720930688083
                ],
                [
                    "bo",
                    0.0006932730320841074
                ],
                [
                    "sa",
                    0.0005935038207098842
                ],
                [
                    "bg",
                    0.0005831277812831104
                ],
                [
                    "fi",
                    0.0005533184739761055
                ],
                [
                    "hy",
                    0.0004913752200081944
                ],
                [
                    "kk",
                    0.0004522878734860569
                ],
                [
                    "fo",
                    0.0003655829350464046
                ],
                [
                    "is",
                    0.0003216439508832991
                ],
                [
                    "lo",
