{
    "path": "/Users/cindyzhang/YouLingo/video_analysis/sampled_videos_subset/197_video.mp4",
    "audio_path": "video_analysis/sampled_audios_subset/197_video_audio.wav",
    "language": "ru",
    "length_sec": 9.03,
    "vad_duration_sec": 6.657375,
    "total_segment_length_sec": 0.0,
    "word_count": -1,
    "tokens": [],
    "types": [],
    "mean_sentence_length_words": -1.0,
    "wpm": -1,
    "spm": -1,
    "average_ptr": -1,
    "transcript_text": "",
    "transcript": {
        "segments": [],
        "info": {
            "language": "ru",
            "duration": 9.009375,
            "duration_after_vad": 6.657375,
            "language_probability": 0.8624724745750427,
            "all_language_probs": [
                [
                    "ru",
                    0.8624724745750427
                ],
                [
                    "en",
                    0.024751819670200348
                ],
                [
                    "be",
                    0.02037726901471615
                ],
                [
                    "uk",
                    0.018406257033348083
                ],
                [
                    "zh",
                    0.01417697872966528
                ],
                [
                    "pl",
                    0.010956811718642712
                ],
                [
                    "ja",
                    0.0054144905880093575
                ],
                [
                    "nn",
                    0.004729840904474258
                ],
                [
                    "es",
                    0.00471192691475153
                ],
                [
                    "ko",
                    0.0029829111881554127
                ],
                [
                    "jw",
                    0.0027377638034522533
                ],
                [
                    "pt",
                    0.0026024237740784883
                ],
                [
                    "fr",
                    0.002505664015188813
                ],
                [
                    "la",
                    0.0023394322488456964
                ],
                [
                    "km",
                    0.002028585411608219
                ],
                [
                    "haw",
                    0.0011994123924523592
                ],
                [
                    "sn",
                    0.0011809804709628224
                ],
                [
                    "cs",
                    0.001127264928072691
                ],
                [
                    "de",
                    0.0009852623334154487
                ],
                [
                    "cy",
                    0.0009025432518683374
                ],
                [
                    "el",
                    0.0007811620598658919
                ],
                [
                    "ro",
                    0.0007665982120670378
                ],
                [
                    "tr",
                    0.0007397516164928675
                ],
                [
                    "br",
                    0.0007042561192065477
                ],
                [
                    "eu",
                    0.0006145923980511725
                ],
                [
                    "hr",
                    0.0006034470861777663
                ],
                [
                    "hu",
                    0.0005937414243817329
                ],
                [
                    "sk",
                    0.000578268663957715
                ],
                [
                    "sa",
                    0.0005226474604569376
                ],
                [
                    "lt",
                    0.0004897958133369684
                ],
                [
                    "sv",
                    0.0004293755628168583
                ],
                [
                    "th",
                    0.0004237289831507951
                ],
                [
                    "it",
                    0.0003906248020939529
                ],
                [
                    "ar",
                    0.00037030092789791524
                ],
                [
                    "lv",
                    0.0003642572555691004
                ],
                [
                    "vi",
                    0.0003603910736273974
                ],
                [
                    "nl",
                    0.00034049429814331234
                ],
                [
                    "bg",
                    0.00032991202897392213
                ],
                [
                    "mi",
                    0.00031809191568754613
                ],
                [
                    "ca",
                    0.00030953114037401974
                ],
                [
                    "fi",
                    0.00029994832584634423
                ],
                [
                    "hi",
                    0.00024363218108192086
                ],
                [
                    "no",
                    0.00023351314302999526
                ],
                [
                    "te",
                    0.00022695312509313226
                ],
                [
                    "tl",
                    0.00018408817413728684
                ],
                [
                    "he",
                    0.00016892928397282958
                ],
                [
                    "yi",
                    0.0001522131497040391
                ],
                [
                    "ta",
                    0.00014523974095936865
                ],
                [
                    "sl",
                    0.00013963200035504997
                ],
                [
                    "si",
                    0.00013737914559897035
                ],
                [
                    "bs",
                    0.00011918122618226334
                ],
                [
                    "hy",
                    0.00011286250810371712
                ],
                [
                    "kk",
                    9.699256770545617e-05
                ],
                [
                    "yo",
                    9.549913374939933e-05
                ],
                [
                    "my",
                    8.048470044741407e-05
                ],
                [
                    "fo",
                    7.394585554720834e-05
                ],
                [
                    "fa",
                    7.380374881904572e-05
                ],
                [
                    "ur",
                    7.252211071318015e-05
                ],
                [
                    "oc",
                    6.913492688909173e-05
                ],
                [
                    "gl",
                    6.689638394163921e-05
                ],
                [
                    "ms",
                    6.581511115655303e-05
                ],
                [
                    "sr",
                    5.04454510519281e-05
                ],
                [
                    "bo",
                    4.756306952913292e-05
                ],
                [
                    "is",
                    4.029928459203802e-05
                ],
                [
                    "id",
                    3.963861308875494e-05
                ],
                [
                    "mn",
                    3.7334317312343046e-05
                ],
                [
                    "ht",
                    3.34124342771247e-05
                ],
                [
                    "bn",
                    3.328255479573272e-05
                ],
                [
                    "az",
                    3.0198576496331953e-05
                ],
                [
