{
    "path": "/Users/cindyzhang/YouLingo/video_analysis/sampled_videos_subset/199_video.mp4",
    "audio_path": "video_analysis/sampled_audios_subset/199_video_audio.wav",
    "language": "en",
    "length_sec": 5.07,
    "vad_duration_sec": 5.0155,
    "total_segment_length_sec": 0.0,
    "word_count": -1,
    "tokens": [],
    "types": [],
    "mean_sentence_length_words": -1.0,
    "wpm": -1,
    "spm": -1,
    "average_ptr": -1,
    "transcript_text": "",
    "transcript": {
        "segments": [],
        "info": {
            "language": "en",
            "duration": 5.0155,
            "duration_after_vad": 5.0155,
            "language_probability": 0.535496175289154,
            "all_language_probs": [
                [
                    "en",
                    0.535496175289154
                ],
                [
                    "ko",
                    0.13231612741947174
                ],
                [
                    "ja",
                    0.04312245920300484
                ],
                [
                    "ru",
                    0.03992944210767746
                ],
                [
                    "nn",
                    0.02136792056262493
                ],
                [
                    "zh",
                    0.01845330186188221
                ],
                [
                    "pt",
                    0.018194865435361862
                ],
                [
                    "jw",
                    0.017956942319869995
                ],
                [
                    "km",
                    0.017148055136203766
                ],
                [
                    "fr",
                    0.01671898178756237
                ],
                [
                    "es",
                    0.014683464542031288
                ],
                [
                    "de",
                    0.009809675626456738
                ],
                [
                    "vi",
                    0.009766614995896816
                ],
                [
                    "nl",
                    0.009083695709705353
                ],
                [
                    "ar",
                    0.006511647719889879
                ],
                [
                    "it",
                    0.00634992029517889
                ],
                [
                    "pl",
                    0.006237728986889124
                ],
                [
                    "hi",
                    0.005944458302110434
                ],
                [
                    "tr",
                    0.005576116964221001
                ],
                [
                    "th",
                    0.0055276923812925816
                ],
                [
                    "br",
                    0.004523629788309336
                ],
                [
                    "sv",
                    0.004318577237427235
                ],
                [
                    "sn",
                    0.0039107222110033035
                ],
                [
                    "la",
                    0.00357414735481143
                ],
                [
                    "tl",
                    0.003491841722279787
                ],
                [
                    "ro",
                    0.003087319666519761
                ],
                [
                    "id",
                    0.002523240400478244
                ],
                [
                    "te",
                    0.002497814130038023
                ],
                [
                    "ms",
                    0.0023490292951464653
                ],
                [
                    "fi",
                    0.0022894793655723333
                ],
                [
                    "el",
                    0.00203732680529356
                ],
                [
                    "cy",
                    0.0017829377902671695
                ],
                [
                    "haw",
                    0.0017750606639310718
                ],
                [
                    "hu",
                    0.0016587773570790887
                ],
                [
                    "ta",
                    0.0015356887597590685
                ],
                [
                    "bg",
                    0.0014514713548123837
                ],
                [
                    "uk",
                    0.001129230484366417
                ],
                [
                    "si",
                    0.0010983460815623403
                ],
                [
                    "ur",
                    0.0009663630044087768
                ],
                [
                    "cs",
                    0.0009514725534245372
                ],
                [
                    "no",
                    0.000931770249735564
                ],
                [
                    "ml",
                    0.0009035885450430214
                ],
                [
                    "ca",
                    0.000847802497446537
                ],
                [
                    "yo",
                    0.0007413122220896184
                ],
                [
                    "bn",
                    0.0007291882066056132
                ],
                [
                    "hy",
                    0.0007169560994952917
                ],
                [
                    "mi",
                    0.0006862715817987919
                ],
                [
                    "sa",
                    0.0006705351988784969
                ],
                [
                    "gl",
                    0.0005970920901745558
                ],
                [
                    "he",
                    0.0005509406328201294
                ],
                [
                    "fa",
                    0.00042403244879096746
                ],
                [
                    "da",
                    0.0003720097884070128
                ],
                [
                    "mn",
                    0.00035778130404651165
                ],
                [
                    "hr",
                    0.000346271728631109
                ],
                [
                    "sl",
                    0.00033637156593613327
                ],
                [
                    "lo",
                    0.0002990633947774768
                ],
                [
                    "my",
                    0.00025597744388505816
                ],
                [
                    "oc",
                    0.00024025548191275448
                ],
                [
                    "be",
                    0.0002242679038317874
                ],
                [
                    "bo",
                    0.0001985738635994494
                ],
                [
                    "sk",
                    0.00018251310393679887
                ],
                [
                    "yi",
                    0.00017999744159169495
                ],
                [
                    "ht",
                    0.00017343820945825428
                ],
                [
                    "eu",
                    0.00016859864990692586
                ],
                [
                    "bs",
                    0.00013993604807183146
                ],
                [
                    "lt",
                    0.00013071841385681182
                ],
                [
                    "fo",
                    0.0001291583030251786
                ],
                [
                    "is",
                    0.00011853169417008758
                ],
                [
                    "sw",
                    0.00011561675637494773
                ],
                [
                    "af",
