{
    "path": "/Users/cindyzhang/YouLingo/video_analysis/sampled_videos_subset/203_video.mp4",
    "audio_path": "video_analysis/sampled_audios_subset/203_video_audio.wav",
    "language": "ja",
    "length_sec": 26.57,
    "vad_duration_sec": 0.864,
    "total_segment_length_sec": 0.0,
    "word_count": -1,
    "tokens": [],
    "types": [],
    "mean_sentence_length_words": -1.0,
    "wpm": -1,
    "spm": -1,
    "average_ptr": -1,
    "transcript_text": "",
    "transcript": {
        "segments": [],
        "info": {
            "language": "ja",
            "duration": 26.5404375,
            "duration_after_vad": 0.864,
            "language_probability": 0.36310091614723206,
            "all_language_probs": [
                [
                    "ja",
                    0.36310091614723206
                ],
                [
                    "en",
                    0.25422272086143494
                ],
                [
                    "ko",
                    0.07768230885267258
                ],
                [
                    "nn",
                    0.049693070352077484
                ],
                [
                    "ru",
                    0.028918422758579254
                ],
                [
                    "fr",
                    0.022122720256447792
                ],
                [
                    "zh",
                    0.01997794210910797
                ],
                [
                    "es",
                    0.017869623377919197
                ],
                [
                    "pt",
                    0.015286549925804138
                ],
                [
                    "pl",
                    0.013489548116922379
                ],
                [
                    "jw",
                    0.011862155981361866
                ],
                [
                    "de",
                    0.010801388882100582
                ],
                [
                    "la",
                    0.010474388487637043
                ],
                [
                    "cy",
                    0.009104481898248196
                ],
                [
                    "it",
                    0.008730662986636162
                ],
                [
                    "hi",
                    0.008234788663685322
                ],
                [
                    "tr",
                    0.007670325692743063
                ],
                [
                    "id",
                    0.005869819782674313
                ],
                [
                    "km",
                    0.004899822175502777
                ],
                [
                    "th",
                    0.0046463594771921635
                ],
                [
                    "ms",
                    0.0046453094109892845
                ],
                [
                    "haw",
                    0.004001384135335684
                ],
                [
                    "ar",
                    0.0036289975978434086
                ],
                [
                    "nl",
                    0.0033260418567806482
                ],
                [
                    "te",
                    0.003162033623084426
                ],
                [
                    "el",
                    0.0026498204097151756
                ],
                [
                    "fi",
                    0.002446298021823168
                ],
                [
                    "ro",
                    0.0021368819288909435
                ],
                [
                    "sv",
                    0.0020564249716699123
                ],
                [
                    "br",
                    0.001929786754772067
                ],
                [
                    "sn",
                    0.0018479791469871998
                ],
                [
                    "cs",
                    0.001609602477401495
                ],
                [
                    "tl",
                    0.0015774226048961282
                ],
                [
                    "hu",
                    0.0014529500622302294
                ],
                [
                    "vi",
                    0.0014393310993909836
                ],
                [
                    "ur",
                    0.001152186538092792
                ],
                [
                    "si",
                    0.0011280805338174105
                ],
                [
                    "mi",
                    0.0011118639959022403
                ],
                [
                    "uk",
                    0.0010698761325329542
                ],
                [
                    "ta",
                    0.0010128812864422798
                ],
                [
                    "ml",
                    0.0009176715393550694
                ],
                [
                    "he",
                    0.0008750497945584357
                ],
                [
                    "mn",
                    0.0008218481671065092
                ],
                [
                    "sa",
                    0.0007792263058945537
                ],
                [
                    "ca",
                    0.0007230822811834514
                ],
                [
                    "hr",
                    0.0006482316530309618
                ],
                [
                    "no",
                    0.0006215473404154181
                ],
                [
                    "da",
                    0.0005142994341440499
                ],
                [
                    "sk",
                    0.000434227054938674
                ],
                [
                    "gl",
                    0.00042248229146935046
                ],
                [
                    "eu",
                    0.0004040803760290146
                ],
                [
                    "bg",
                    0.00040169552084989846
                ],
                [
                    "fa",
                    0.0003675367624964565
                ],
                [
                    "sl",
                    0.0003255369374528527
                ],
                [
                    "bn",
                    0.0003217365010641515
                ],
                [
                    "my",
                    0.00028381776064634323
                ],
                [
                    "be",
                    0.00024375150678679347
                ],
                [
                    "yo",
                    0.0002436365612084046
                ],
                [
                    "bs",
                    0.00024012861831579357
                ],
                [
                    "bo",
                    0.00023815699387341738
                ],
                [
                    "hy",
                    0.00019519739726092666
                ],
                [
                    "oc",
                    0.0001672789076110348
                ],
                [
                    "sw",
                    0.00016039136971812695
                ],
                [
                    "fo",
                    0.0001529906876385212
                ],
                [
                    "ne",
                    0.00014137801190372556
                ],
                [
                    "is",
                    0.00013820378808304667
                ],
                [
                    "ht",
                    0.00013619335368275642
                ],
                [
                    "lo",
                    9.816138481255621e-05
                ],
                [
                    "lv",
                    9.178189793601632e-05
                ],
                [
                    "yi",
