{
    "path": "/Users/cindyzhang/YouLingo/video_analysis/sampled_videos_subset/216_video.mp4",
    "audio_path": "video_analysis/sampled_audios_subset/216_video_audio.wav",
    "language": "nl",
    "length_sec": 26.55,
    "vad_duration_sec": 26.5418125,
    "total_segment_length_sec": 0.0,
    "word_count": -1,
    "tokens": [],
    "types": [],
    "mean_sentence_length_words": -1.0,
    "wpm": -1,
    "spm": -1,
    "average_ptr": -1,
    "transcript_text": "",
    "transcript": {
        "segments": [],
        "info": {
            "language": "nl",
            "duration": 26.5418125,
            "duration_after_vad": 26.5418125,
            "language_probability": 0.9592376351356506,
            "all_language_probs": [
                [
                    "nl",
                    0.9592376351356506
                ],
                [
                    "en",
                    0.019758915528655052
                ],
                [
                    "pl",
                    0.00428817979991436
                ],
                [
                    "de",
                    0.004050067625939846
                ],
                [
                    "fr",
                    0.0026207694318145514
                ],
                [
                    "pt",
                    0.0017421880038455129
                ],
                [
                    "ja",
                    0.001721890876069665
                ],
                [
                    "tr",
                    0.0007578000659123063
                ],
                [
                    "nn",
                    0.0007445006049238145
                ],
                [
                    "es",
                    0.0006073626573197544
                ],
                [
                    "el",
                    0.000552936689928174
                ],
                [
                    "ru",
                    0.0005378338973969221
                ],
                [
                    "ar",
                    0.00030696476460434496
                ],
                [
                    "it",
                    0.0002915480872616172
                ],
                [
                    "ko",
                    0.0002631916431710124
                ],
                [
                    "vi",
                    0.00025949726114049554
                ],
                [
                    "hu",
                    0.0001976665953407064
                ],
                [
                    "hi",
                    0.00019546881958376616
                ],
                [
                    "zh",
                    0.0001792055700207129
                ],
                [
                    "fi",
                    0.00017436248890589923
                ],
                [
                    "id",
                    0.00015832898498047143
                ],
                [
                    "la",
                    0.00015355361392721534
                ],
                [
                    "cs",
                    0.0001269071944989264
                ],
                [
                    "cy",
                    0.00011577666009543464
                ],
                [
                    "jw",
                    0.00011568704212550074
                ],
                [
                    "km",
                    9.492997196502984e-05
                ],
                [
                    "sv",
                    9.37936783884652e-05
                ],
                [
                    "no",
                    8.609495853306726e-05
                ],
                [
                    "br",
                    6.703176040900871e-05
                ],
                [
                    "ca",
                    5.291409252095036e-05
                ],
                [
                    "th",
                    5.042269913246855e-05
                ],
                [
                    "haw",
                    3.939275484299287e-05
                ],
                [
                    "af",
                    3.888824721798301e-05
                ],
                [
                    "ur",
                    3.519893652992323e-05
                ],
                [
                    "tl",
                    3.256571289966814e-05
                ],
                [
                    "ms",
                    3.189973358530551e-05
                ],
                [
                    "da",
                    2.902928099501878e-05
                ],
                [
                    "eu",
                    2.6548073947196826e-05
                ],
                [
                    "is",
                    1.3470021258399356e-05
                ],
                [
                    "gl",
                    1.2995382348890416e-05
                ],
                [
                    "sn",
                    1.1752559657907113e-05
                ],
                [
                    "mi",
                    1.1543890650500543e-05
                ],
                [
                    "ml",
                    1.1012725735781714e-05
                ],
                [
                    "he",
                    1.0491353350516874e-05
                ],
                [
                    "uk",
                    8.590135621489026e-06
                ],
                [
                    "ta",
                    7.838298188289627e-06
                ],
                [
                    "ro",
                    7.470453056157567e-06
                ],
                [
                    "sk",
                    6.576268333446933e-06
                ],
                [
                    "bg",
                    5.916026111663086e-06
                ],
                [
                    "yi",
                    5.677483841282083e-06
                ],
                [
                    "ht",
                    4.23796018367284e-06
                ],
                [
                    "mn",
                    3.5764101085078437e-06
                ],
                [
                    "oc",
                    3.563520294846967e-06
                ],
                [
                    "lv",
                    3.382216846148367e-06
                ],
                [
                    "yo",
                    2.9501993594749365e-06
                ],
                [
                    "et",
                    2.6202631033811485e-06
                ],
                [
                    "sa",
                    2.572515313659096e-06
                ],
                [
                    "bn",
                    1.785390850272961e-06
                ],
                [
                    "fo",
                    1.7775026890376466e-06
                ],
                [
                    "be",
                    1.6804070810394478e-06
                ],
                [
                    "si",
                    1.6548392522963695e-06
                ],
                [
                    "hy",
                    1.6447351072201855e-06
                ],
                [
                    "az",
                    1.5752652871015016e-06
                ],
                [
                    "te",
                    1.5472503491764655e-06
                ],
                [
                    "my",
                    1.5363798411272e-06
                ],
                [
                    "hr",
                    1.4620389947594958e-06
                ],
                [
                    "fa",
                    1.3603771549242083e-06
                ],
                [
                    "sl",
                    1.339216169071733e-06
                ],
                [
                    "lt",
                    1.0783865036501084e-06
                ],
