{
    "path": "/Users/cindyzhang/YouLingo/video_analysis/sampled_videos_subset/217_video.mp4",
    "audio_path": "video_analysis/sampled_audios_subset/217_video_audio.wav",
    "language": "en",
    "length_sec": 11.55,
    "vad_duration_sec": 5.024,
    "total_segment_length_sec": 0.0,
    "word_count": -1,
    "tokens": [],
    "types": [],
    "mean_sentence_length_words": -1.0,
    "wpm": -1,
    "spm": -1,
    "average_ptr": -1,
    "transcript_text": "",
    "transcript": {
        "segments": [],
        "info": {
            "language": "en",
            "duration": 11.5403125,
            "duration_after_vad": 5.024,
            "language_probability": 0.8573680520057678,
            "all_language_probs": [
                [
                    "en",
                    0.8573680520057678
                ],
                [
                    "ko",
                    0.02535778470337391
                ],
                [
                    "ja",
                    0.014627627097070217
                ],
                [
                    "zh",
                    0.009685722179710865
                ],
                [
                    "la",
                    0.007426244672387838
                ],
                [
                    "pt",
                    0.007385738659650087
                ],
                [
                    "cy",
                    0.007330716121941805
                ],
                [
                    "fr",
                    0.0072621069848537445
                ],
                [
                    "de",
                    0.006741460878401995
                ],
                [
                    "ru",
                    0.004699409008026123
                ],
                [
                    "pl",
                    0.0044328272342681885
                ],
                [
                    "es",
                    0.004428547341376543
                ],
                [
                    "it",
                    0.0038828058168292046
                ],
                [
                    "haw",
                    0.00381992245092988
                ],
                [
                    "ar",
                    0.0034310701303184032
                ],
                [
                    "nn",
                    0.0032210317440330982
                ],
                [
                    "tr",
                    0.0026736571453511715
                ],
                [
                    "jw",
                    0.0022773477248847485
                ],
                [
                    "el",
                    0.0021569435484707355
                ],
                [
                    "nl",
                    0.0020702530164271593
                ],
                [
                    "tl",
                    0.0016950463177636266
                ],
                [
                    "km",
                    0.0014034240739420056
                ],
                [
                    "th",
                    0.0013475555460900068
                ],
                [
                    "hi",
                    0.0013272369978949428
                ],
                [
                    "vi",
                    0.0012953693512827158
                ],
                [
                    "ms",
                    0.0010376207064837217
                ],
                [
                    "mi",
                    0.000879492552485317
                ],
                [
                    "te",
                    0.0006583728245459497
                ],
                [
                    "br",
                    0.0006500419694930315
                ],
                [
                    "ta",
                    0.000635140051599592
                ],
                [
                    "sv",
                    0.0005683745839633048
                ],
                [
                    "he",
                    0.0005594543763436377
                ],
                [
                    "sn",
                    0.0004867837415076792
                ],
                [
                    "ro",
                    0.00048380790394730866
                ],
                [
                    "ur",
                    0.0004656201635953039
                ],
                [
                    "da",
                    0.00043303825077600777
                ],
                [
                    "hu",
                    0.000412080145906657
                ],
                [
                    "id",
                    0.0004097570781596005
                ],
                [
                    "yo",
                    0.00029440014623105526
                ],
                [
                    "no",
                    0.0002837034990079701
                ],
                [
                    "cs",
                    0.00025830144295468926
                ],
                [
                    "sl",
                    0.00024858853430487216
                ],
                [
                    "yi",
                    0.00023578462423756719
                ],
                [
                    "sa",
                    0.00023262243485078216
                ],
                [
                    "fa",
                    0.00021349932649172843
                ],
                [
                    "ht",
                    0.00020619486167561263
                ],
                [
                    "ml",
                    0.00020475870405789465
                ],
                [
                    "uk",
                    0.0002014664059970528
                ],
                [
                    "my",
                    0.00018986071518156677
                ],
                [
                    "si",
                    0.00018663113587535918
                ],
                [
                    "ca",
                    0.00017724749341141433
                ],
                [
                    "fi",
                    0.0001532320457044989
                ],
                [
                    "eu",
                    0.0001450150739401579
                ],
                [
                    "bo",
                    0.00014163203013595194
                ],
                [
                    "gl",
                    0.0001378095184918493
                ],
                [
                    "hr",
                    0.00013437485904432833
                ],
                [
                    "is",
                    0.00012276732013560832
                ],
                [
                    "bs",
                    0.00012202040670672432
                ],
                [
                    "bn",
                    0.00011480599641799927
                ],
                [
                    "bg",
                    0.00010770799417514354
                ],
                [
                    "sw",
                    0.00010171015310334042
                ],
                [
                    "mn",
                    9.854410745901987e-05
                ],
                [
                    "af",
                    7.006206578807905e-05
                ],
                [
                    "oc",
                    5.5682943639112636e-05
                ],
                [
                    "be",
                    5.113458973937668e-05
                ],
                [
                    "ne",
                    5.0111997552448884e-05
                ],
                [
                    "fo",
                    3.914662011084147e-05
                ],
                [
                    "sk",
                    3.7948248063912615e-05
                ],
                [
                    "lv",
                    3.6405937862582505e-05
                ],
                [
