{
    "path": "/Users/cindyzhang/YouLingo/video_analysis/sampled_videos_subset/225_video.mp4",
    "audio_path": "video_analysis/sampled_audios_subset/225_video_audio.wav",
    "language": "en",
    "length_sec": 10.07,
    "vad_duration_sec": 6.7598125,
    "total_segment_length_sec": 0.0,
    "word_count": -1,
    "tokens": [],
    "types": [],
    "mean_sentence_length_words": -1.0,
    "wpm": -1,
    "spm": -1,
    "average_ptr": -1,
    "transcript_text": "",
    "transcript": {
        "segments": [],
        "info": {
            "language": "en",
            "duration": 10.0078125,
            "duration_after_vad": 6.7598125,
            "language_probability": 0.630358874797821,
            "all_language_probs": [
                [
                    "en",
                    0.630358874797821
                ],
                [
                    "ko",
                    0.04838250204920769
                ],
                [
                    "fr",
                    0.041876956820487976
                ],
                [
                    "pt",
                    0.022710878401994705
                ],
                [
                    "es",
                    0.02248811163008213
                ],
                [
                    "ru",
                    0.021471017971634865
                ],
                [
                    "ja",
                    0.01970624178647995
                ],
                [
                    "jw",
                    0.018154533579945564
                ],
                [
                    "km",
                    0.016494648531079292
                ],
                [
                    "nl",
                    0.015836039558053017
                ],
                [
                    "zh",
                    0.013833293691277504
                ],
                [
                    "de",
                    0.013002193532884121
                ],
                [
                    "hi",
                    0.011828282848000526
                ],
                [
                    "tr",
                    0.00937296450138092
                ],
                [
                    "nn",
                    0.008544140495359898
                ],
                [
                    "ar",
                    0.007406575605273247
                ],
                [
                    "pl",
                    0.0064972881227731705
                ],
                [
                    "it",
                    0.004955000709742308
                ],
                [
                    "el",
                    0.004321733955293894
                ],
                [
                    "cy",
                    0.00397992879152298
                ],
                [
                    "vi",
                    0.003192651318386197
                ],
                [
                    "sv",
                    0.003134831553325057
                ],
                [
                    "tl",
                    0.003097515320405364
                ],
                [
                    "la",
                    0.0030538407154381275
                ],
                [
                    "sn",
                    0.002715212292969227
                ],
                [
                    "ta",
                    0.0025721753481775522
                ],
                [
                    "th",
                    0.0025244825519621372
                ],
                [
                    "te",
                    0.0023537229280918837
                ],
                [
                    "haw",
                    0.0022450836841017008
                ],
                [
                    "uk",
                    0.0019517627079039812
                ],
                [
                    "hu",
                    0.0019409818341955543
                ],
                [
                    "id",
                    0.0018765031127259135
                ],
                [
                    "ro",
                    0.0017384153325110674
                ],
                [
                    "cs",
                    0.001707388088107109
                ],
                [
                    "ur",
                    0.0016716631362214684
                ],
                [
                    "ml",
                    0.0016378642758354545
                ],
                [
                    "ms",
                    0.001629989012144506
                ],
                [
                    "mi",
                    0.0013615445932373405
                ],
                [
                    "no",
                    0.0012794602662324905
                ],
                [
                    "fi",
                    0.0011267332592979074
                ],
                [
                    "ca",
                    0.0011058516101911664
                ],
                [
                    "yo",
                    0.0010870936093851924
                ],
                [
                    "br",
                    0.0010595895582810044
                ],
                [
                    "da",
                    0.0010349572403356433
                ],
                [
                    "si",
                    0.000977196847088635
                ],
                [
                    "he",
                    0.0009560960461385548
                ],
                [
                    "bg",
                    0.0008360559586435556
                ],
                [
                    "bn",
                    0.0007492602453567088
                ],
                [
                    "sa",
                    0.000669398985337466
                ],
                [
                    "gl",
                    0.0006628709379583597
                ],
                [
                    "hr",
                    0.0004800763272214681
                ],
                [
                    "fa",
                    0.0003928777587134391
                ],
                [
                    "is",
                    0.00034105792292393744
                ],
                [
                    "sl",
                    0.00032784946961328387
                ],
                [
                    "my",
                    0.0003115680592600256
                ],
                [
                    "eu",
                    0.0002984770108014345
                ],
                [
                    "mn",
                    0.00029045462724752724
                ],
                [
                    "ht",
                    0.00028275843942537904
                ],
                [
                    "bs",
                    0.0002707440871745348
                ],
                [
                    "yi",
                    0.00026900629745796323
                ],
                [
                    "bo",
                    0.00026627740589901805
                ],
                [
                    "oc",
                    0.00025479585747234523
                ],
                [
                    "hy",
                    0.0002485362929292023
                ],
                [
                    "fo",
                    0.000210440659429878
                ],
                [
                    "af",
                    0.00020776096789631993
                ],
                [
                    "sk",
                    0.00020719863823615015
                ],
                [
                    "lv",
                    0.00020066126307938248
                ],
                [
                    "be",
                    0.0001896097674034536
                ],
                [
                    "ne",
                    0.00018334858759772032
                ],
                [
                    "az",
