{
    "path": "/Users/cindyzhang/YouLingo/video_analysis/sampled_videos_subset/226_video.mp4",
    "audio_path": "video_analysis/sampled_audios_subset/226_video_audio.wav",
    "language": "si",
    "length_sec": 10.17,
    "vad_duration_sec": 7.4519375,
    "total_segment_length_sec": 0.0,
    "word_count": -1,
    "tokens": [],
    "types": [],
    "mean_sentence_length_words": -1.0,
    "wpm": -1,
    "spm": -1,
    "average_ptr": -1,
    "transcript_text": "",
    "transcript": {
        "segments": [],
        "info": {
            "language": "si",
            "duration": 10.1239375,
            "duration_after_vad": 7.4519375,
            "language_probability": 0.5784769058227539,
            "all_language_probs": [
                [
                    "si",
                    0.5784769058227539
                ],
                [
                    "mr",
                    0.07490599900484085
                ],
                [
                    "ta",
                    0.07062631100416183
                ],
                [
                    "sa",
                    0.04304707050323486
                ],
                [
                    "en",
                    0.02899211086332798
                ],
                [
                    "ne",
                    0.025899894535541534
                ],
                [
                    "hi",
                    0.0246291384100914
                ],
                [
                    "bn",
                    0.02268625609576702
                ],
                [
                    "jw",
                    0.01969996467232704
                ],
                [
                    "pa",
                    0.019507115706801414
                ],
                [
                    "te",
                    0.016860416159033775
                ],
                [
                    "ml",
                    0.013654457405209541
                ],
                [
                    "gu",
                    0.013606094755232334
                ],
                [
                    "kn",
                    0.012978854589164257
                ],
                [
                    "ms",
                    0.005086377263069153
                ],
                [
                    "km",
                    0.004281837493181229
                ],
                [
                    "id",
                    0.00234041060321033
                ],
                [
                    "ps",
                    0.0022744929883629084
                ],
                [
                    "zh",
                    0.002015701262280345
                ],
                [
                    "as",
                    0.0015921189915388823
                ],
                [
                    "haw",
                    0.0011918469099327922
                ],
                [
                    "tl",
                    0.0011216317070648074
                ],
                [
                    "my",
                    0.0010717975674197078
                ],
                [
                    "ja",
                    0.0009507987415418029
                ],
                [
                    "am",
                    0.0009127885568886995
                ],
                [
                    "ur",
                    0.0008900508983060718
                ],
                [
                    "fr",
                    0.0008836593478918076
                ],
                [
                    "bo",
                    0.0008623493486084044
                ],
                [
                    "la",
                    0.0007335738046094775
                ],
                [
                    "sd",
                    0.0007284106104634702
                ],
                [
                    "th",
                    0.0005814760806970298
                ],
                [
                    "ro",
                    0.000568627321626991
                ],
                [
                    "sw",
                    0.0005419503431767225
                ],
                [
                    "ko",
                    0.0004801026952918619
                ],
                [
                    "es",
                    0.00047080431249924004
                ],
                [
                    "so",
                    0.00037643840187229216
                ],
                [
                    "fa",
                    0.00034007872454822063
                ],
                [
                    "nn",
                    0.00027888009208254516
                ],
                [
                    "de",
                    0.00027539010625332594
                ],
                [
                    "ar",
                    0.000261353503447026
                ],
                [
                    "eu",
                    0.0002542760339565575
                ],
                [
                    "cs",
                    0.0002461535332258791
                ],
                [
                    "lt",
                    0.00022551791334990412
                ],
                [
                    "fi",
                    0.00017965046572498977
                ],
                [
                    "et",
                    0.00017450704763177782
                ],
                [
                    "lv",
                    0.0001715875550871715
                ],
                [
                    "tr",
                    0.00016633405175525695
                ],
                [
                    "mi",
                    0.0001572211185703054
                ],
                [
                    "vi",
                    0.00015456635446753353
                ],
                [
                    "kk",
                    0.0001532083988422528
                ],
                [
                    "sn",
                    0.00015177016030065715
                ],
                [
                    "uk",
                    0.00013909996778238565
                ],
                [
                    "da",
                    0.00012593519932124764
                ],
                [
                    "cy",
                    0.0001134952181018889
                ],
                [
                    "hy",
                    6.84083643136546e-05
                ],
                [
                    "yo",
                    6.696633499814197e-05
                ],
                [
                    "su",
                    6.464782927650958e-05
                ],
                [
                    "lo",
                    6.257063068915159e-05
                ],
                [
                    "ru",
                    5.402683018473908e-05
                ],
                [
                    "mn",
                    4.343968612374738e-05
                ],
                [
                    "bg",
                    4.244886804372072e-05
                ],
                [
                    "af",
                    4.0234768675873056e-05
                ],
                [
                    "sk",
                    3.98940646846313e-05
                ],
                [
                    "ka",
                    3.571050547179766e-05
                ],
                [
                    "br",
                    2.7974832846666686e-05
                ],
                [
                    "pt",
                    2.4421011403319426e-05
                ],
                [
                    "nl",
                    2.4166716684703715e-05
                ],
                [
                    "it",
                    2.3619326384505257e-05
                ],
                [
                    "he",
                    2.1223615476628765e-05
                ],
                [
