{
    "path": "/Users/cindyzhang/YouLingo/video_analysis/sampled_videos_subset/22_video.mp4",
    "audio_path": "video_analysis/sampled_audios_subset/22_video_audio.wav",
    "language": "en",
    "length_sec": 28.97,
    "vad_duration_sec": 3.84,
    "total_segment_length_sec": 0.0,
    "word_count": -1,
    "tokens": [],
    "types": [],
    "mean_sentence_length_words": -1.0,
    "wpm": -1,
    "spm": -1,
    "average_ptr": -1,
    "transcript_text": "",
    "transcript": {
        "segments": [],
        "info": {
            "language": "en",
            "duration": 28.9566875,
            "duration_after_vad": 3.84,
            "language_probability": 0.2072346806526184,
            "all_language_probs": [
                [
                    "en",
                    0.2072346806526184
                ],
                [
                    "zh",
                    0.18812817335128784
                ],
                [
                    "fr",
                    0.10541567951440811
                ],
                [
                    "pt",
                    0.06718666106462479
                ],
                [
                    "ko",
                    0.051638443022966385
                ],
                [
                    "ru",
                    0.041424766182899475
                ],
                [
                    "tr",
                    0.04016159847378731
                ],
                [
                    "de",
                    0.034665435552597046
                ],
                [
                    "ja",
                    0.02642831578850746
                ],
                [
                    "pl",
                    0.02174440026283264
                ],
                [
                    "it",
                    0.018591096624732018
                ],
                [
                    "ar",
                    0.013135799206793308
                ],
                [
                    "la",
                    0.012927375733852386
                ],
                [
                    "hi",
                    0.012081743218004704
                ],
                [
                    "cy",
                    0.011453184299170971
                ],
                [
                    "jw",
                    0.011095408350229263
                ],
                [
                    "nn",
                    0.010652963072061539
                ],
                [
                    "es",
                    0.00901816412806511
                ],
                [
                    "nl",
                    0.008220807649195194
                ],
                [
                    "cs",
                    0.007437584456056356
                ],
                [
                    "br",
                    0.0060147871263325214
                ],
                [
                    "ur",
                    0.005275948438793421
                ],
                [
                    "he",
                    0.004797158297151327
                ],
                [
                    "el",
                    0.004647512920200825
                ],
                [
                    "hu",
                    0.004475150723010302
                ],
                [
                    "sv",
                    0.004385810811072588
                ],
                [
                    "ro",
                    0.004213330335915089
                ],
                [
                    "uk",
                    0.004136091563850641
                ],
                [
                    "bo",
                    0.0036478503607213497
                ],
                [
                    "no",
                    0.00346242799423635
                ],
                [
                    "km",
                    0.0031587432604283094
                ],
                [
                    "vi",
                    0.0031424639746546745
                ],
                [
                    "sn",
                    0.00313144875690341
                ],
                [
                    "haw",
                    0.0030322528909891844
                ],
                [
                    "ms",
                    0.002628123154863715
                ],
                [
                    "mi",
                    0.0024441673886030912
                ],
                [
                    "yo",
                    0.0021899587009102106
                ],
                [
                    "my",
                    0.0021802198607474566
                ],
                [
                    "da",
                    0.00198052148334682
                ],
                [
                    "ca",
                    0.0019450450781732798
                ],
                [
                    "bs",
                    0.001919534057378769
                ],
                [
                    "fa",
                    0.0018121429020538926
                ],
                [
                    "sl",
                    0.0015443230513483286
                ],
                [
                    "hr",
                    0.0015266950940713286
                ],
                [
                    "ht",
                    0.0015213065780699253
                ],
                [
                    "sa",
                    0.0014677519211545587
                ],
                [
                    "bg",
                    0.0014544976875185966
                ],
                [
                    "oc",
                    0.0012870021164417267
                ],
                [
                    "yi",
                    0.0012697494821622968
                ],
                [
                    "bn",
                    0.001147549832239747
                ],
                [
                    "be",
                    0.001089314348064363
                ],
                [
                    "ta",
                    0.00107233552262187
                ],
                [
                    "mn",
                    0.0010440079495310783
                ],
                [
                    "sk",
                    0.0009029071079567075
                ],
                [
                    "eu",
                    0.0008627274655736983
                ],
                [
                    "az",
                    0.0008596653351560235
                ],
                [
                    "si",
                    0.0007945275283418596
                ],
                [
                    "te",
                    0.0007816334837116301
                ],
                [
                    "lv",
                    0.0005383151001296937
                ],
                [
                    "fo",
                    0.0005311446730047464
                ],
                [
                    "sr",
                    0.0005221376195549965
                ],
                [
                    "th",
                    0.0004915391909889877
                ],
                [
                    "gl",
                    0.00043374852975830436
                ],
                [
                    "ml",
                    0.0004256684915162623
                ],
                [
                    "lt",
                    0.000415465998230502
                ],
                [
                    "fi",
                    0.00038928695721551776
                ],
                [
                    "id",
                    0.0003808325855061412
                ],
                [
                    "tl",
                    0.0003591768036130816
                ],
                [
                    "hy",
                    0.00035614214721135795
                ],
                [
                    "is",
