{
    "path": "/Users/cindyzhang/YouLingo/video_analysis/sampled_videos_subset/238_video.mp4",
    "audio_path": "video_analysis/sampled_audios_subset/238_video_audio.wav",
    "language": "ja",
    "length_sec": 30.12,
    "vad_duration_sec": 26.608,
    "total_segment_length_sec": 2.12,
    "word_count": -1,
    "tokens": [],
    "types": [],
    "mean_sentence_length_words": -1.0,
    "wpm": -1,
    "spm": -1,
    "average_ptr": -1,
    "transcript_text": "ほれるひ 愛さしい !",
    "transcript": {
        "segments": [
            {
                "id": 1,
                "start": 0.0,
                "end": 1.78,
                "text": "ほれるひ 愛さしい",
                "no_speech_prob": 0.05480814725160599,
                "avg_logprob": -2.4455069644110545,
                "compression_ratio": 0.7428571428571429,
                "temperature": 1.0
            },
            {
                "id": 2,
                "start": 19.78,
                "end": 20.12,
                "text": "!",
                "no_speech_prob": 0.05480814725160599,
                "avg_logprob": -2.4455069644110545,
                "compression_ratio": 0.7428571428571429,
                "temperature": 1.0
            }
        ],
        "info": {
            "language": "ja",
            "duration": 30.069875,
            "duration_after_vad": 26.608,
            "language_probability": 0.5533228516578674,
            "all_language_probs": [
                [
                    "ja",
                    0.5533228516578674
                ],
                [
                    "ko",
                    0.26602932810783386
                ],
                [
                    "jw",
                    0.020031092688441277
                ],
                [
                    "zh",
                    0.01915105991065502
                ],
                [
                    "pt",
                    0.017510345205664635
                ],
                [
                    "en",
                    0.016263216733932495
                ],
                [
                    "th",
                    0.013792596757411957
                ],
                [
                    "es",
                    0.010861300863325596
                ],
                [
                    "ms",
                    0.009714850224554539
                ],
                [
                    "id",
                    0.008364005014300346
                ],
                [
                    "nn",
                    0.007266219239681959
                ],
                [
                    "fr",
                    0.007144186180084944
                ],
                [
                    "km",
                    0.007074670400470495
                ],
                [
                    "vi",
                    0.006244190502911806
                ],
                [
                    "sv",
                    0.005610584747046232
                ],
                [
                    "hu",
                    0.002472708933055401
                ],
                [
                    "mn",
                    0.0022715923842042685
                ],
                [
                    "fi",
                    0.002222395734861493
                ],
                [
                    "it",
                    0.0021563402842730284
                ],
                [
                    "mi",
                    0.0017179811839014292
                ],
                [
                    "ar",
                    0.0016966777620837092
                ],
                [
                    "ru",
                    0.001397001906298101
                ],
                [
                    "haw",
                    0.0013730028877034783
                ],
                [
                    "de",
                    0.0013675118098035455
                ],
                [
                    "sn",
                    0.0012374698417261243
                ],
                [
                    "ro",
                    0.001219149329699576
                ],
                [
                    "pl",
                    0.0008860715315677226
                ],
                [
                    "br",
                    0.0008632137323729694
                ],
                [
                    "tl",
                    0.0008388612768612802
                ],
                [
                    "hi",
                    0.0008238665177486837
                ],
                [
                    "la",
                    0.0005818945937789977
                ],
                [
                    "my",
                    0.0005308290128596127
                ],
                [
                    "tr",
                    0.0005060860421508551
                ],
                [
                    "no",
                    0.000504008203279227
                ],
                [
                    "ca",
                    0.0004753608372993767
                ],
                [
                    "te",
                    0.0004668494511861354
                ],
                [
                    "nl",
                    0.00040845811599865556
                ],
                [
                    "eu",
                    0.00034336367389187217
                ],
                [
                    "cy",
                    0.0003199475759174675
                ],
                [
                    "da",
                    0.0003162324719596654
                ],
                [
                    "uk",
                    0.0003129874530714005
                ],
                [
                    "el",
                    0.0002919165708590299
                ],
                [
                    "ml",
                    0.0002884340938180685
                ],
                [
                    "fo",
                    0.00028354450478218496
                ],
                [
                    "si",
                    0.0002758641494438052
                ],
                [
                    "bn",
                    0.0002726638922467828
                ],
                [
                    "lo",
                    0.00025887522497214377
                ],
                [
                    "yo",
                    0.00023927069560158998
                ],
                [
                    "hy",
                    0.0002364534739172086
                ],
                [
                    "fa",
                    0.0002189717924920842
                ],
                [
                    "ne",
                    0.00015749446174595505
                ],
                [
                    "gl",
                    0.0001474008458899334
                ],
                [
                    "cs",
                    0.0001368364319205284
                ],
                [
                    "hr",
                    0.00013567370478995144
                ],
                [
                    "he",
                    0.00013019384641665965
                ],
                [
                    "ta",
                    0.00012851222709286958
                ],
                [
                    "be",
                    0.00011293102579656988
                ],
                [
                    "ht",
                    0.00011279519821982831
                ],
                [
                    "bo",
                    8.483979036100209e-05
                ],
                [
                    "oc",
                    8.236940630013123e-05
                ],
                [
                    "et",
                    7.253514922922477e-05
                ],
                [
                    "sa",
                    7.128954166546464e-05
                ],
                [
                    "is",
