{
    "path": "/Users/cindyzhang/YouLingo/video_analysis/sampled_videos_subset/242_video.mp4",
    "audio_path": "video_analysis/sampled_audios_subset/242_video_audio.wav",
    "language": "en",
    "length_sec": 21.9,
    "vad_duration_sec": 4.96,
    "total_segment_length_sec": 0.0,
    "word_count": -1,
    "tokens": [],
    "types": [],
    "mean_sentence_length_words": -1.0,
    "wpm": -1,
    "spm": -1,
    "average_ptr": -1,
    "transcript_text": "",
    "transcript": {
        "segments": [],
        "info": {
            "language": "en",
            "duration": 21.85,
            "duration_after_vad": 4.96,
            "language_probability": 0.3398567736148834,
            "all_language_probs": [
                [
                    "en",
                    0.3398567736148834
                ],
                [
                    "km",
                    0.07709916681051254
                ],
                [
                    "nn",
                    0.06931646168231964
                ],
                [
                    "jw",
                    0.0635792464017868
                ],
                [
                    "ja",
                    0.04900996759533882
                ],
                [
                    "ru",
                    0.03421058878302574
                ],
                [
                    "pt",
                    0.030269647017121315
                ],
                [
                    "sn",
                    0.02909673936665058
                ],
                [
                    "es",
                    0.02827097661793232
                ],
                [
                    "ko",
                    0.026652485132217407
                ],
                [
                    "fr",
                    0.02407940849661827
                ],
                [
                    "de",
                    0.0177142471075058
                ],
                [
                    "br",
                    0.015382540412247181
                ],
                [
                    "la",
                    0.014622306451201439
                ],
                [
                    "it",
                    0.013194628059864044
                ],
                [
                    "zh",
                    0.011550198309123516
                ],
                [
                    "te",
                    0.011276163160800934
                ],
                [
                    "ro",
                    0.010567648336291313
                ],
                [
                    "pl",
                    0.010269726626574993
                ],
                [
                    "si",
                    0.009709838777780533
                ],
                [
                    "nl",
                    0.008410701528191566
                ],
                [
                    "tr",
                    0.008100859820842743
                ],
                [
                    "hi",
                    0.007976803928613663
                ],
                [
                    "bg",
                    0.00735094491392374
                ],
                [
                    "haw",
                    0.00702533358708024
                ],
                [
                    "cy",
                    0.00504250219091773
                ],
                [
                    "ar",
                    0.004565428476780653
                ],
                [
                    "el",
                    0.0042826514691114426
                ],
                [
                    "sv",
                    0.0039987992495298386
                ],
                [
                    "sa",
                    0.003950834274291992
                ],
                [
                    "yo",
                    0.0035581355914473534
                ],
                [
                    "fi",
                    0.003107673954218626
                ],
                [
                    "th",
                    0.0030501221772283316
                ],
                [
                    "vi",
                    0.0030151144601404667
                ],
                [
                    "ta",
                    0.0029693464748561382
                ],
                [
                    "hu",
                    0.002913400065153837
                ],
                [
                    "uk",
                    0.002567312913015485
                ],
                [
                    "id",
                    0.002494117245078087
                ],
                [
                    "tl",
                    0.002235924359411001
                ],
                [
                    "cs",
                    0.0022122347727417946
                ],
                [
                    "ms",
                    0.001940256217494607
                ],
                [
                    "mi",
                    0.0015564991626888514
                ],
                [
                    "bn",
                    0.0014654183760285378
                ],
                [
                    "ur",
                    0.0013901864876970649
                ],
                [
                    "fa",
                    0.001353927538730204
                ],
                [
                    "he",
                    0.0013120364164933562
                ],
                [
                    "ml",
                    0.0013005267828702927
                ],
                [
                    "hy",
                    0.001293892739340663
                ],
                [
                    "gl",
                    0.0012768169399350882
                ],
                [
                    "ca",
                    0.0012239253846928477
                ],
                [
                    "hr",
                    0.0009977571899071336
                ],
                [
                    "no",
                    0.0008297122549265623
                ],
                [
                    "sk",
                    0.0007553567993454635
                ],
                [
                    "sl",
                    0.0007337881834246218
                ],
                [
                    "lo",
                    0.000642110186163336
                ],
                [
                    "my",
                    0.0005850481684319675
                ],
                [
                    "oc",
                    0.0005558383418247104
                ],
                [
                    "da",
                    0.0005545705207623541
                ],
                [
                    "sw",
                    0.0005011524772271514
                ],
                [
                    "eu",
                    0.0004916241159662604
                ],
                [
                    "ps",
                    0.0004156741197220981
                ],
                [
                    "yi",
                    0.0003742280532605946
                ],
                [
                    "be",
                    0.0003063697076868266
                ],
                [
                    "mn",
                    0.00029608351178467274
                ],
                [
                    "bs",
                    0.00028790460783056915
                ],
                [
                    "lv",
                    0.00028717791428789496
                ],
                [
                    "lt",
                    0.0002781399234663695
                ],
                [
                    "ht",
                    0.00024892340297810733
                ],
                [
                    "fo",
                    0.00019353459356352687
                ],
                [
                    "is",
