{
    "path": "/Users/cindyzhang/YouLingo/video_analysis/sampled_videos_subset/248_video.mp4",
    "audio_path": "video_analysis/sampled_audios_subset/248_video_audio.wav",
    "language": "en",
    "length_sec": 21.35,
    "vad_duration_sec": 13.088,
    "total_segment_length_sec": 0.0,
    "word_count": -1,
    "tokens": [],
    "types": [],
    "mean_sentence_length_words": -1.0,
    "wpm": -1,
    "spm": -1,
    "average_ptr": -1,
    "transcript_text": "",
    "transcript": {
        "segments": [],
        "info": {
            "language": "en",
            "duration": 21.294125,
            "duration_after_vad": 13.088,
            "language_probability": 0.9284413456916809,
            "all_language_probs": [
                [
                    "en",
                    0.9284413456916809
                ],
                [
                    "ko",
                    0.01464762445539236
                ],
                [
                    "ja",
                    0.010739471763372421
                ],
                [
                    "fr",
                    0.009017343632876873
                ],
                [
                    "pt",
                    0.005533928982913494
                ],
                [
                    "de",
                    0.003656768938526511
                ],
                [
                    "haw",
                    0.003272244008257985
                ],
                [
                    "es",
                    0.0025798140559345484
                ],
                [
                    "ru",
                    0.002137154573574662
                ],
                [
                    "zh",
                    0.00154575752094388
                ],
                [
                    "tr",
                    0.001295470050536096
                ],
                [
                    "nl",
                    0.0011964194709435105
                ],
                [
                    "pl",
                    0.001115047256462276
                ],
                [
                    "yo",
                    0.0010840555187314749
                ],
                [
                    "nn",
                    0.0008834893815219402
                ],
                [
                    "cy",
                    0.0008773408480919898
                ],
                [
                    "hi",
                    0.0008747059036977589
                ],
                [
                    "sn",
                    0.0007617527735419571
                ],
                [
                    "mi",
                    0.0007410362013615668
                ],
                [
                    "tl",
                    0.0007344662444666028
                ],
                [
                    "km",
                    0.0007332624518312514
                ],
                [
                    "jw",
                    0.0007320676231756806
                ],
                [
                    "ar",
                    0.0006741229444742203
                ],
                [
                    "it",
                    0.0006615408346988261
                ],
                [
                    "la",
                    0.0004552326863631606
                ],
                [
                    "th",
                    0.000439032242866233
                ],
                [
                    "br",
                    0.0004176677030045539
                ],
                [
                    "vi",
                    0.000405978033086285
                ],
                [
                    "hu",
                    0.0003377402317710221
                ],
                [
                    "el",
                    0.00032176237436942756
                ],
                [
                    "ms",
                    0.0002827008138410747
                ],
                [
                    "id",
                    0.00028248390299268067
                ],
                [
                    "sv",
                    0.0002506710297893733
                ],
                [
                    "ht",
                    0.00020981612033210695
                ],
                [
                    "he",
                    0.0002032477204920724
                ],
                [
                    "cs",
                    0.00020263921760488302
                ],
                [
                    "ta",
                    0.00017236698477063328
                ],
                [
                    "da",
                    0.00016149722796399146
                ],
                [
                    "ur",
                    0.0001225565792992711
                ],
                [
                    "yi",
                    0.0001189863687613979
                ],
                [
                    "no",
                    0.00011537130922079086
                ],
                [
                    "ro",
                    0.00011509897740324959
                ],
                [
                    "te",
                    0.00010154834308195859
                ],
                [
                    "fa",
                    9.42512706387788e-05
                ],
                [
                    "bn",
                    9.026505722431466e-05
                ],
                [
                    "ca",
                    8.780476491665468e-05
                ],
                [
                    "fi",
                    7.814115087967366e-05
                ],
                [
                    "eu",
                    7.167660078266636e-05
                ],
                [
                    "uk",
                    6.990453402977437e-05
                ],
                [
                    "my",
                    6.490799569291994e-05
                ],
                [
                    "bg",
                    5.8606001402949914e-05
                ],
                [
                    "hr",
                    5.406168565968983e-05
                ],
                [
                    "si",
                    5.359214264899492e-05
                ],
                [
                    "bo",
                    4.6557710447814316e-05
                ],
                [
                    "ml",
                    4.245041782269254e-05
                ],
                [
                    "bs",
                    4.206307130516507e-05
                ],
                [
                    "sa",
                    4.135963536100462e-05
                ],
                [
                    "is",
                    3.962115806643851e-05
                ],
                [
                    "sw",
                    3.8656744436593726e-05
                ],
                [
                    "gl",
                    3.3360094676027074e-05
                ],
                [
                    "ne",
                    3.218855636077933e-05
                ],
                [
                    "sl",
                    3.0465287636616267e-05
                ],
                [
                    "fo",
                    2.7691621653502807e-05
                ],
                [
                    "sk",
                    2.6353793145972304e-05
                ],
                [
                    "af",
                    2.3970378606463782e-05
                ],
                [
                    "oc",
                    2.1824571376782842e-05
                ],
                [
                    "mn",
                    2.1345085770008154e-05
                ],
                [
                    "lv",
                    2.0128874893998727e-05
                ],
                [
                    "hy",
                    1.7708833183860406e-05
                ],
                [
