{
    "path": "/Users/cindyzhang/YouLingo/video_analysis/sampled_videos_subset/25_video.mp4",
    "audio_path": "video_analysis/sampled_audios_subset/25_video_audio.wav",
    "language": "en",
    "length_sec": 12.42,
    "vad_duration_sec": 0.656,
    "total_segment_length_sec": 0.0,
    "word_count": -1,
    "tokens": [],
    "types": [],
    "mean_sentence_length_words": -1.0,
    "wpm": -1,
    "spm": -1,
    "average_ptr": -1,
    "transcript_text": "",
    "transcript": {
        "segments": [],
        "info": {
            "language": "en",
            "duration": 12.3994375,
            "duration_after_vad": 0.656,
            "language_probability": 0.5774796605110168,
            "all_language_probs": [
                [
                    "en",
                    0.5774796605110168
                ],
                [
                    "de",
                    0.07009559124708176
                ],
                [
                    "ko",
                    0.05318761616945267
                ],
                [
                    "pt",
                    0.03312878683209419
                ],
                [
                    "fr",
                    0.028576862066984177
                ],
                [
                    "zh",
                    0.02675599604845047
                ],
                [
                    "es",
                    0.026194732636213303
                ],
                [
                    "ja",
                    0.0177020113915205
                ],
                [
                    "ru",
                    0.015074984170496464
                ],
                [
                    "nl",
                    0.014691798016428947
                ],
                [
                    "it",
                    0.013827264308929443
                ],
                [
                    "cy",
                    0.013370160013437271
                ],
                [
                    "nn",
                    0.011888798326253891
                ],
                [
                    "tr",
                    0.011331243440508842
                ],
                [
                    "pl",
                    0.010964647866785526
                ],
                [
                    "ar",
                    0.008432003669440746
                ],
                [
                    "hi",
                    0.006220548413693905
                ],
                [
                    "hu",
                    0.004713422153145075
                ],
                [
                    "sv",
                    0.004479484632611275
                ],
                [
                    "la",
                    0.004377738106995821
                ],
                [
                    "el",
                    0.004218722693622112
                ],
                [
                    "fi",
                    0.003049914026632905
                ],
                [
                    "jw",
                    0.0028408512007445097
                ],
                [
                    "th",
                    0.0026273755356669426
                ],
                [
                    "da",
                    0.0020633188541978598
                ],
                [
                    "ca",
                    0.002029689960181713
                ],
                [
                    "he",
                    0.0018759930972009897
                ],
                [
                    "no",
                    0.0017817190382629633
                ],
                [
                    "id",
                    0.0017041361425071955
                ],
                [
                    "vi",
                    0.0016962348017841578
                ],
                [
                    "ur",
                    0.0016466316301375628
                ],
                [
                    "cs",
                    0.0016041857888922095
                ],
                [
                    "ms",
                    0.0015647727996110916
                ],
                [
                    "tl",
                    0.0014161858707666397
                ],
                [
                    "haw",
                    0.0013544835383072495
                ],
                [
                    "ro",
                    0.0012454594252631068
                ],
                [
                    "km",
                    0.001115904189646244
                ],
                [
                    "te",
                    0.00108418520539999
                ],
                [
                    "ta",
                    0.001047478523105383
                ],
                [
                    "mi",
                    0.0008574713720008731
                ],
                [
                    "sl",
                    0.000723572273273021
                ],
                [
                    "br",
                    0.0006794162909500301
                ],
                [
                    "uk",
                    0.0006787524907849729
                ],
                [
                    "gl",
                    0.0006553353159688413
                ],
                [
                    "ml",
                    0.0006524113705381751
                ],
                [
                    "sn",
                    0.0005984168965369463
                ],
                [
                    "fa",
                    0.0005752531578764319
                ],
                [
                    "hr",
                    0.00043397341505624354
                ],
                [
                    "si",
                    0.00042412991751916707
                ],
                [
                    "sa",
                    0.00041465400136075914
                ],
                [
                    "bs",
                    0.0003693746402859688
                ],
                [
                    "bn",
                    0.00033848686143755913
                ],
                [
                    "sk",
                    0.00029078719671815634
                ],
                [
                    "eu",
                    0.0002730752748902887
                ],
                [
                    "bg",
                    0.00027150733512826264
                ],
                [
                    "bo",
                    0.00024467852199450135
                ],
                [
                    "mn",
                    0.00018750011804513633
                ],
                [
                    "my",
                    0.00018391176126897335
                ],
                [
                    "oc",
                    0.00017526838928461075
                ],
                [
                    "is",
                    0.00017182201554533094
                ],
                [
                    "yo",
                    0.0001694609090918675
                ],
                [
                    "be",
                    0.00016033469000831246
                ],
                [
                    "sw",
                    0.00015587845700792968
                ],
                [
                    "lv",
                    0.00015210150741040707
                ],
                [
                    "ne",
                    0.00014812930021435022
                ],
                [
                    "ht",
                    0.00014314761210698634
                ],
                [
                    "az",
                    0.0001378289598505944
                ],
                [
                    "yi",
                    0.00013334059622138739
                ],
                [
                    "af",
                    0.00012836612586397678
                ],
                [
                    "lt",
