{
    "path": "/Users/cindyzhang/YouLingo/video_analysis/sampled_videos_subset/265_video.mp4",
    "audio_path": "video_analysis/sampled_audios_subset/265_video_audio.wav",
    "language": "en",
    "length_sec": 10.05,
    "vad_duration_sec": 2.032,
    "total_segment_length_sec": 0.0,
    "word_count": -1,
    "tokens": [],
    "types": [],
    "mean_sentence_length_words": -1.0,
    "wpm": -1,
    "spm": -1,
    "average_ptr": -1,
    "transcript_text": "",
    "transcript": {
        "segments": [],
        "info": {
            "language": "en",
            "duration": 10.05425,
            "duration_after_vad": 2.032,
            "language_probability": 0.8708757758140564,
            "all_language_probs": [
                [
                    "en",
                    0.8708757758140564
                ],
                [
                    "ko",
                    0.018607990816235542
                ],
                [
                    "nn",
                    0.014695698395371437
                ],
                [
                    "ja",
                    0.014659487642347813
                ],
                [
                    "pt",
                    0.006582277826964855
                ],
                [
                    "ru",
                    0.0060568214394152164
                ],
                [
                    "cy",
                    0.0055810934863984585
                ],
                [
                    "zh",
                    0.005424134433269501
                ],
                [
                    "fr",
                    0.005318253766745329
                ],
                [
                    "es",
                    0.005117886234074831
                ],
                [
                    "la",
                    0.004211990628391504
                ],
                [
                    "pl",
                    0.003915720619261265
                ],
                [
                    "de",
                    0.003838921897113323
                ],
                [
                    "haw",
                    0.0028932110872119665
                ],
                [
                    "nl",
                    0.0024169764947146177
                ],
                [
                    "jw",
                    0.0022235417272895575
                ],
                [
                    "km",
                    0.002181310672312975
                ],
                [
                    "hi",
                    0.0021199951879680157
                ],
                [
                    "sv",
                    0.0021132854744791985
                ],
                [
                    "tr",
                    0.0020852796733379364
                ],
                [
                    "ar",
                    0.001680092653259635
                ],
                [
                    "it",
                    0.0014770538546144962
                ],
                [
                    "th",
                    0.001175164245069027
                ],
                [
                    "fi",
                    0.0011375666363164783
                ],
                [
                    "hu",
                    0.000896971847396344
                ],
                [
                    "mi",
                    0.0008968974580056965
                ],
                [
                    "te",
                    0.0008521979907527566
                ],
                [
                    "da",
                    0.000744938850402832
                ],
                [
                    "no",
                    0.0007315204129554331
                ],
                [
                    "vi",
                    0.0005980611313134432
                ],
                [
                    "ta",
                    0.000588852446526289
                ],
                [
                    "ms",
                    0.0005866132560186088
                ],
                [
                    "tl",
                    0.000529595126863569
                ],
                [
                    "el",
                    0.0005283374921418726
                ],
                [
                    "br",
                    0.0004591510514728725
                ],
                [
                    "cs",
                    0.00045873739873059094
                ],
                [
                    "ml",
                    0.0004089456342626363
                ],
                [
                    "ur",
                    0.00037913990672677755
                ],
                [
                    "uk",
                    0.00034643503022380173
                ],
                [
                    "ro",
                    0.0003402606234885752
                ],
                [
                    "id",
                    0.0003307491133455187
                ],
                [
                    "sn",
                    0.0002764155506156385
                ],
                [
                    "si",
                    0.00022816081764176488
                ],
                [
                    "is",
                    0.00017742157797329128
                ],
                [
                    "mn",
                    0.00017541844863444567
                ],
                [
                    "sa",
                    0.00017513027705717832
                ],
                [
                    "eu",
                    0.00017257667786907405
                ],
                [
                    "fa",
                    0.00015805233852006495
                ],
                [
                    "ca",
                    0.0001503074454376474
                ],
                [
                    "bg",
                    0.00014699790335725993
                ],
                [
                    "yo",
                    0.000139770723762922
                ],
                [
                    "my",
                    0.00013850683171767741
                ],
                [
                    "bs",
                    0.0001332454412477091
                ],
                [
                    "af",
                    0.0001296433329116553
                ],
                [
                    "sl",
                    0.0001274050009669736
                ],
                [
                    "he",
                    0.00012472207890823483
                ],
                [
                    "hr",
                    0.00012234275345690548
                ],
                [
                    "gl",
                    0.00011894744238816202
                ],
                [
                    "bo",
                    0.00011487492884043604
                ],
                [
                    "yi",
                    9.579047764418647e-05
                ],
                [
                    "bn",
                    9.391963249072433e-05
                ],
                [
                    "ht",
                    9.242906526196748e-05
                ],
                [
                    "fo",
                    9.234880417352542e-05
                ],
                [
                    "lt",
                    8.175808034138754e-05
                ],
                [
                    "sk",
                    7.673732761759311e-05
                ],
                [
                    "ne",
                    7.204894063761458e-05
                ],
                [
                    "lv",
                    7.027938409009948e-05
                ],
                [
                    "oc",
                    4.48086611868348e-05
                ],
                [
                    "pa",
                    4.265490497346036e-05
                ],
                [
