{
    "path": "/Users/cindyzhang/YouLingo/video_analysis/sampled_videos_subset/272_video.mp4",
    "audio_path": "video_analysis/sampled_audios_subset/272_video_audio.wav",
    "language": "ru",
    "length_sec": 7.37,
    "vad_duration_sec": 3.632,
    "total_segment_length_sec": 2.84,
    "word_count": -1,
    "tokens": [],
    "types": [],
    "mean_sentence_length_words": -1.0,
    "wpm": -1,
    "spm": -1,
    "average_ptr": -1,
    "transcript_text": " Ты мне говоришь, ну...",
    "transcript": {
        "segments": [
            {
                "id": 1,
                "start": 0.0,
                "end": 2.84,
                "text": " Ты мне говоришь, ну...",
                "no_speech_prob": 0.19406485557556152,
                "avg_logprob": -1.3473546981811524,
                "compression_ratio": 0.7708333333333334,
                "temperature": 1.0
            }
        ],
        "info": {
            "language": "ru",
            "duration": 7.3375,
            "duration_after_vad": 3.632,
            "language_probability": 0.20708216726779938,
            "all_language_probs": [
                [
                    "ru",
                    0.20708216726779938
                ],
                [
                    "en",
                    0.1336303949356079
                ],
                [
                    "tr",
                    0.0891483798623085
                ],
                [
                    "ro",
                    0.040453627705574036
                ],
                [
                    "hi",
                    0.03445558249950409
                ],
                [
                    "pl",
                    0.031636983156204224
                ],
                [
                    "ko",
                    0.030536290258169174
                ],
                [
                    "de",
                    0.027238313108682632
                ],
                [
                    "pt",
                    0.025218509137630463
                ],
                [
                    "lt",
                    0.022962108254432678
                ],
                [
                    "es",
                    0.019876578822731972
                ],
                [
                    "el",
                    0.019322410225868225
                ],
                [
                    "ar",
                    0.019232291728258133
                ],
                [
                    "nn",
                    0.017674297094345093
                ],
                [
                    "fr",
                    0.016045736148953438
                ],
                [
                    "uk",
                    0.014778247103095055
                ],
                [
                    "la",
                    0.013375546783208847
                ],
                [
                    "te",
                    0.013016508892178535
                ],
                [
                    "bg",
                    0.012051466852426529
                ],
                [
                    "ja",
                    0.011149314232170582
                ],
                [
                    "cy",
                    0.009583339095115662
                ],
                [
                    "zh",
                    0.009362689219415188
                ],
                [
                    "no",
                    0.008810014463961124
                ],
                [
                    "jw",
                    0.008702347986400127
                ],
                [
                    "cs",
                    0.008591809310019016
                ],
                [
                    "ta",
                    0.008177508600056171
                ],
                [
                    "he",
                    0.007874233648180962
                ],
                [
                    "hr",
                    0.0074789696373045444
                ],
                [
                    "sv",
                    0.0072929635643959045
                ],
                [
                    "km",
                    0.0070780799724161625
                ],
                [
                    "hu",
                    0.006396177690476179
                ],
                [
                    "nl",
                    0.0063138604164123535
                ],
                [
                    "sl",
                    0.005230194889008999
                ],
                [
                    "lv",
                    0.0051963478326797485
                ],
                [
                    "it",
                    0.004198567941784859
                ],
                [
                    "si",
                    0.0038856130558997393
                ],
                [
                    "ca",
                    0.0038444080855697393
                ],
                [
                    "tl",
                    0.003620705334469676
                ],
                [
                    "mn",
                    0.003599845804274082
                ],
                [
                    "is",
                    0.003434654325246811
                ],
                [
                    "sa",
                    0.003427086630836129
                ],
                [
                    "ms",
                    0.003378634573891759
                ],
                [
                    "ur",
                    0.003369406331330538
                ],
                [
                    "th",
                    0.0032849381677806377
                ],
                [
                    "ne",
                    0.0031577853951603174
                ],
                [
                    "da",
                    0.0030130562372505665
                ],
                [
                    "kk",
                    0.002934186952188611
                ],
                [
                    "eu",
                    0.0028034222777932882
                ],
                [
                    "fi",
                    0.0025703248102217913
                ],
                [
                    "bo",
                    0.002442171797156334
                ],
                [
                    "fa",
                    0.0023032641038298607
                ],
                [
                    "bs",
                    0.0022763467859476805
                ],
                [
                    "sk",
                    0.0022670221514999866
                ],
                [
                    "haw",
                    0.0021649415139108896
                ],
                [
                    "yi",
                    0.0019326345063745975
                ],
                [
                    "et",
                    0.0018924346659332514
                ],
                [
                    "bn",
                    0.0018141255713999271
                ],
                [
                    "sq",
                    0.0017525560688227415
                ],
                [
                    "ht",
                    0.0017353822477161884
                ],
                [
                    "vi",
                    0.001726479735225439
                ],
                [
                    "hy",
                    0.001714424230158329
                ],
                [
                    "ml",
                    0.0014675664715468884
                ],
                [
                    "af",
                    0.0014369895216077566
                ],
                [
                    "br",
                    0.0014286870136857033
                ],
                [
                    "my",
                    0.001358423731289804
                ],
                [
                    "id",
                    0.0012750645400956273
