{
    "path": "/Users/cindyzhang/YouLingo/video_analysis/sampled_videos_subset/274_video.mp4",
    "audio_path": "video_analysis/sampled_audios_subset/274_video_audio.wav",
    "language": "en",
    "length_sec": 32.1,
    "vad_duration_sec": 27.0355625,
    "total_segment_length_sec": 0.0,
    "word_count": -1,
    "tokens": [],
    "types": [],
    "mean_sentence_length_words": -1.0,
    "wpm": -1,
    "spm": -1,
    "average_ptr": -1,
    "transcript_text": "",
    "transcript": {
        "segments": [],
        "info": {
            "language": "en",
            "duration": 32.0435625,
            "duration_after_vad": 27.0355625,
            "language_probability": 0.9938521385192871,
            "all_language_probs": [
                [
                    "en",
                    0.9938521385192871
                ],
                [
                    "ja",
                    0.000685840961523354
                ],
                [
                    "nn",
                    0.0006118954624980688
                ],
                [
                    "ko",
                    0.0004960112273693085
                ],
                [
                    "pl",
                    0.00047182763228192925
                ],
                [
                    "ru",
                    0.00041590421460568905
                ],
                [
                    "fr",
                    0.000397385039832443
                ],
                [
                    "pt",
                    0.0003406016621738672
                ],
                [
                    "es",
                    0.00032128076418302953
                ],
                [
                    "cy",
                    0.000297381920972839
                ],
                [
                    "zh",
                    0.00026804947992786765
                ],
                [
                    "la",
                    0.00025141998776234686
                ],
                [
                    "de",
                    0.00017412910528946668
                ],
                [
                    "km",
                    0.0001393489947076887
                ],
                [
                    "it",
                    0.0001352008548565209
                ],
                [
                    "haw",
                    0.00011631269444478676
                ],
                [
                    "tr",
                    9.563215280650184e-05
                ],
                [
                    "th",
                    9.195468737743795e-05
                ],
                [
                    "ar",
                    8.789059211267158e-05
                ],
                [
                    "tl",
                    8.046570292208344e-05
                ],
                [
                    "vi",
                    7.501001527998596e-05
                ],
                [
                    "nl",
                    6.804099393775687e-05
                ],
                [
                    "hi",
                    6.683239189442247e-05
                ],
                [
                    "jw",
                    5.639860319206491e-05
                ],
                [
                    "fi",
                    3.540101170074195e-05
                ],
                [
                    "sv",
                    3.473778997431509e-05
                ],
                [
                    "id",
                    3.3808308216976e-05
                ],
                [
                    "el",
                    3.263820326537825e-05
                ],
                [
                    "mi",
                    3.0448480174527504e-05
                ],
                [
                    "ms",
                    2.8972655854886398e-05
                ],
                [
                    "br",
                    2.2260399418883026e-05
                ],
                [
                    "ta",
                    1.6913352737901732e-05
                ],
                [
                    "ml",
                    1.4849015315121505e-05
                ],
                [
                    "ur",
                    1.3894657968194224e-05
                ],
                [
                    "hu",
                    1.2702611456916202e-05
                ],
                [
                    "sn",
                    1.173546479549259e-05
                ],
                [
                    "cs",
                    1.1076899681938812e-05
                ],
                [
                    "da",
                    1.0741455298557412e-05
                ],
                [
                    "bn",
                    7.258418008859735e-06
                ],
                [
                    "no",
                    7.12966539140325e-06
                ],
                [
                    "te",
                    6.326547008939087e-06
                ],
                [
                    "si",
                    6.2275189520732965e-06
                ],
                [
                    "my",
                    4.357188572612358e-06
                ],
                [
                    "he",
                    4.2719102566479705e-06
                ],
                [
                    "sa",
                    4.168592113273917e-06
                ],
                [
                    "yo",
                    3.8045156998123275e-06
                ],
                [
                    "uk",
                    3.4367196803941624e-06
                ],
                [
                    "bo",
                    3.193693373759743e-06
                ],
                [
                    "ht",
                    3.1044151000969578e-06
                ],
                [
                    "ca",
                    2.8146828299213666e-06
                ],
                [
                    "mn",
                    2.5949070732167456e-06
                ],
                [
                    "fa",
                    2.492479552529403e-06
                ],
                [
                    "yi",
                    2.310241825398407e-06
                ],
                [
                    "sk",
                    2.279110503877746e-06
                ],
                [
                    "ro",
                    2.1874327558180084e-06
                ],
                [
                    "sl",
                    2.156948085030308e-06
                ],
                [
                    "gl",
                    2.0281499928387348e-06
                ],
                [
                    "eu",
                    1.8829480268323096e-06
                ],
                [
                    "af",
                    1.7759771253622603e-06
                ],
                [
                    "bg",
                    1.6896449324121932e-06
                ],
                [
                    "is",
                    1.6587017626079614e-06
                ],
                [
                    "hr",
                    1.5426837762788637e-06
                ],
                [
                    "bs",
                    1.2668367617152398e-06
                ],
                [
                    "be",
                    1.108210312850133e-06
                ],
                [
                    "fo",
                    1.1036750038329046e-06
                ],
                [
                    "sw",
                    1.0602416296023875e-06
                ],
                [
                    "ne",
                    9.888336762742256e-07
                ],
                [
                    "lv",
                    8.949236303124053e-07
                ],
                [
                    "lt",
                    7.225581271086412e-07
