{
    "path": "/Users/cindyzhang/YouLingo/video_analysis/sampled_videos_subset/279_video.mp4",
    "audio_path": "video_analysis/sampled_audios_subset/279_video_audio.wav",
    "language": "en",
    "length_sec": 21.7,
    "vad_duration_sec": 18.0234375,
    "total_segment_length_sec": 0.0,
    "word_count": -1,
    "tokens": [],
    "types": [],
    "mean_sentence_length_words": -1.0,
    "wpm": -1,
    "spm": -1,
    "average_ptr": -1,
    "transcript_text": "",
    "transcript": {
        "segments": [],
        "info": {
            "language": "en",
            "duration": 21.6874375,
            "duration_after_vad": 18.0234375,
            "language_probability": 0.9760363698005676,
            "all_language_probs": [
                [
                    "en",
                    0.9760363698005676
                ],
                [
                    "ko",
                    0.005389109719544649
                ],
                [
                    "haw",
                    0.005172257777303457
                ],
                [
                    "pt",
                    0.001952951424755156
                ],
                [
                    "ja",
                    0.0018466541077941656
                ],
                [
                    "zh",
                    0.0013010986149311066
                ],
                [
                    "fr",
                    0.0011687480146065354
                ],
                [
                    "es",
                    0.0008049059542827308
                ],
                [
                    "nn",
                    0.0007285811007022858
                ],
                [
                    "ru",
                    0.0006139886099845171
                ],
                [
                    "tr",
                    0.0005625095800496638
                ],
                [
                    "cy",
                    0.0005299888434819877
                ],
                [
                    "de",
                    0.0005010899039916694
                ],
                [
                    "th",
                    0.00035010682768188417
                ],
                [
                    "la",
                    0.000293220131425187
                ],
                [
                    "mi",
                    0.00024834249052219093
                ],
                [
                    "tl",
                    0.00023667103960178792
                ],
                [
                    "hi",
                    0.00021952712268102914
                ],
                [
                    "jw",
                    0.0001673483056947589
                ],
                [
                    "pl",
                    0.00015808266471140087
                ],
                [
                    "km",
                    0.00015160978364292532
                ],
                [
                    "vi",
                    0.00014394194295164198
                ],
                [
                    "ar",
                    0.0001352521649096161
                ],
                [
                    "nl",
                    0.0001293443638132885
                ],
                [
                    "it",
                    0.00010074358579004183
                ],
                [
                    "ms",
                    9.923279139911756e-05
                ],
                [
                    "ur",
                    9.434930689167231e-05
                ],
                [
                    "yo",
                    8.934277866501361e-05
                ],
                [
                    "sn",
                    6.230930739548057e-05
                ],
                [
                    "br",
                    5.9989397414028645e-05
                ],
                [
                    "ta",
                    5.7693054259289056e-05
                ],
                [
                    "id",
                    5.269163375487551e-05
                ],
                [
                    "ht",
                    5.0746315537253395e-05
                ],
                [
                    "te",
                    4.926684050587937e-05
                ],
                [
                    "sv",
                    3.307101724203676e-05
                ],
                [
                    "si",
                    3.0162895200191997e-05
                ],
                [
                    "hu",
                    3.0081455406616442e-05
                ],
                [
                    "da",
                    2.6187390176346526e-05
                ],
                [
                    "ml",
                    2.567458614066709e-05
                ],
                [
                    "yi",
                    2.4908096747822128e-05
                ],
                [
                    "ro",
                    1.9288738258183002e-05
                ],
                [
                    "he",
                    1.8697497580433264e-05
                ],
                [
                    "el",
                    1.8416574675939046e-05
                ],
                [
                    "my",
                    1.8065275071421638e-05
                ],
                [
                    "cs",
                    1.636442721064668e-05
                ],
                [
                    "fa",
                    1.5894818716333248e-05
                ],
                [
                    "uk",
                    1.5462250303244218e-05
                ],
                [
                    "fi",
                    1.2564906683110166e-05
                ],
                [
                    "bn",
                    1.2151386727055069e-05
                ],
                [
                    "sw",
                    1.0387032489234116e-05
                ],
                [
                    "sa",
                    1.0359570296714082e-05
                ],
                [
                    "fo",
                    9.552115443511866e-06
                ],
                [
                    "no",
                    7.987380740814842e-06
                ],
                [
                    "hr",
                    7.59605518396711e-06
                ],
                [
                    "sl",
                    6.910182037245249e-06
                ],
                [
                    "bg",
                    6.455411948991241e-06
                ],
                [
                    "bo",
                    6.324947207758669e-06
                ],
                [
                    "bs",
                    5.770958978246199e-06
                ],
                [
                    "af",
                    5.716734904126497e-06
                ],
                [
                    "eu",
                    5.168423740542494e-06
                ],
                [
                    "ne",
                    3.969716090068687e-06
                ],
                [
                    "mn",
                    3.5963992104370845e-06
                ],
                [
                    "be",
                    3.5526359170034993e-06
                ],
                [
                    "pa",
                    3.2338050459657097e-06
                ],
                [
                    "ca",
                    3.2040129553934094e-06
                ],
                [
                    "gl",
                    2.6538068595982622e-06
                ],
                [
                    "is",
                    2.490765609763912e-06
                ],
                [
                    "sk",
                    2.3415007035509916e-06
                ],
                [
                    "sd",
                    2.3030961529002525e-06
