{
    "path": "/Users/cindyzhang/YouLingo/video_analysis/sampled_videos_subset/281_video.mp4",
    "audio_path": "video_analysis/sampled_audios_subset/281_video_audio.wav",
    "language": "en",
    "length_sec": 5.6,
    "vad_duration_sec": 5.5728125,
    "total_segment_length_sec": 0.0,
    "word_count": -1,
    "tokens": [],
    "types": [],
    "mean_sentence_length_words": -1.0,
    "wpm": -1,
    "spm": -1,
    "average_ptr": -1,
    "transcript_text": "",
    "transcript": {
        "segments": [],
        "info": {
            "language": "en",
            "duration": 5.5728125,
            "duration_after_vad": 5.5728125,
            "language_probability": 0.8087509870529175,
            "all_language_probs": [
                [
                    "en",
                    0.8087509870529175
                ],
                [
                    "es",
                    0.022813642397522926
                ],
                [
                    "ko",
                    0.015554080717265606
                ],
                [
                    "ja",
                    0.01526559330523014
                ],
                [
                    "ru",
                    0.010937485843896866
                ],
                [
                    "hi",
                    0.010401575826108456
                ],
                [
                    "pt",
                    0.008507657796144485
                ],
                [
                    "zh",
                    0.006943900138139725
                ],
                [
                    "tl",
                    0.006347674410790205
                ],
                [
                    "tr",
                    0.006129635963588953
                ],
                [
                    "cy",
                    0.005922616459429264
                ],
                [
                    "ar",
                    0.005674958229064941
                ],
                [
                    "nn",
                    0.0050816223956644535
                ],
                [
                    "te",
                    0.005039024166762829
                ],
                [
                    "ta",
                    0.003987211734056473
                ],
                [
                    "la",
                    0.003473461838439107
                ],
                [
                    "pl",
                    0.003442683257162571
                ],
                [
                    "fr",
                    0.003425828879699111
                ],
                [
                    "it",
                    0.00332545000128448
                ],
                [
                    "de",
                    0.0032656770199537277
                ],
                [
                    "nl",
                    0.0030305550899356604
                ],
                [
                    "jw",
                    0.002862979657948017
                ],
                [
                    "km",
                    0.0026327709201723337
                ],
                [
                    "el",
                    0.0025525528471916914
                ],
                [
                    "fi",
                    0.00243826350197196
                ],
                [
                    "sv",
                    0.0023717964068055153
                ],
                [
                    "th",
                    0.0023481559474021196
                ],
                [
                    "haw",
                    0.0020009782165288925
                ],
                [
                    "ml",
                    0.0019391574896872044
                ],
                [
                    "id",
                    0.0019069191766902804
                ],
                [
                    "hu",
                    0.001608188496902585
                ],
                [
                    "ms",
                    0.001279594493098557
                ],
                [
                    "vi",
                    0.0012440350838005543
                ],
                [
                    "ur",
                    0.001184545224532485
                ],
                [
                    "ro",
                    0.0010319045977666974
                ],
                [
                    "cs",
                    0.0009070576634258032
                ],
                [
                    "sn",
                    0.0009044145699590445
                ],
                [
                    "ca",
                    0.0009037101408466697
                ],
                [
                    "hr",
                    0.0008458630763925612
                ],
                [
                    "da",
                    0.0007978169596754014
                ],
                [
                    "bs",
                    0.0007353448309004307
                ],
                [
                    "ne",
                    0.0007140786037780344
                ],
                [
                    "yo",
                    0.0007027832907624543
                ],
                [
                    "no",
                    0.0006604802911169827
                ],
                [
                    "br",
                    0.0004636094381567091
                ],
                [
                    "he",
                    0.00046126151573844254
                ],
                [
                    "bn",
                    0.0004460870404727757
                ],
                [
                    "sa",
                    0.00043579915654845536
                ],
                [
                    "si",
                    0.000380707933800295
                ],
                [
                    "fa",
                    0.00037294422509148717
                ],
                [
                    "gl",
                    0.0003681365924421698
                ],
                [
                    "uk",
                    0.00033750009606592357
                ],
                [
                    "sl",
                    0.0003353085776325315
                ],
                [
                    "bg",
                    0.0003069954691454768
                ],
                [
                    "mi",
                    0.00029245184850879014
                ],
                [
                    "is",
                    0.00029062447720207274
                ],
                [
                    "ht",
                    0.00028804357862100005
                ],
                [
                    "mn",
                    0.0002772370062302798
                ],
                [
                    "eu",
                    0.0002738189068622887
                ],
                [
                    "sk",
                    0.00024361658142879605
                ],
                [
                    "lv",
                    0.00021446500613819808
                ],
                [
                    "my",
                    0.0002047091256827116
                ],
                [
                    "af",
                    0.00018875044770538807
                ],
                [
                    "sw",
                    0.00018364399147685617
                ],
                [
                    "bo",
                    0.00015147862723097205
                ],
                [
                    "yi",
                    0.000133843335788697
                ],
                [
                    "et",
                    0.00012916002015117556
                ],
                [
                    "lt",
                    0.00011615587573032826
                ],
                [
                    "sr",
                    0.00011117981921415776
                ],
                [
