{
    "path": "/Users/cindyzhang/YouLingo/video_analysis/sampled_videos_subset/283_video.mp4",
    "audio_path": "video_analysis/sampled_audios_subset/283_video_audio.wav",
    "language": "nl",
    "length_sec": 18.4,
    "vad_duration_sec": 18.4148125,
    "total_segment_length_sec": 0.0,
    "word_count": -1,
    "tokens": [],
    "types": [],
    "mean_sentence_length_words": -1.0,
    "wpm": -1,
    "spm": -1,
    "average_ptr": -1,
    "transcript_text": "",
    "transcript": {
        "segments": [],
        "info": {
            "language": "nl",
            "duration": 18.4148125,
            "duration_after_vad": 18.4148125,
            "language_probability": 0.9092302322387695,
            "all_language_probs": [
                [
                    "nl",
                    0.9092302322387695
                ],
                [
                    "en",
                    0.047600336372852325
                ],
                [
                    "de",
                    0.008731265552341938
                ],
                [
                    "pt",
                    0.006322431843727827
                ],
                [
                    "pl",
                    0.00576184643432498
                ],
                [
                    "fr",
                    0.003781094215810299
                ],
                [
                    "el",
                    0.002274571917951107
                ],
                [
                    "tr",
                    0.00203980365768075
                ],
                [
                    "ar",
                    0.0016989579889923334
                ],
                [
                    "nn",
                    0.0012057932326570153
                ],
                [
                    "ru",
                    0.0010823422344401479
                ],
                [
                    "ja",
                    0.0010495033347979188
                ],
                [
                    "es",
                    0.0009688322898000479
                ],
                [
                    "hi",
                    0.0006976939621381462
                ],
                [
                    "vi",
                    0.0006015638937242329
                ],
                [
                    "af",
                    0.0005391212180256844
                ],
                [
                    "la",
                    0.0004802571493200958
                ],
                [
                    "cs",
                    0.00045395997585728765
                ],
                [
                    "jw",
                    0.00045278394827619195
                ],
                [
                    "cy",
                    0.0004510436556302011
                ],
                [
                    "ko",
                    0.0004180747491773218
                ],
                [
                    "hu",
                    0.0004002051136922091
                ],
                [
                    "it",
                    0.00039660779293626547
                ],
                [
                    "zh",
                    0.0003004246100317687
                ],
                [
                    "ur",
                    0.00027932639932259917
                ],
                [
                    "id",
                    0.00025055353762581944
                ],
                [
                    "da",
                    0.000244006936554797
                ],
                [
                    "sv",
                    0.00023965464788489044
                ],
                [
                    "km",
                    0.00023345317458733916
                ],
                [
                    "tl",
                    0.0001919046335387975
                ],
                [
                    "haw",
                    0.00017851163283921778
                ],
                [
                    "fi",
                    0.00016260475968010724
                ],
                [
                    "no",
                    0.00012375414371490479
                ],
                [
                    "br",
                    0.00012278980284463614
                ],
                [
                    "th",
                    6.835468229837716e-05
                ],
                [
                    "ro",
                    6.833968654973432e-05
                ],
                [
                    "yi",
                    6.752643821528181e-05
                ],
                [
                    "sn",
                    6.042625682312064e-05
                ],
                [
                    "ms",
                    5.601283919531852e-05
                ],
                [
                    "mi",
                    5.5930311646079645e-05
                ],
                [
                    "ca",
                    5.488918395712972e-05
                ],
                [
                    "is",
                    4.8809393774718046e-05
                ],
                [
                    "uk",
                    4.802573675988242e-05
                ],
                [
                    "ml",
                    4.52119238616433e-05
                ],
                [
                    "he",
                    4.518912101048045e-05
                ],
                [
                    "ta",
                    3.1317445973400027e-05
                ],
                [
                    "gl",
                    2.673154631338548e-05
                ],
                [
                    "bg",
                    2.5160818040603772e-05
                ],
                [
                    "bs",
                    2.147939994756598e-05
                ],
                [
                    "ht",
                    2.1154986825422384e-05
                ],
                [
                    "mn",
                    1.9304867237224244e-05
                ],
                [
                    "eu",
                    1.872952088888269e-05
                ],
                [
                    "sk",
                    1.8134325728169642e-05
                ],
                [
                    "sl",
                    1.70686689671129e-05
                ],
                [
                    "hr",
                    1.6532985682715662e-05
                ],
                [
                    "lv",
                    1.598096059751697e-05
                ],
                [
                    "yo",
                    1.578213050379418e-05
                ],
                [
                    "oc",
                    1.5201687347143888e-05
                ],
                [
                    "fo",
                    1.5199165318335872e-05
                ],
                [
                    "sa",
                    1.1365284080966376e-05
                ],
                [
                    "mt",
                    1.079615412891144e-05
                ],
                [
                    "et",
                    1.075915224646451e-05
                ],
                [
                    "si",
                    1.0549984835961368e-05
                ],
                [
                    "az",
                    9.109203347179573e-06
                ],
                [
                    "te",
                    8.631349373899866e-06
                ],
                [
                    "bn",
                    8.461820470984094e-06
                ],
                [
                    "fa",
                    8.10273559181951e-06
                ],
                [
                    "hy",
                    6.354532615659991e-06
                ],
                [
                    "pa",
                    5.541126029129373e-06
                ],
