{
    "path": "/Users/cindyzhang/YouLingo/video_analysis/sampled_videos_subset/287_video.mp4",
    "audio_path": "video_analysis/sampled_audios_subset/287_video_audio.wav",
    "language": "en",
    "length_sec": 13.7,
    "vad_duration_sec": 2.112,
    "total_segment_length_sec": 0.0,
    "word_count": -1,
    "tokens": [],
    "types": [],
    "mean_sentence_length_words": -1.0,
    "wpm": -1,
    "spm": -1,
    "average_ptr": -1,
    "transcript_text": "",
    "transcript": {
        "segments": [],
        "info": {
            "language": "en",
            "duration": 13.653375,
            "duration_after_vad": 2.112,
            "language_probability": 0.7792868614196777,
            "all_language_probs": [
                [
                    "en",
                    0.7792868614196777
                ],
                [
                    "de",
                    0.027005644515156746
                ],
                [
                    "cy",
                    0.02087901346385479
                ],
                [
                    "la",
                    0.019052721560001373
                ],
                [
                    "ru",
                    0.016934048384428024
                ],
                [
                    "ar",
                    0.015967831015586853
                ],
                [
                    "nn",
                    0.01571093685925007
                ],
                [
                    "fr",
                    0.014090337790548801
                ],
                [
                    "es",
                    0.007275925949215889
                ],
                [
                    "ko",
                    0.006048573646694422
                ],
                [
                    "it",
                    0.005745048634707928
                ],
                [
                    "nl",
                    0.005057315807789564
                ],
                [
                    "zh",
                    0.004960440099239349
                ],
                [
                    "tr",
                    0.0046193236485123634
                ],
                [
                    "pt",
                    0.004328747745603323
                ],
                [
                    "ja",
                    0.004246661905199289
                ],
                [
                    "pl",
                    0.003627149388194084
                ],
                [
                    "el",
                    0.0035540712997317314
                ],
                [
                    "hi",
                    0.002775520784780383
                ],
                [
                    "ur",
                    0.0027543995529413223
                ],
                [
                    "haw",
                    0.002535410923883319
                ],
                [
                    "sv",
                    0.002212740946561098
                ],
                [
                    "tl",
                    0.0020376890897750854
                ],
                [
                    "jw",
                    0.0020156805403530598
                ],
                [
                    "he",
                    0.0018042598385363817
                ],
                [
                    "sl",
                    0.0017195791006088257
                ],
                [
                    "uk",
                    0.0014161055441945791
                ],
                [
                    "km",
                    0.0014102484565228224
                ],
                [
                    "hu",
                    0.0011906553991138935
                ],
                [
                    "ro",
                    0.0011422097450122237
                ],
                [
                    "ms",
                    0.0010703698499128222
                ],
                [
                    "br",
                    0.0010620777029544115
                ],
                [
                    "cs",
                    0.001050907070748508
                ],
                [
                    "sa",
                    0.0008908399613574147
                ],
                [
                    "ml",
                    0.0008409373112954199
                ],
                [
                    "no",
                    0.0008021877729333937
                ],
                [
                    "th",
                    0.0007287450134754181
                ],
                [
                    "mi",
                    0.0007159848464652896
                ],
                [
                    "fa",
                    0.0006673470488749444
                ],
                [
                    "vi",
                    0.0006231099250726402
                ],
                [
                    "bg",
                    0.0005771432188339531
                ],
                [
                    "yi",
                    0.0005688536330126226
                ],
                [
                    "da",
                    0.0005455414648167789
                ],
                [
                    "sn",
                    0.0005344145465642214
                ],
                [
                    "te",
                    0.0005099239642731845
                ],
                [
                    "ta",
                    0.00048588888603262603
                ],
                [
                    "fi",
                    0.0004574286285787821
                ],
                [
                    "gl",
                    0.0003868221247103065
                ],
                [
                    "si",
                    0.00034338326076976955
                ],
                [
                    "id",
                    0.0003382840659469366
                ],
                [
                    "mn",
                    0.0002976181567646563
                ],
                [
                    "bo",
                    0.00029754918068647385
                ],
                [
                    "ca",
                    0.0002906523004639894
                ],
                [
                    "bn",
                    0.00028411735547706485
                ],
                [
                    "af",
                    0.00027559930458664894
                ],
                [
                    "hr",
                    0.00025322462897747755
                ],
                [
                    "lt",
                    0.0002451635373290628
                ],
                [
                    "bs",
                    0.00024222503998316824
                ],
                [
                    "lv",
                    0.00023030633747112006
                ],
                [
                    "ht",
                    0.00022961615468375385
                ],
                [
                    "mt",
                    0.00022206442372407764
                ],
                [
                    "yo",
                    0.00020488147856667638
                ],
                [
                    "my",
                    0.00020484063134063035
                ],
                [
                    "oc",
                    0.00019430243992246687
                ],
                [
                    "is",
                    0.0001745110930642113
                ],
                [
                    "fo",
                    0.00016328079800587147
                ],
                [
                    "sw",
                    0.00015158302267082036
                ],
                [
                    "hy",
                    0.00014368970005307347
                ],
                [
                    "eu",
                    0.00014045072020962834
                ],
                [
