{
    "path": "/Users/cindyzhang/YouLingo/video_analysis/sampled_videos_subset/293_video.mp4",
    "audio_path": "video_analysis/sampled_audios_subset/293_video_audio.wav",
    "language": "en",
    "length_sec": 10.05,
    "vad_duration_sec": 3.47825,
    "total_segment_length_sec": 0.0,
    "word_count": -1,
    "tokens": [],
    "types": [],
    "mean_sentence_length_words": -1.0,
    "wpm": -1,
    "spm": -1,
    "average_ptr": -1,
    "transcript_text": "",
    "transcript": {
        "segments": [],
        "info": {
            "language": "en",
            "duration": 10.05425,
            "duration_after_vad": 3.47825,
            "language_probability": 0.8722813725471497,
            "all_language_probs": [
                [
                    "en",
                    0.8722813725471497
                ],
                [
                    "hi",
                    0.015602844767272472
                ],
                [
                    "th",
                    0.013448852114379406
                ],
                [
                    "ko",
                    0.011836999095976353
                ],
                [
                    "cy",
                    0.008427215740084648
                ],
                [
                    "km",
                    0.00664498470723629
                ],
                [
                    "tl",
                    0.006021700333803892
                ],
                [
                    "zh",
                    0.005790201015770435
                ],
                [
                    "nn",
                    0.005442623049020767
                ],
                [
                    "ms",
                    0.004135789815336466
                ],
                [
                    "fr",
                    0.004019447136670351
                ],
                [
                    "ja",
                    0.003928797319531441
                ],
                [
                    "haw",
                    0.003624227363616228
                ],
                [
                    "tr",
                    0.0033158021979033947
                ],
                [
                    "de",
                    0.0031959637999534607
                ],
                [
                    "ru",
                    0.002778661670163274
                ],
                [
                    "te",
                    0.002312170807272196
                ],
                [
                    "ta",
                    0.002188559854403138
                ],
                [
                    "jw",
                    0.002153861103579402
                ],
                [
                    "ar",
                    0.0020190244540572166
                ],
                [
                    "la",
                    0.0016012839041650295
                ],
                [
                    "pt",
                    0.0013082122895866632
                ],
                [
                    "es",
                    0.001308091334067285
                ],
                [
                    "vi",
                    0.0013032748829573393
                ],
                [
                    "ur",
                    0.001100220950320363
                ],
                [
                    "ro",
                    0.0010952629381790757
                ],
                [
                    "ml",
                    0.0010363641194999218
                ],
                [
                    "nl",
                    0.000982876867055893
                ],
                [
                    "ne",
                    0.0008271910483017564
                ],
                [
                    "yo",
                    0.000730506784748286
                ],
                [
                    "mi",
                    0.0006378451362252235
                ],
                [
                    "br",
                    0.0006309628952294588
                ],
                [
                    "sn",
                    0.0005380407674238086
                ],
                [
                    "sa",
                    0.0004901764914393425
                ],
                [
                    "id",
                    0.00048183987382799387
                ],
                [
                    "ht",
                    0.0004116262716706842
                ],
                [
                    "no",
                    0.00038130066241137683
                ],
                [
                    "sv",
                    0.0003663566894829273
                ],
                [
                    "bn",
                    0.000365398358553648
                ],
                [
                    "si",
                    0.0003386945172678679
                ],
                [
                    "hu",
                    0.0003292195324320346
                ],
                [
                    "it",
                    0.0003285882412455976
                ],
                [
                    "da",
                    0.0003157485625706613
                ],
                [
                    "pl",
                    0.00030847176094539464
                ],
                [
                    "cs",
                    0.0003008160856552422
                ],
                [
                    "fa",
                    0.0002688832755666226
                ],
                [
                    "my",
                    0.00020451717136893421
                ],
                [
                    "sl",
                    0.00017664546612650156
                ],
                [
                    "mr",
                    0.0001592198241269216
                ],
                [
                    "yi",
                    0.000151195636135526
                ],
                [
                    "uk",
                    0.00014708696107845753
                ],
                [
                    "lo",
                    0.0001329083606833592
                ],
                [
                    "bo",
                    0.00013013622083235532
                ],
                [
                    "mn",
                    0.00012092930410290137
                ],
                [
                    "lv",
                    0.00011298227764200419
                ],
                [
                    "hy",
                    0.00010705224121920764
                ],
                [
                    "pa",
                    0.00010483808728167787
                ],
                [
                    "bg",
                    0.00010376175487181172
                ],
                [
                    "is",
                    9.860562568064779e-05
                ],
                [
                    "af",
                    9.859274723567069e-05
                ],
                [
                    "he",
                    9.857638360699639e-05
                ],
                [
                    "sw",
                    8.117214019875973e-05
                ],
                [
                    "kn",
                    7.717186963418499e-05
                ],
                [
                    "hr",
                    7.640171679668128e-05
                ],
                [
                    "lt",
                    6.695401680190116e-05
                ],
                [
                    "el",
                    5.9236856031930074e-05
                ],
                [
                    "fi",
                    5.6381373724434525e-05
                ],
                [
                    "kk",
                    5.5857206461951137e-05
                ],
                [
                    "sd",
                    5.38027125003282e-05
                ],
                [
