{
    "path": "/Users/cindyzhang/YouLingo/video_analysis/sampled_videos_subset/297_video.mp4",
    "audio_path": "video_analysis/sampled_audios_subset/297_video_audio.wav",
    "language": "en",
    "length_sec": 26.36,
    "vad_duration_sec": 20.7314375,
    "total_segment_length_sec": 0.0,
    "word_count": -1,
    "tokens": [],
    "types": [],
    "mean_sentence_length_words": -1.0,
    "wpm": -1,
    "spm": -1,
    "average_ptr": -1,
    "transcript_text": "",
    "transcript": {
        "segments": [],
        "info": {
            "language": "en",
            "duration": 26.3314375,
            "duration_after_vad": 20.7314375,
            "language_probability": 0.903896689414978,
            "all_language_probs": [
                [
                    "en",
                    0.903896689414978
                ],
                [
                    "ko",
                    0.03829582780599594
                ],
                [
                    "ja",
                    0.010699024423956871
                ],
                [
                    "zh",
                    0.005404485389590263
                ],
                [
                    "ru",
                    0.004864456597715616
                ],
                [
                    "de",
                    0.004706131760030985
                ],
                [
                    "fr",
                    0.00393880857154727
                ],
                [
                    "pt",
                    0.0032686179038137197
                ],
                [
                    "es",
                    0.0026067723520100117
                ],
                [
                    "nl",
                    0.0021502149756997824
                ],
                [
                    "tl",
                    0.0016879886388778687
                ],
                [
                    "haw",
                    0.001507277600467205
                ],
                [
                    "nn",
                    0.0015006468165665865
                ],
                [
                    "ar",
                    0.0014044174458831549
                ],
                [
                    "tr",
                    0.0013649766333401203
                ],
                [
                    "km",
                    0.0013013448333367705
                ],
                [
                    "th",
                    0.0012585779186338186
                ],
                [
                    "hi",
                    0.0008891275501810014
                ],
                [
                    "jw",
                    0.0008767773979343474
                ],
                [
                    "pl",
                    0.000839687476400286
                ],
                [
                    "it",
                    0.0007679502014070749
                ],
                [
                    "vi",
                    0.0006720082019455731
                ],
                [
                    "la",
                    0.0005119428969919682
                ],
                [
                    "cy",
                    0.0004593387129716575
                ],
                [
                    "sv",
                    0.0004301053413655609
                ],
                [
                    "ur",
                    0.0003364409785717726
                ],
                [
                    "ms",
                    0.00027782030520029366
                ],
                [
                    "mi",
                    0.0002723909274209291
                ],
                [
                    "id",
                    0.00025502880453132093
                ],
                [
                    "br",
                    0.00024641677737236023
                ],
                [
                    "hu",
                    0.00024107724311761558
                ],
                [
                    "ta",
                    0.0002397977514192462
                ],
                [
                    "sn",
                    0.0002299647021573037
                ],
                [
                    "el",
                    0.00022683554561808705
                ],
                [
                    "no",
                    0.0002144473692169413
                ],
                [
                    "da",
                    0.00020096362277399749
                ],
                [
                    "fi",
                    0.00017877432401292026
                ],
                [
                    "cs",
                    0.00014893243496771902
                ],
                [
                    "ml",
                    0.0001463543885620311
                ],
                [
                    "te",
                    0.0001425499503966421
                ],
                [
                    "si",
                    0.00014155410462990403
                ],
                [
                    "yo",
                    9.02673345990479e-05
                ],
                [
                    "fa",
                    7.38774542696774e-05
                ],
                [
                    "uk",
                    6.585269147763029e-05
                ],
                [
                    "ro",
                    6.451958324760199e-05
                ],
                [
                    "he",
                    6.096625656937249e-05
                ],
                [
                    "ht",
                    6.0276779549894854e-05
                ],
                [
                    "my",
                    5.563240483752452e-05
                ],
                [
                    "sa",
                    5.2213985327398404e-05
                ],
                [
                    "hr",
                    4.964596882928163e-05
                ],
                [
                    "ca",
                    4.4021071516908705e-05
                ],
                [
                    "eu",
                    4.2037579987663776e-05
                ],
                [
                    "yi",
                    4.176055153948255e-05
                ],
                [
                    "bn",
                    4.142580655752681e-05
                ],
                [
                    "bs",
                    4.0375820390181616e-05
                ],
                [
                    "is",
                    3.2760573958512396e-05
                ],
                [
                    "bg",
                    2.8067017410648987e-05
                ],
                [
                    "bo",
                    2.7664602384902537e-05
                ],
                [
                    "mn",
                    2.6113402782357298e-05
                ],
                [
                    "sl",
                    2.485383811290376e-05
                ],
                [
                    "lv",
                    2.136790681106504e-05
                ],
                [
                    "ne",
                    2.118282463925425e-05
                ],
                [
                    "gl",
                    1.7279522580793127e-05
                ],
                [
                    "sk",
                    1.685217284830287e-05
                ],
                [
                    "sw",
                    1.682570655248128e-05
                ],
                [
                    "lt",
                    1.659791450947523e-05
                ],
                [
                    "be",
                    1.5226817595248576e-05
                ],
                [
                    "hy",
                    1.4957331586629152e-05
                ],
                [
                    "af",
                    1.3905953892390244e-05
                ],
