{
    "path": "/Users/cindyzhang/YouLingo/video_analysis/sampled_videos_subset/29_video.mp4",
    "audio_path": "video_analysis/sampled_audios_subset/29_video_audio.wav",
    "language": "en",
    "length_sec": 15.07,
    "vad_duration_sec": 3.9191875,
    "total_segment_length_sec": 0.0,
    "word_count": -1,
    "tokens": [],
    "types": [],
    "mean_sentence_length_words": -1.0,
    "wpm": -1,
    "spm": -1,
    "average_ptr": -1,
    "transcript_text": "",
    "transcript": {
        "segments": [],
        "info": {
            "language": "en",
            "duration": 15.0711875,
            "duration_after_vad": 3.9191875,
            "language_probability": 0.8383250832557678,
            "all_language_probs": [
                [
                    "en",
                    0.8383250832557678
                ],
                [
                    "cy",
                    0.01801968738436699
                ],
                [
                    "pt",
                    0.01497322041541338
                ],
                [
                    "ko",
                    0.014277412556111813
                ],
                [
                    "nn",
                    0.012301492504775524
                ],
                [
                    "de",
                    0.010103840380907059
                ],
                [
                    "haw",
                    0.007513163611292839
                ],
                [
                    "fr",
                    0.007156309671700001
                ],
                [
                    "nl",
                    0.006023080088198185
                ],
                [
                    "zh",
                    0.005260462407022715
                ],
                [
                    "es",
                    0.005000561475753784
                ],
                [
                    "it",
                    0.004856848157942295
                ],
                [
                    "ar",
                    0.004481179174035788
                ],
                [
                    "la",
                    0.004378387238830328
                ],
                [
                    "tr",
                    0.004071041941642761
                ],
                [
                    "ru",
                    0.004036368802189827
                ],
                [
                    "ja",
                    0.0033043057192116976
                ],
                [
                    "da",
                    0.0031341426074504852
                ],
                [
                    "mi",
                    0.0031007793731987476
                ],
                [
                    "jw",
                    0.0029556145891547203
                ],
                [
                    "km",
                    0.0024005246814340353
                ],
                [
                    "hi",
                    0.0019291701028123498
                ],
                [
                    "sv",
                    0.001871648128144443
                ],
                [
                    "el",
                    0.001672392594628036
                ],
                [
                    "pl",
                    0.0013099010102450848
                ],
                [
                    "ur",
                    0.0012849548365920782
                ],
                [
                    "sn",
                    0.0010391907999292016
                ],
                [
                    "tl",
                    0.0009864425519481301
                ],
                [
                    "th",
                    0.0008621260058134794
                ],
                [
                    "hu",
                    0.0006886557675898075
                ],
                [
                    "uk",
                    0.0006765975267626345
                ],
                [
                    "ht",
                    0.0006592785939574242
                ],
                [
                    "ms",
                    0.000600270286668092
                ],
                [
                    "br",
                    0.0005991464131511748
                ],
                [
                    "yo",
                    0.0005795735050924122
                ],
                [
                    "fi",
                    0.0005491594201885164
                ],
                [
                    "ml",
                    0.0005377914640121162
                ],
                [
                    "si",
                    0.00048397333011962473
                ],
                [
                    "vi",
                    0.00045887884334661067
                ],
                [
                    "ro",
                    0.0004445617087185383
                ],
                [
                    "he",
                    0.00043905028724111617
                ],
                [
                    "no",
                    0.0004347586364019662
                ],
                [
                    "ta",
                    0.0003663081442937255
                ],
                [
                    "sl",
                    0.0003612130240071565
                ],
                [
                    "yi",
                    0.0003419514396227896
                ],
                [
                    "sw",
                    0.00034161898656748235
                ],
                [
                    "te",
                    0.00033095458638854325
                ],
                [
                    "fa",
                    0.00031188171124085784
                ],
                [
                    "fo",
                    0.00030254709417931736
                ],
                [
                    "my",
                    0.00029475457267835736
                ],
                [
                    "bs",
                    0.0002838493965100497
                ],
                [
                    "hr",
                    0.00025900336913764477
                ],
                [
                    "id",
                    0.0002501807175576687
                ],
                [
                    "cs",
                    0.00024846495944075286
                ],
                [
                    "af",
                    0.00022226804867386818
                ],
                [
                    "mn",
                    0.00021525540796574205
                ],
                [
                    "gl",
                    0.00018349368474446237
                ],
                [
                    "is",
                    0.0001827082596719265
                ],
                [
                    "bo",
                    0.00018235835887026042
                ],
                [
                    "bn",
                    0.00017388346896041185
                ],
                [
                    "sa",
                    0.00014423187531065196
                ],
                [
                    "ca",
                    0.00012938347936142236
                ],
                [
                    "bg",
                    9.887175110634416e-05
                ],
                [
                    "ne",
                    9.762698755366728e-05
                ],
                [
                    "eu",
                    9.717508510220796e-05
                ],
                [
                    "sd",
                    9.240334475180134e-05
                ],
                [
                    "oc",
                    7.204434950836003e-05
                ],
                [
                    "pa",
                    6.91698951413855e-05
                ],
                [
                    "lv",
                    6.714055052725598e-05
                ],
                [
