{
    "path": "/Users/cindyzhang/YouLingo/video_analysis/sampled_videos_subset/309_video.mp4",
    "audio_path": "video_analysis/sampled_audios_subset/309_video_audio.wav",
    "language": "nl",
    "length_sec": 6.01,
    "vad_duration_sec": 5.99075,
    "total_segment_length_sec": 5.92,
    "word_count": -1,
    "tokens": [],
    "types": [],
    "mean_sentence_length_words": -1.0,
    "wpm": -1,
    "spm": -1,
    "average_ptr": -1,
    "transcript_text": " Goedemorgen, of goeie middag moet ik eigenlijk zeggen, goedenavond is het eigenlijk al.",
    "transcript": {
        "segments": [
            {
                "id": 1,
                "start": 0.0,
                "end": 5.92,
                "text": " Goedemorgen, of goeie middag moet ik eigenlijk zeggen, goedenavond is het eigenlijk al.",
                "no_speech_prob": 0.063004270195961,
                "avg_logprob": -0.6265938367162432,
                "compression_ratio": 1.144736842105263,
                "temperature": 0.0
            }
        ],
        "info": {
            "language": "nl",
            "duration": 5.99075,
            "duration_after_vad": 5.99075,
            "language_probability": 0.9572526812553406,
            "all_language_probs": [
                [
                    "nl",
                    0.9572526812553406
                ],
                [
                    "en",
                    0.010466634295880795
                ],
                [
                    "de",
                    0.00766584649682045
                ],
                [
                    "ja",
                    0.0023678417783230543
                ],
                [
                    "nn",
                    0.0023464816622436047
                ],
                [
                    "pl",
                    0.0020810712594538927
                ],
                [
                    "tr",
                    0.0018015960231423378
                ],
                [
                    "fr",
                    0.0013008327223360538
                ],
                [
                    "cy",
                    0.001186426030471921
                ],
                [
                    "la",
                    0.001159620238468051
                ],
                [
                    "pt",
                    0.0010399805614724755
                ],
                [
                    "ru",
                    0.0010304506868124008
                ],
                [
                    "el",
                    0.0009682929958216846
                ],
                [
                    "zh",
                    0.0009633321897126734
                ],
                [
                    "ar",
                    0.0008510023471899331
                ],
                [
                    "es",
                    0.0008240853785537183
                ],
                [
                    "ko",
                    0.0007909982232376933
                ],
                [
                    "it",
                    0.0007554137846454978
                ],
                [
                    "jw",
                    0.0006902506574988365
                ],
                [
                    "hi",
                    0.0005055508227087557
                ],
                [
                    "br",
                    0.0003592424909584224
                ],
                [
                    "vi",
                    0.0003149018157273531
                ],
                [
                    "af",
                    0.00031013591797091067
                ],
                [
                    "id",
                    0.00028645023121498525
                ],
                [
                    "ca",
                    0.00021029262279625982
                ],
                [
                    "cs",
                    0.0001809101813705638
                ],
                [
                    "fi",
                    0.00017715762078296393
                ],
                [
                    "ur",
                    0.00017433504399377853
                ],
                [
                    "km",
                    0.000162191572599113
                ],
                [
                    "ms",
                    0.00015435009845532477
                ],
                [
                    "gl",
                    0.00014211169036570936
                ],
                [
                    "no",
                    0.00013939091877546161
                ],
                [
                    "haw",
                    0.00010142858081962913
                ],
                [
                    "sv",
                    9.429691272089258e-05
                ],
                [
                    "mi",
                    8.999436249723658e-05
                ],
                [
                    "da",
                    8.545070159016177e-05
                ],
                [
                    "hu",
                    7.963126699905843e-05
                ],
                [
                    "th",
                    6.752272020094097e-05
                ],
                [
                    "eu",
                    6.103945634094998e-05
                ],
                [
                    "is",
                    6.0669310187222436e-05
                ],
                [
                    "tl",
                    5.381953087635338e-05
                ],
                [
                    "sn",
                    5.3197942179394886e-05
                ],
                [
                    "yi",
                    5.0347640353720635e-05
                ],
                [
                    "oc",
                    4.376248034532182e-05
                ],
                [
                    "uk",
                    3.8157286326168105e-05
                ],
                [
                    "bg",
                    3.701672540046275e-05
                ],
                [
                    "mn",
                    3.671167360153049e-05
                ],
                [
                    "ta",
                    3.043864489882253e-05
                ],
                [
                    "he",
                    2.9135893782950006e-05
                ],
                [
                    "ro",
                    2.834873339452315e-05
                ],
                [
                    "yo",
                    2.6119860194739886e-05
                ],
                [
                    "az",
                    2.069550464511849e-05
                ],
                [
                    "ml",
                    1.8715472833719105e-05
                ],
                [
                    "ht",
                    1.8067903511109762e-05
                ],
                [
                    "my",
                    1.6059018889791332e-05
                ],
                [
                    "sl",
                    1.5170669030339923e-05
                ],
                [
                    "sa",
                    1.3128180398780387e-05
                ],
                [
                    "hy",
                    1.2812844033760484e-05
                ],
                [
                    "sk",
                    1.2472258276829962e-05
                ],
                [
                    "bn",
                    1.2382742170302663e-05
                ],
                [
                    "lv",
                    1.1966062629653607e-05
                ],
                [
                    "et",
                    1.1008157343894709e-05
                ],
                [
                    "fa",
                    1.0770056178444065e-05
                ],
                [
                    "bo",
                    1.0722646948124748e-05
                ],
