{
    "path": "/Users/cindyzhang/YouLingo/video_analysis/sampled_videos_subset/314_video.mp4",
    "audio_path": "video_analysis/sampled_audios_subset/314_video_audio.wav",
    "language": "ta",
    "length_sec": 34.84,
    "vad_duration_sec": 34.7835,
    "total_segment_length_sec": 32.7,
    "word_count": -1,
    "tokens": [],
    "types": [],
    "mean_sentence_length_words": -1.0,
    "wpm": -1,
    "spm": -1,
    "average_ptr": -1,
    "transcript_text": " மஞஞஞஞஞஞஞஞஞஞஞஞஞஞஞஞஞஞஞஞஞஞஞஞஞஞஞஞஞஞ  பிட்டம் போது அப்படி நான் சரி",
    "transcript": {
        "segments": [
            {
                "id": 1,
                "start": 0.0,
                "end": 30.0,
                "text": " மஞஞஞஞஞஞஞஞஞஞஞஞஞஞஞஞஞஞஞஞஞஞஞஞஞஞஞஞஞஞ",
                "no_speech_prob": 0.06357335299253464,
                "avg_logprob": -0.23585146854794214,
                "compression_ratio": 5.8125,
                "temperature": 1.0
            },
            {
                "id": 2,
                "start": 30.0,
                "end": 32.7,
                "text": " பிட்டம் போது அப்படி நான் சரி",
                "no_speech_prob": 0.18637940287590027,
                "avg_logprob": -0.4536338150501251,
                "compression_ratio": 1.1176470588235294,
                "temperature": 0.0
            }
        ],
        "info": {
            "language": "ta",
            "duration": 34.7835,
            "duration_after_vad": 34.7835,
            "language_probability": 0.978223979473114,
            "all_language_probs": [
                [
                    "ta",
                    0.978223979473114
                ],
                [
                    "ml",
                    0.015207412652671337
                ],
                [
                    "kn",
                    0.0018522939644753933
                ],
                [
                    "te",
                    0.001756835263222456
                ],
                [
                    "hi",
                    0.0007843973580747843
                ],
                [
                    "en",
                    0.0007497553015127778
                ],
                [
                    "jw",
                    0.00027232913998886943
                ],
                [
                    "pa",
                    0.0001994370250031352
                ],
                [
                    "si",
                    0.00016543421952519566
                ],
                [
                    "ur",
                    0.00012804544530808926
                ],
                [
                    "sa",
                    0.000122975223348476
                ],
                [
                    "ko",
                    5.30039869772736e-05
                ],
                [
                    "bn",
                    4.848127355217002e-05
                ],
                [
                    "ru",
                    3.5452412703307346e-05
                ],
                [
                    "ar",
                    3.334332359372638e-05
                ],
                [
                    "nn",
                    3.324552744743414e-05
                ],
                [
                    "ms",
                    3.2019514037529007e-05
                ],
                [
                    "ja",
                    3.171294156345539e-05
                ],
                [
                    "id",
                    2.660821883182507e-05
                ],
                [
                    "de",
                    2.3985463485587388e-05
                ],
                [
                    "la",
                    2.0336736270110123e-05
                ],
                [
                    "mr",
                    1.808328124752734e-05
                ],
                [
                    "nl",
                    1.5202256690827198e-05
                ],
                [
                    "ne",
                    1.4441908206208609e-05
                ],
                [
                    "fr",
                    1.4434610420721583e-05
                ],
                [
                    "zh",
                    1.3142937859811354e-05
                ],
                [
                    "es",
                    1.212271126860287e-05
                ],
                [
                    "tr",
                    1.165847515949281e-05
                ],
                [
                    "km",
                    9.458534805162344e-06
                ],
                [
                    "sd",
                    9.018143828143366e-06
                ],
                [
                    "it",
                    7.426970569213154e-06
                ],
                [
                    "pt",
                    6.990394012973411e-06
                ],
                [
                    "gu",
                    6.643870165135013e-06
                ],
                [
                    "af",
                    6.4078062678163406e-06
                ],
                [
                    "th",
                    4.81436609334196e-06
                ],
                [
                    "uk",
                    4.265731604391476e-06
                ],
                [
                    "vi",
                    3.3973039990087273e-06
                ],
                [
                    "haw",
                    3.3442474887124263e-06
                ],
                [
                    "mi",
                    3.298106548754731e-06
                ],
                [
                    "bo",
                    2.8214130907144863e-06
                ],
                [
                    "bg",
                    2.6994714517059037e-06
                ],
                [
                    "fi",
                    2.690794417503639e-06
                ],
                [
                    "tl",
                    2.285691152792424e-06
                ],
                [
                    "ca",
                    2.2455278667621315e-06
                ],
                [
                    "sn",
                    1.9016824808204547e-06
                ],
                [
                    "el",
                    1.790179908311984e-06
                ],
                [
                    "da",
                    1.5949103726597968e-06
                ],
                [
                    "pl",
                    1.334160401711415e-06
                ],
                [
                    "ro",
                    1.291337980546814e-06
                ],
                [
                    "cy",
                    1.1060093356718426e-06
                ],
                [
                    "sw",
                    1.0738594937720336e-06
                ],
                [
                    "lv",
                    8.489753327012295e-07
                ],
                [
                    "sv",
                    8.338228099091793e-07
                ],
                [
                    "no",
                    8.248940162047802e-07
                ],
                [
                    "gl",
                    8.147536050273629e-07
                ],
                [
                    "sr",
                    7.426478418892657e-07
                ],
                [
                    "ps",
                    7.309689067369618e-07
                ],
                [
                    "as",
                    6.904115252837073e-07
                ],
                [
                    "is",
                    6.614569656449021e-07
                ],
                [
                    "br",
                    4.589991817738337e-07
                ],
                [
                    "mn",
                    4.5404814841276675e-07
                ],
                [
                    "bs",
