{
    "path": "/Users/cindyzhang/YouLingo/video_analysis/sampled_videos_subset/318_video.mp4",
    "audio_path": "video_analysis/sampled_audios_subset/318_video_audio.wav",
    "language": "en",
    "length_sec": 15.84,
    "vad_duration_sec": 6.156,
    "total_segment_length_sec": 0.0,
    "word_count": -1,
    "tokens": [],
    "types": [],
    "mean_sentence_length_words": -1.0,
    "wpm": -1,
    "spm": -1,
    "average_ptr": -1,
    "transcript_text": "",
    "transcript": {
        "segments": [],
        "info": {
            "language": "en",
            "duration": 15.836,
            "duration_after_vad": 6.156,
            "language_probability": 0.16325610876083374,
            "all_language_probs": [
                [
                    "en",
                    0.16325610876083374
                ],
                [
                    "hi",
                    0.1372954100370407
                ],
                [
                    "tr",
                    0.07624439150094986
                ],
                [
                    "ru",
                    0.052897728979587555
                ],
                [
                    "ur",
                    0.0453525073826313
                ],
                [
                    "te",
                    0.03990139812231064
                ],
                [
                    "cs",
                    0.030424462631344795
                ],
                [
                    "el",
                    0.02964291162788868
                ],
                [
                    "ko",
                    0.02184993401169777
                ],
                [
                    "ta",
                    0.020699743181467056
                ],
                [
                    "lv",
                    0.019994812086224556
                ],
                [
                    "hr",
                    0.018220266327261925
                ],
                [
                    "sa",
                    0.01732454262673855
                ],
                [
                    "hu",
                    0.017279356718063354
                ],
                [
                    "jw",
                    0.013830955140292645
                ],
                [
                    "pt",
                    0.01363983005285263
                ],
                [
                    "de",
                    0.013377153314650059
                ],
                [
                    "ro",
                    0.012825640849769115
                ],
                [
                    "lt",
                    0.012644011527299881
                ],
                [
                    "it",
                    0.012619899585843086
                ],
                [
                    "bg",
                    0.012590603902935982
                ],
                [
                    "bn",
                    0.012192163616418839
                ],
                [
                    "ar",
                    0.012119986116886139
                ],
                [
                    "uk",
                    0.011626595631241798
                ],
                [
                    "pl",
                    0.011603162623941898
                ],
                [
                    "la",
                    0.011117243207991123
                ],
                [
                    "bs",
                    0.010692067444324493
                ],
                [
                    "ja",
                    0.009324475191533566
                ],
                [
                    "es",
                    0.008956990204751492
                ],
                [
                    "ne",
                    0.007839820347726345
                ],
                [
                    "sr",
                    0.007668399717658758
                ],
                [
                    "pa",
                    0.007264336105436087
                ],
                [
                    "nn",
                    0.006283024791628122
                ],
                [
                    "kn",
                    0.0062186224386096
                ],
                [
                    "fa",
                    0.005707873497158289
                ],
                [
                    "zh",
                    0.005647898651659489
                ],
                [
                    "he",
                    0.004942473955452442
                ],
                [
                    "fi",
                    0.004639835562556982
                ],
                [
                    "km",
                    0.004419123288244009
                ],
                [
                    "sl",
                    0.004395338241010904
                ],
                [
                    "gu",
                    0.004221275448799133
                ],
                [
                    "hy",
                    0.003645347896963358
                ],
                [
                    "si",
                    0.0036252050194889307
                ],
                [
                    "sk",
                    0.0032495944760739803
                ],
                [
                    "az",
                    0.0029349196702241898
                ],
                [
                    "fr",
                    0.002929739188402891
                ],
                [
                    "ml",
                    0.002708238083869219
                ],
                [
                    "cy",
                    0.002423883881419897
                ],
                [
                    "bo",
                    0.0022678545210510492
                ],
                [
                    "is",
                    0.0019832563120871782
                ],
                [
                    "sd",
                    0.0019460329785943031
                ],
                [
                    "nl",
                    0.0019375607371330261
                ],
                [
                    "ca",
                    0.0019054209114983678
                ],
                [
                    "no",
                    0.0018432094948366284
                ],
                [
                    "ka",
                    0.0018255851464346051
                ],
                [
                    "sn",
                    0.0018139436142519116
                ],
                [
                    "eu",
                    0.0017488368321210146
                ],
                [
                    "be",
                    0.0016130679287016392
                ],
                [
                    "mr",
                    0.0016028726240620017
                ],
                [
                    "kk",
                    0.001478009158745408
                ],
                [
                    "tl",
                    0.0014500488759949803
                ],
                [
                    "ps",
                    0.0012157273013144732
                ],
                [
                    "yi",
                    0.001163465902209282
                ],
                [
                    "mn",
                    0.0010115352924913168
                ],
                [
                    "et",
                    0.0009762319969013333
                ],
                [
                    "sq",
                    0.0009466531919315457
                ],
                [
                    "mi",
                    0.0009454122046008706
                ],
                [
                    "sv",
                    0.0009258270147256553
                ],
                [
                    "af",
                    0.0009220847277902067
                ],
                [
                    "id",
                    0.000877570768352598
