{
    "path": "/Users/cindyzhang/YouLingo/video_analysis/sampled_videos_subset/329_video.mp4",
    "audio_path": "video_analysis/sampled_audios_subset/329_video_audio.wav",
    "language": "en",
    "length_sec": 12.93,
    "vad_duration_sec": 0.928,
    "total_segment_length_sec": 0.0,
    "word_count": -1,
    "tokens": [],
    "types": [],
    "mean_sentence_length_words": -1.0,
    "wpm": -1,
    "spm": -1,
    "average_ptr": -1,
    "transcript_text": "",
    "transcript": {
        "segments": [],
        "info": {
            "language": "en",
            "duration": 12.9103125,
            "duration_after_vad": 0.928,
            "language_probability": 0.6367222666740417,
            "all_language_probs": [
                [
                    "en",
                    0.6367222666740417
                ],
                [
                    "es",
                    0.055903803557157516
                ],
                [
                    "nn",
                    0.032058827579021454
                ],
                [
                    "ja",
                    0.03150268271565437
                ],
                [
                    "fr",
                    0.02329588495194912
                ],
                [
                    "ru",
                    0.020658111199736595
                ],
                [
                    "it",
                    0.019361302256584167
                ],
                [
                    "ko",
                    0.019019659608602524
                ],
                [
                    "pt",
                    0.016984490677714348
                ],
                [
                    "la",
                    0.016082432121038437
                ],
                [
                    "de",
                    0.01574883982539177
                ],
                [
                    "pl",
                    0.014809657819569111
                ],
                [
                    "cy",
                    0.011927196756005287
                ],
                [
                    "el",
                    0.008961411193013191
                ],
                [
                    "zh",
                    0.007544826250523329
                ],
                [
                    "hi",
                    0.005743721500039101
                ],
                [
                    "hu",
                    0.003983746282756329
                ],
                [
                    "jw",
                    0.0037403421010822058
                ],
                [
                    "sv",
                    0.0035243346355855465
                ],
                [
                    "fi",
                    0.0033956575207412243
                ],
                [
                    "nl",
                    0.0032830804120749235
                ],
                [
                    "ar",
                    0.002849423326551914
                ],
                [
                    "tr",
                    0.0028318120166659355
                ],
                [
                    "km",
                    0.0024908091872930527
                ],
                [
                    "haw",
                    0.002419243101030588
                ],
                [
                    "te",
                    0.0023052238393574953
                ],
                [
                    "cs",
                    0.002113895956426859
                ],
                [
                    "ms",
                    0.0020027635619044304
                ],
                [
                    "ro",
                    0.0017820746870711446
                ],
                [
                    "vi",
                    0.0016334282699972391
                ],
                [
                    "br",
                    0.0016120981890708208
                ],
                [
                    "id",
                    0.0014879783848300576
                ],
                [
                    "he",
                    0.0014418612699955702
                ],
                [
                    "ca",
                    0.001398163614794612
                ],
                [
                    "th",
                    0.0013541687512770295
                ],
                [
                    "mi",
                    0.001305555459111929
                ],
                [
                    "no",
                    0.0012370197800919414
                ],
                [
                    "eu",
                    0.0011295981239527464
                ],
                [
                    "da",
                    0.0009276280761696398
                ],
                [
                    "tl",
                    0.0009151952108368278
                ],
                [
                    "ur",
                    0.0008781961514614522
                ],
                [
                    "sl",
                    0.0008597725536674261
                ],
                [
                    "uk",
                    0.0008562172297388315
                ],
                [
                    "sn",
                    0.0008547292090952396
                ],
                [
                    "gl",
                    0.0008301576017402112
                ],
                [
                    "ta",
                    0.0008248741505667567
                ],
                [
                    "hr",
                    0.0008240642491728067
                ],
                [
                    "fa",
                    0.0005540108541026711
                ],
                [
                    "bg",
                    0.0004964175168424845
                ],
                [
                    "bs",
                    0.0004902463406324387
                ],
                [
                    "sk",
                    0.0004749460204038769
                ],
                [
                    "sa",
                    0.00045138548011891544
                ],
                [
                    "si",
                    0.0003736678627319634
                ],
                [
                    "yo",
                    0.0002906907757278532
                ],
                [
                    "ml",
                    0.00028086884412914515
                ],
                [
                    "oc",
                    0.00024206288799177855
                ],
                [
                    "sw",
                    0.00023226359917316586
                ],
                [
                    "is",
                    0.00022096280008554459
                ],
                [
                    "my",
                    0.00020403030794113874
                ],
                [
                    "bn",
                    0.00020217898418195546
                ],
                [
                    "mn",
                    0.00017852512246463448
                ],
                [
                    "lv",
                    0.00015822485147509724
                ],
                [
                    "yi",
                    0.00015486986376345158
                ],
                [
                    "sr",
                    0.00014030355669092387
                ],
                [
                    "ht",
                    0.00012754467024933547
                ],
                [
                    "be",
                    0.0001226764143211767
                ],
                [
                    "lt",
                    0.00011296502634650096
                ],
                [
                    "bo",
                    0.00011235518468311056
                ],
                [
                    "ne",
                    0.0001106171912397258
                ],
                [
