{
    "path": "/Users/cindyzhang/YouLingo/video_analysis/sampled_videos_subset/332_video.mp4",
    "audio_path": "video_analysis/sampled_audios_subset/332_video_audio.wav",
    "language": "pt",
    "length_sec": 13.13,
    "vad_duration_sec": 8.656,
    "total_segment_length_sec": 8.66,
    "word_count": -1,
    "tokens": [],
    "types": [],
    "mean_sentence_length_words": -1.0,
    "wpm": -1,
    "spm": -1,
    "average_ptr": -1,
    "transcript_text": " Eu lou pra pelão, campeão do mundial Foi o MVP, os grimos passam rádio",
    "transcript": {
        "segments": [
            {
                "id": 1,
                "start": 0.0,
                "end": 8.66,
                "text": " Eu lou pra pelão, campeão do mundial Foi o MVP, os grimos passam rádio",
                "no_speech_prob": 0.09031200408935547,
                "avg_logprob": -0.7427354604005814,
                "compression_ratio": 0.948051948051948,
                "temperature": 0.0
            }
        ],
        "info": {
            "language": "pt",
            "duration": 13.0960625,
            "duration_after_vad": 8.656,
            "language_probability": 0.9607591032981873,
            "all_language_probs": [
                [
                    "pt",
                    0.9607591032981873
                ],
                [
                    "en",
                    0.018358759582042694
                ],
                [
                    "es",
                    0.008420722559094429
                ],
                [
                    "fr",
                    0.003383693052455783
                ],
                [
                    "pl",
                    0.0009154665749520063
                ],
                [
                    "ja",
                    0.0007006592350080609
                ],
                [
                    "it",
                    0.0006591827259398997
                ],
                [
                    "ro",
                    0.0006558824679814279
                ],
                [
                    "de",
                    0.0006248585996218026
                ],
                [
                    "ko",
                    0.0005575322429649532
                ],
                [
                    "la",
                    0.00036689359694719315
                ],
                [
                    "zh",
                    0.000318975537084043
                ],
                [
                    "ru",
                    0.00031323646544478834
                ],
                [
                    "vi",
                    0.0003041474847123027
                ],
                [
                    "nl",
                    0.0002969291526824236
                ],
                [
                    "nn",
                    0.0002727234095800668
                ],
                [
                    "haw",
                    0.00026525076827965677
                ],
                [
                    "km",
                    0.0002607738715596497
                ],
                [
                    "ca",
                    0.00022911450651008636
                ],
                [
                    "jw",
                    0.00021239234774839133
                ],
                [
                    "hu",
                    0.0002100316487485543
                ],
                [
                    "cy",
                    0.00019627220171969384
                ],
                [
                    "tr",
                    0.00016695178055670112
                ],
                [
                    "cs",
                    0.00012442113074939698
                ],
                [
                    "sn",
                    0.00010893659782595932
                ],
                [
                    "mi",
                    0.00010108094284078106
                ],
                [
                    "yo",
                    9.97844836092554e-05
                ],
                [
                    "ar",
                    9.58578020799905e-05
                ],
                [
                    "eu",
                    8.156211697496474e-05
                ],
                [
                    "br",
                    7.924368401290849e-05
                ],
                [
                    "gl",
                    7.489822746720165e-05
                ],
                [
                    "sv",
                    6.988144014030695e-05
                ],
                [
                    "el",
                    5.786765177617781e-05
                ],
                [
                    "tl",
                    4.818530214834027e-05
                ],
                [
                    "hi",
                    4.7211331548169255e-05
                ],
                [
                    "he",
                    4.066770998178981e-05
                ],
                [
                    "oc",
                    4.035269739688374e-05
                ],
                [
                    "ms",
                    3.812996146734804e-05
                ],
                [
                    "uk",
                    3.181001738994382e-05
                ],
                [
                    "ht",
                    3.089876190642826e-05
                ],
                [
                    "id",
                    2.6968506062985398e-05
                ],
                [
                    "sk",
                    2.2267093299888074e-05
                ],
                [
                    "yi",
                    2.073363066301681e-05
                ],
                [
                    "bg",
                    2.0156277969363146e-05
                ],
                [
                    "sl",
                    1.731997872411739e-05
                ],
                [
                    "si",
                    1.6323940144502558e-05
                ],
                [
                    "ur",
                    1.572250585013535e-05
                ],
                [
                    "ta",
                    1.5561372492811643e-05
                ],
                [
                    "sa",
                    1.5367042578873225e-05
                ],
                [
                    "be",
                    1.5125783647818025e-05
                ],
                [
                    "te",
                    1.4510701475956012e-05
                ],
                [
                    "fo",
                    1.3978579772810917e-05
                ],
                [
                    "th",
                    1.3551179108617362e-05
                ],
                [
                    "hr",
                    1.273876569030108e-05
                ],
                [
                    "my",
                    1.2154105206718668e-05
                ],
                [
                    "fi",
                    1.1589379937504418e-05
                ],
                [
                    "no",
                    1.1278819329163525e-05
                ],
                [
                    "bs",
                    9.083535587706137e-06
                ],
                [
                    "fa",
                    8.435980817012023e-06
                ],
                [
                    "af",
                    8.253302439698018e-06
                ],
                [
                    "sw",
                    8.248834092228208e-06
                ],
                [
                    "da",
                    8.170540240826085e-06
                ],
                [
                    "is",
                    6.842959464847809e-06
                ],
                [
                    "bn",
                    6.549079898832133e-06
                ],
                [
                    "lt",
