{
    "path": "/Users/cindyzhang/YouLingo/video_analysis/sampled_videos_subset/361_video.mp4",
    "audio_path": "video_analysis/sampled_audios_subset/361_video_audio.wav",
    "language": "en",
    "length_sec": 10.18,
    "vad_duration_sec": 4.672,
    "total_segment_length_sec": 0.0,
    "word_count": -1,
    "tokens": [],
    "types": [],
    "mean_sentence_length_words": -1.0,
    "wpm": -1,
    "spm": -1,
    "average_ptr": -1,
    "transcript_text": "",
    "transcript": {
        "segments": [],
        "info": {
            "language": "en",
            "duration": 10.1485625,
            "duration_after_vad": 4.672,
            "language_probability": 0.9620893597602844,
            "all_language_probs": [
                [
                    "en",
                    0.9620893597602844
                ],
                [
                    "ko",
                    0.005804390646517277
                ],
                [
                    "nn",
                    0.003944800700992346
                ],
                [
                    "haw",
                    0.003731893142685294
                ],
                [
                    "la",
                    0.0031113377772271633
                ],
                [
                    "ja",
                    0.002870018593966961
                ],
                [
                    "cy",
                    0.002773590385913849
                ],
                [
                    "pt",
                    0.0017542850691825151
                ],
                [
                    "es",
                    0.0011918112868443131
                ],
                [
                    "fr",
                    0.0011517760576680303
                ],
                [
                    "jw",
                    0.000972963694948703
                ],
                [
                    "ru",
                    0.0009245711262337863
                ],
                [
                    "km",
                    0.0009160236222669482
                ],
                [
                    "zh",
                    0.0008557410910725594
                ],
                [
                    "tr",
                    0.0008492671768181026
                ],
                [
                    "de",
                    0.0007333558169193566
                ],
                [
                    "it",
                    0.0005842557875439525
                ],
                [
                    "pl",
                    0.0005406328127719462
                ],
                [
                    "mi",
                    0.0005330968997441232
                ],
                [
                    "vi",
                    0.0003913331311196089
                ],
                [
                    "th",
                    0.0003857075935229659
                ],
                [
                    "hi",
                    0.00037684242124669254
                ],
                [
                    "nl",
                    0.0003629117854870856
                ],
                [
                    "tl",
                    0.00028738213586620986
                ],
                [
                    "ar",
                    0.00023961511033121496
                ],
                [
                    "br",
                    0.00023789014085195959
                ],
                [
                    "el",
                    0.00015936375712044537
                ],
                [
                    "hu",
                    0.00014368868141900748
                ],
                [
                    "ms",
                    0.00013452910934574902
                ],
                [
                    "sv",
                    0.00011948025348829105
                ],
                [
                    "ur",
                    0.00011911255569430068
                ],
                [
                    "ro",
                    0.00010966989793814719
                ],
                [
                    "sn",
                    0.0001095252446248196
                ],
                [
                    "da",
                    0.00010881436901399866
                ],
                [
                    "id",
                    9.695619519334286e-05
                ],
                [
                    "te",
                    9.408301411895081e-05
                ],
                [
                    "ta",
                    8.921356493374333e-05
                ],
                [
                    "ml",
                    8.18343396531418e-05
                ],
                [
                    "si",
                    7.415946311084554e-05
                ],
                [
                    "cs",
                    7.053403533063829e-05
                ],
                [
                    "fi",
                    5.7066030421992764e-05
                ],
                [
                    "no",
                    5.571114525082521e-05
                ],
                [
                    "yo",
                    5.392689854488708e-05
                ],
                [
                    "yi",
                    5.21887959621381e-05
                ],
                [
                    "uk",
                    4.56268826383166e-05
                ],
                [
                    "my",
                    4.324705514591187e-05
                ],
                [
                    "sl",
                    3.969874887843616e-05
                ],
                [
                    "sa",
                    3.906516940332949e-05
                ],
                [
                    "mn",
                    3.4818454878404737e-05
                ],
                [
                    "ht",
                    3.361569906701334e-05
                ],
                [
                    "is",
                    3.172034485032782e-05
                ],
                [
                    "af",
                    3.1126608519116417e-05
                ],
                [
                    "fa",
                    3.099636160186492e-05
                ],
                [
                    "bn",
                    2.8139893402112648e-05
                ],
                [
                    "eu",
                    2.4099139409372583e-05
                ],
                [
                    "hr",
                    2.3944139684317634e-05
                ],
                [
                    "bs",
                    2.2403990442398936e-05
                ],
                [
                    "bg",
                    1.9359769794391468e-05
                ],
                [
                    "fo",
                    1.9027842427021824e-05
                ],
                [
                    "ca",
                    1.8099961380357854e-05
                ],
                [
                    "bo",
                    1.7381678844685666e-05
                ],
                [
                    "he",
                    1.733145836624317e-05
                ],
                [
                    "ne",
                    1.4235411981644575e-05
                ],
                [
                    "lv",
                    1.3317683624336496e-05
                ],
                [
                    "gl",
                    1.3044075785728637e-05
                ],
                [
                    "oc",
                    8.891190191206988e-06
                ],
                [
                    "sw",
                    8.444254490314052e-06
                ],
                [
                    "sk",
                    7.920132702565752e-06
                ],
                [
                    "lt",
                    7.068551440170268e-06
                ],
