{
    "path": "/Users/cindyzhang/YouLingo/video_analysis/sampled_videos_subset/376_video.mp4",
    "audio_path": "video_analysis/sampled_audios_subset/376_video_audio.wav",
    "language": "en",
    "length_sec": 10.33,
    "vad_duration_sec": 0.832,
    "total_segment_length_sec": 0.0,
    "word_count": -1,
    "tokens": [],
    "types": [],
    "mean_sentence_length_words": -1.0,
    "wpm": -1,
    "spm": -1,
    "average_ptr": -1,
    "transcript_text": "",
    "transcript": {
        "segments": [],
        "info": {
            "language": "en",
            "duration": 10.3096875,
            "duration_after_vad": 0.832,
            "language_probability": 0.43804311752319336,
            "all_language_probs": [
                [
                    "en",
                    0.43804311752319336
                ],
                [
                    "ja",
                    0.06636712700128555
                ],
                [
                    "ko",
                    0.05744467303156853
                ],
                [
                    "nn",
                    0.05375957861542702
                ],
                [
                    "ru",
                    0.039370302110910416
                ],
                [
                    "fr",
                    0.0330500490963459
                ],
                [
                    "jw",
                    0.03276968374848366
                ],
                [
                    "de",
                    0.030825750902295113
                ],
                [
                    "es",
                    0.027709927409887314
                ],
                [
                    "zh",
                    0.02657700702548027
                ],
                [
                    "pt",
                    0.02526853233575821
                ],
                [
                    "km",
                    0.016743134707212448
                ],
                [
                    "la",
                    0.013454399071633816
                ],
                [
                    "nl",
                    0.01237829402089119
                ],
                [
                    "it",
                    0.012071722187101841
                ],
                [
                    "pl",
                    0.011537871323525906
                ],
                [
                    "cy",
                    0.009405708871781826
                ],
                [
                    "tr",
                    0.008234248496592045
                ],
                [
                    "haw",
                    0.008211201056838036
                ],
                [
                    "hi",
                    0.005989697761833668
                ],
                [
                    "ar",
                    0.005560806021094322
                ],
                [
                    "hu",
                    0.004668065812438726
                ],
                [
                    "fi",
                    0.004608004353940487
                ],
                [
                    "si",
                    0.004232306499034166
                ],
                [
                    "th",
                    0.0036657191812992096
                ],
                [
                    "sv",
                    0.003311701351776719
                ],
                [
                    "vi",
                    0.0032814794685691595
                ],
                [
                    "te",
                    0.002982656704261899
                ],
                [
                    "el",
                    0.0027056192047894
                ],
                [
                    "sn",
                    0.0024934010580182076
                ],
                [
                    "br",
                    0.0024589477106928825
                ],
                [
                    "ta",
                    0.002338866936042905
                ],
                [
                    "id",
                    0.002264578128233552
                ],
                [
                    "ms",
                    0.0019507089164108038
                ],
                [
                    "cs",
                    0.001918414025567472
                ],
                [
                    "ro",
                    0.0018775803036987782
                ],
                [
                    "sa",
                    0.0017410246655344963
                ],
                [
                    "tl",
                    0.0014824341051280499
                ],
                [
                    "uk",
                    0.0014823435340076685
                ],
                [
                    "ml",
                    0.0013516662875190377
                ],
                [
                    "mi",
                    0.0012803460704162717
                ],
                [
                    "ca",
                    0.0009589705732651055
                ],
                [
                    "he",
                    0.0008717493619769812
                ],
                [
                    "ur",
                    0.0008338954066857696
                ],
                [
                    "no",
                    0.0008332498837262392
                ],
                [
                    "eu",
                    0.0007592657348141074
                ],
                [
                    "bg",
                    0.0007335158879868686
                ],
                [
                    "da",
                    0.00069317506859079
                ],
                [
                    "yo",
                    0.0006738246302120388
                ],
                [
                    "hr",
                    0.0006580902845598757
                ],
                [
                    "fa",
                    0.0005692597478628159
                ],
                [
                    "gl",
                    0.0005092138308100402
                ],
                [
                    "sl",
                    0.0004432981077115983
                ],
                [
                    "bn",
                    0.0004422053461894393
                ],
                [
                    "sk",
                    0.0004152095061726868
                ],
                [
                    "my",
                    0.0003276349452789873
                ],
                [
                    "be",
                    0.0002457312657497823
                ],
                [
                    "bs",
                    0.0002378199133090675
                ],
                [
                    "oc",
                    0.00022092298604547977
                ],
                [
                    "mn",
                    0.0001997301005758345
                ],
                [
                    "lv",
                    0.00018542940961197019
                ],
                [
                    "fo",
                    0.00018487822671886533
                ],
                [
                    "sw",
                    0.00017525909061077982
                ],
                [
                    "bo",
                    0.00016168343427125365
                ],
                [
                    "is",
                    0.00016057757602538913
                ],
                [
                    "ht",
                    0.00015980708121787757
                ],
                [
                    "yi",
                    0.00014944719441700727
                ],
                [
                    "lt",
                    0.00012682232772931457
                ],
                [
                    "az",
                    0.00012592134589795023
                ],
                [
                    "hy",
