{
    "path": "/Users/cindyzhang/YouLingo/video_analysis/sampled_videos_subset/382_video.mp4",
    "audio_path": "video_analysis/sampled_audios_subset/382_video_audio.wav",
    "language": "te",
    "length_sec": 15.07,
    "vad_duration_sec": 12.20575,
    "total_segment_length_sec": 0.0,
    "word_count": -1,
    "tokens": [],
    "types": [],
    "mean_sentence_length_words": -1.0,
    "wpm": -1,
    "spm": -1,
    "average_ptr": -1,
    "transcript_text": "",
    "transcript": {
        "segments": [],
        "info": {
            "language": "te",
            "duration": 15.06975,
            "duration_after_vad": 12.20575,
            "language_probability": 0.29108956456184387,
            "all_language_probs": [
                [
                    "te",
                    0.29108956456184387
                ],
                [
                    "pa",
                    0.20136992633342743
                ],
                [
                    "sa",
                    0.09065912663936615
                ],
                [
                    "si",
                    0.07577313482761383
                ],
                [
                    "ta",
                    0.07271043956279755
                ],
                [
                    "kn",
                    0.057485684752464294
                ],
                [
                    "ml",
                    0.05172557011246681
                ],
                [
                    "bn",
                    0.03291536867618561
                ],
                [
                    "mr",
                    0.02684558369219303
                ],
                [
                    "hi",
                    0.026142381131649017
                ],
                [
                    "en",
                    0.026128558441996574
                ],
                [
                    "jw",
                    0.006900396663695574
                ],
                [
                    "ne",
                    0.006630426272749901
                ],
                [
                    "fr",
                    0.004980168770998716
                ],
                [
                    "sd",
                    0.004711025394499302
                ],
                [
                    "ur",
                    0.0045354338362813
                ],
                [
                    "gu",
                    0.004136824049055576
                ],
                [
                    "ar",
                    0.002177694346755743
                ],
                [
                    "tr",
                    0.0016249642940238118
                ],
                [
                    "la",
                    0.0010878959437832236
                ],
                [
                    "es",
                    0.001063204719685018
                ],
                [
                    "as",
                    0.0010063494555652142
                ],
                [
                    "nn",
                    0.0005244038184173405
                ],
                [
                    "el",
                    0.0005028892774134874
                ],
                [
                    "pt",
                    0.0004943052772432566
                ],
                [
                    "ps",
                    0.0004772047104779631
                ],
                [
                    "de",
                    0.0003556444717105478
                ],
                [
                    "haw",
                    0.00033584414632059634
                ],
                [
                    "lv",
                    0.0003159730404149741
                ],
                [
                    "bo",
                    0.000315470970235765
                ],
                [
                    "fi",
                    0.00028143616509623826
                ],
                [
                    "am",
                    0.0002707225503399968
                ],
                [
                    "km",
                    0.000262863643001765
                ],
                [
                    "fa",
                    0.00022696814266964793
                ],
                [
                    "ja",
                    0.00021385331638157368
                ],
                [
                    "lt",
                    0.00020293387933634222
                ],
                [
                    "it",
                    0.0001922790106618777
                ],
                [
                    "sw",
                    0.0001711626973701641
                ],
                [
                    "eu",
                    0.0001701978617347777
                ],
                [
                    "so",
                    0.0001614286593394354
                ],
                [
                    "ro",
                    0.00015652617730665952
                ],
                [
                    "he",
                    0.00014283791824709624
                ],
                [
                    "my",
                    0.00013590272283181548
                ],
                [
                    "ru",
                    0.00012427537876646966
                ],
                [
                    "is",
                    0.00012256063928361982
                ],
                [
                    "uk",
                    0.00011405205441405997
                ],
                [
                    "tl",
                    0.00010476265015313402
                ],
                [
                    "ms",
                    0.00010404547356301919
                ],
                [
                    "bg",
                    0.00010236896196147427
                ],
                [
                    "hu",
                    9.650870197219774e-05
                ],
                [
                    "cs",
                    9.124712232733145e-05
                ],
                [
                    "sn",
                    8.610372606199235e-05
                ],
                [
                    "mi",
                    8.361998334294185e-05
                ],
                [
                    "cy",
                    8.345030073542148e-05
                ],
                [
                    "sr",
                    6.891958037158474e-05
                ],
                [
                    "id",
                    6.452575325965881e-05
                ],
                [
                    "br",
                    6.25131287961267e-05
                ],
                [
                    "zh",
                    6.231920269783586e-05
                ],
                [
                    "hr",
                    6.00526254856959e-05
                ],
                [
                    "az",
                    5.74524347030092e-05
                ],
                [
                    "da",
                    5.7414094044361264e-05
                ],
                [
                    "sv",
                    5.434156992123462e-05
                ],
                [
                    "ko",
                    5.3357231081463397e-05
                ],
                [
                    "hy",
                    5.1683302444871515e-05
                ],
                [
                    "no",
                    5.0737533456413075e-05
                ],
                [
                    "sq",
                    4.8203783080680296e-05
                ],
                [
                    "ca",
                    4.555015402729623e-05
                ],
                [
                    "yo",
                    4.516258923104033e-05
                ],
                [
                    "kk",
                    4.4128937588538975e-05
                ],
                [
