{
    "path": "/Users/cindyzhang/YouLingo/video_analysis/sampled_videos_subset/384_video.mp4",
    "audio_path": "video_analysis/sampled_audios_subset/384_video_audio.wav",
    "language": "ja",
    "length_sec": 15.7,
    "vad_duration_sec": 9.664,
    "total_segment_length_sec": 0.0,
    "word_count": -1,
    "tokens": [],
    "types": [],
    "mean_sentence_length_words": -1.0,
    "wpm": -1,
    "spm": -1,
    "average_ptr": -1,
    "transcript_text": "",
    "transcript": {
        "segments": [],
        "info": {
            "language": "ja",
            "duration": 15.6966875,
            "duration_after_vad": 9.664,
            "language_probability": 0.22173744440078735,
            "all_language_probs": [
                [
                    "ja",
                    0.22173744440078735
                ],
                [
                    "ko",
                    0.09362147748470306
                ],
                [
                    "es",
                    0.0856039822101593
                ],
                [
                    "en",
                    0.054540641605854034
                ],
                [
                    "te",
                    0.04804742708802223
                ],
                [
                    "it",
                    0.03929190710186958
                ],
                [
                    "zh",
                    0.031123343855142593
                ],
                [
                    "tr",
                    0.027832670137286186
                ],
                [
                    "ru",
                    0.023243147879838943
                ],
                [
                    "hi",
                    0.022064421325922012
                ],
                [
                    "ta",
                    0.021513910964131355
                ],
                [
                    "ne",
                    0.018900258466601372
                ],
                [
                    "ro",
                    0.01819174736738205
                ],
                [
                    "fr",
                    0.016771366819739342
                ],
                [
                    "el",
                    0.016721928492188454
                ],
                [
                    "pt",
                    0.015920311212539673
                ],
                [
                    "jw",
                    0.015282325446605682
                ],
                [
                    "hu",
                    0.014145766384899616
                ],
                [
                    "hr",
                    0.013998663052916527
                ],
                [
                    "bn",
                    0.013719232752919197
                ],
                [
                    "pl",
                    0.012130988761782646
                ],
                [
                    "km",
                    0.011634043417870998
                ],
                [
                    "fi",
                    0.010112653486430645
                ],
                [
                    "de",
                    0.008970355615019798
                ],
                [
                    "eu",
                    0.008878959342837334
                ],
                [
                    "ar",
                    0.008572853170335293
                ],
                [
                    "sn",
                    0.008370297960937023
                ],
                [
                    "tl",
                    0.006829654797911644
                ],
                [
                    "cs",
                    0.005733583588153124
                ],
                [
                    "sv",
                    0.0052656084299087524
                ],
                [
                    "sa",
                    0.0044014668092131615
                ],
                [
                    "ca",
                    0.004395705182105303
                ],
                [
                    "be",
                    0.004387207794934511
                ],
                [
                    "cy",
                    0.004164251498878002
                ],
                [
                    "mi",
                    0.0041577573865652084
                ],
                [
                    "haw",
                    0.004050171934068203
                ],
                [
                    "la",
                    0.003926536533981562
                ],
                [
                    "fa",
                    0.0038569504395127296
                ],
                [
                    "bs",
                    0.0033623920753598213
                ],
                [
                    "nn",
                    0.003349419217556715
                ],
                [
                    "sw",
                    0.0030827659647911787
                ],
                [
                    "gl",
                    0.002919039921835065
                ],
                [
                    "yo",
                    0.0028686048462986946
                ],
                [
                    "ml",
                    0.0026610775385051966
                ],
                [
                    "uk",
                    0.0023285867646336555
                ],
                [
                    "bo",
                    0.0023045558482408524
                ],
                [
                    "id",
                    0.0022774082608520985
                ],
                [
                    "sk",
                    0.0022488210815936327
                ],
                [
                    "vi",
                    0.0021631838753819466
                ],
                [
                    "ms",
                    0.002110653091222048
                ],
                [
                    "lv",
                    0.0020290790125727654
                ],
                [
                    "et",
                    0.0019069176632910967
                ],
                [
                    "si",
                    0.0018899120623245835
                ],
                [
                    "sr",
                    0.0018894049571827054
                ],
                [
                    "is",
                    0.0017577816033735871
                ],
                [
                    "he",
                    0.0016202008118852973
                ],
                [
                    "no",
                    0.0016198331722989678
                ],
                [
                    "my",
                    0.001613930449821055
                ],
                [
                    "oc",
                    0.0016075785970315337
                ],
                [
                    "ka",
                    0.0015513994731009007
                ],
                [
                    "mn",
                    0.0014654411934316158
                ],
                [
                    "br",
                    0.0013075255556032062
                ],
                [
                    "ht",
                    0.0012892144732177258
                ],
                [
                    "sl",
                    0.001279944321140647
                ],
                [
                    "th",
                    0.001197006436996162
                ],
                [
                    "ur",
                    0.0011838057544082403
                ],
                [
                    "kn",
                    0.00101817911490798
                ],
                [
                    "lt",
                    0.0010152198374271393
                ],
                [
                    "hy",
                    0.0009473544778302312
                ],
                [
                    "kk",
