{
    "path": "/Users/cindyzhang/YouLingo/video_analysis/sampled_videos_subset/394_video.mp4",
    "audio_path": "video_analysis/sampled_audios_subset/394_video_audio.wav",
    "language": "en",
    "length_sec": 12.93,
    "vad_duration_sec": 0.928,
    "total_segment_length_sec": 0.0,
    "word_count": -1,
    "tokens": [],
    "types": [],
    "mean_sentence_length_words": -1.0,
    "wpm": -1,
    "spm": -1,
    "average_ptr": -1,
    "transcript_text": "",
    "transcript": {
        "segments": [],
        "info": {
            "language": "en",
            "duration": 12.9103125,
            "duration_after_vad": 0.928,
            "language_probability": 0.7227101922035217,
            "all_language_probs": [
                [
                    "en",
                    0.7227101922035217
                ],
                [
                    "ja",
                    0.09468473494052887
                ],
                [
                    "ko",
                    0.040973301976919174
                ],
                [
                    "nn",
                    0.0187306459993124
                ],
                [
                    "cy",
                    0.01461197528988123
                ],
                [
                    "la",
                    0.013208715245127678
                ],
                [
                    "ru",
                    0.010810630396008492
                ],
                [
                    "de",
                    0.008267056196928024
                ],
                [
                    "jw",
                    0.0071258386597037315
                ],
                [
                    "it",
                    0.005483416374772787
                ],
                [
                    "fr",
                    0.005482606124132872
                ],
                [
                    "km",
                    0.005414960440248251
                ],
                [
                    "pt",
                    0.00442321365699172
                ],
                [
                    "es",
                    0.003938461188226938
                ],
                [
                    "zh",
                    0.0036034281365573406
                ],
                [
                    "haw",
                    0.003364849602803588
                ],
                [
                    "pl",
                    0.0030779161024838686
                ],
                [
                    "hu",
                    0.0028668218292295933
                ],
                [
                    "tr",
                    0.002564098685979843
                ],
                [
                    "te",
                    0.0023246428463608027
                ],
                [
                    "ar",
                    0.002269798656925559
                ],
                [
                    "hi",
                    0.001944478484801948
                ],
                [
                    "th",
                    0.0019011235563084483
                ],
                [
                    "nl",
                    0.0015128066297620535
                ],
                [
                    "id",
                    0.0013463795185089111
                ],
                [
                    "ta",
                    0.001196928322315216
                ],
                [
                    "vi",
                    0.0010388368973508477
                ],
                [
                    "sv",
                    0.0009994093561545014
                ],
                [
                    "el",
                    0.0009279759833589196
                ],
                [
                    "fi",
                    0.000910590635612607
                ],
                [
                    "ro",
                    0.0008556051761843264
                ],
                [
                    "br",
                    0.0008553571533411741
                ],
                [
                    "tl",
                    0.0008494003559462726
                ],
                [
                    "cs",
                    0.0007885813247412443
                ],
                [
                    "mi",
                    0.0006793744396418333
                ],
                [
                    "ca",
                    0.0006129067623987794
                ],
                [
                    "ms",
                    0.0006110554677434266
                ],
                [
                    "sn",
                    0.0006000892608426511
                ],
                [
                    "si",
                    0.0005211756797507405
                ],
                [
                    "sa",
                    0.00046474370174109936
                ],
                [
                    "he",
                    0.0003701272653415799
                ],
                [
                    "ml",
                    0.0003639301867224276
                ],
                [
                    "eu",
                    0.0003508859081193805
                ],
                [
                    "ur",
                    0.00034889252856373787
                ],
                [
                    "mn",
                    0.00030624811188317835
                ],
                [
                    "da",
                    0.0002802708186209202
                ],
                [
                    "hr",
                    0.0002653338306117803
                ],
                [
                    "uk",
                    0.00025339683634229004
                ],
                [
                    "sl",
                    0.0002469160535838455
                ],
                [
                    "no",
                    0.0002200338785769418
                ],
                [
                    "my",
                    0.0002033357013715431
                ],
                [
                    "bg",
                    0.00019798621360678226
                ],
                [
                    "fa",
                    0.0001812147966120392
                ],
                [
                    "bn",
                    0.0001502837985754013
                ],
                [
                    "bs",
                    0.00013153090549167246
                ],
                [
                    "bo",
                    0.00011923626152565703
                ],
                [
                    "gl",
                    0.00011592117516556755
                ],
                [
                    "yo",
                    0.00011376052134437487
                ],
                [
                    "lv",
                    0.00011081348930019885
                ],
                [
                    "yi",
                    9.347267769044265e-05
                ],
                [
                    "is",
                    9.326839790446684e-05
                ],
                [
                    "hy",
                    8.633686229586601e-05
                ],
                [
                    "sk",
                    8.618910942459479e-05
                ],
                [
                    "oc",
                    6.840915739303455e-05
                ],
                [
                    "be",
                    6.184550875332206e-05
                ],
                [
                    "af",
                    6.063056571292691e-05
                ],
                [
                    "ht",
                    5.5804757721489295e-05
                ],
                [
                    "ne",
                    5.205312118050642e-05
                ],
                [
                    "fo",
                    5.0192415073979646e-05
                ],
                [
