{
    "path": "/Users/cindyzhang/YouLingo/video_analysis/sampled_videos_subset/408_video.mp4",
    "audio_path": "video_analysis/sampled_audios_subset/408_video_audio.wav",
    "language": "en",
    "length_sec": 10.92,
    "vad_duration_sec": 10.8901875,
    "total_segment_length_sec": 0.0,
    "word_count": -1,
    "tokens": [],
    "types": [],
    "mean_sentence_length_words": -1.0,
    "wpm": -1,
    "spm": -1,
    "average_ptr": -1,
    "transcript_text": "",
    "transcript": {
        "segments": [],
        "info": {
            "language": "en",
            "duration": 10.8901875,
            "duration_after_vad": 10.8901875,
            "language_probability": 0.808311939239502,
            "all_language_probs": [
                [
                    "en",
                    0.808311939239502
                ],
                [
                    "ko",
                    0.08192096650600433
                ],
                [
                    "pt",
                    0.023038193583488464
                ],
                [
                    "es",
                    0.011226934380829334
                ],
                [
                    "fr",
                    0.008910538628697395
                ],
                [
                    "ja",
                    0.008516324684023857
                ],
                [
                    "zh",
                    0.007697372697293758
                ],
                [
                    "ar",
                    0.004900924861431122
                ],
                [
                    "tl",
                    0.0041849808767437935
                ],
                [
                    "tr",
                    0.0036574359983205795
                ],
                [
                    "de",
                    0.003064640099182725
                ],
                [
                    "vi",
                    0.002901575993746519
                ],
                [
                    "haw",
                    0.002789064310491085
                ],
                [
                    "it",
                    0.0023349709808826447
                ],
                [
                    "la",
                    0.002094951691105962
                ],
                [
                    "nl",
                    0.0020115082152187824
                ],
                [
                    "cy",
                    0.0017897262005135417
                ],
                [
                    "ru",
                    0.0016514419112354517
                ],
                [
                    "nn",
                    0.00146055209916085
                ],
                [
                    "ms",
                    0.0013307968620210886
                ],
                [
                    "pl",
                    0.0013307459885254502
                ],
                [
                    "th",
                    0.001231964910402894
                ],
                [
                    "hi",
                    0.0011953922221437097
                ],
                [
                    "id",
                    0.001029962906613946
                ],
                [
                    "jw",
                    0.0009027735213749111
                ],
                [
                    "ur",
                    0.000857907987665385
                ],
                [
                    "el",
                    0.0008183755562640727
                ],
                [
                    "he",
                    0.0007398006273433566
                ],
                [
                    "yo",
                    0.0006254050531424582
                ],
                [
                    "mi",
                    0.0005928787868469954
                ],
                [
                    "ta",
                    0.0005524419830180705
                ],
                [
                    "br",
                    0.0004571635799948126
                ],
                [
                    "km",
                    0.00042549872887320817
                ],
                [
                    "ht",
                    0.00041143683483824134
                ],
                [
                    "hu",
                    0.00037275010254234076
                ],
                [
                    "da",
                    0.0003384593583177775
                ],
                [
                    "cs",
                    0.00032479054061695933
                ],
                [
                    "sn",
                    0.0003124239738099277
                ],
                [
                    "sv",
                    0.0003071288811042905
                ],
                [
                    "ro",
                    0.0002978175471071154
                ],
                [
                    "no",
                    0.00028938587638549507
                ],
                [
                    "ca",
                    0.00021776788344141096
                ],
                [
                    "fa",
                    0.000206079421332106
                ],
                [
                    "te",
                    0.00020252390822861344
                ],
                [
                    "sw",
                    0.00018572503176983446
                ],
                [
                    "bs",
                    0.00016709665942471474
                ],
                [
                    "yi",
                    0.0001414983271388337
                ],
                [
                    "bn",
                    0.00012895750114694238
                ],
                [
                    "hr",
                    0.00012657461047638208
                ],
                [
                    "sl",
                    0.00012186546518933028
                ],
                [
                    "my",
                    0.00011663803161354735
                ],
                [
                    "gl",
                    0.00010298100824002177
                ],
                [
                    "uk",
                    9.9748678621836e-05
                ],
                [
                    "bo",
                    9.809045150177553e-05
                ],
                [
                    "si",
                    8.87144124135375e-05
                ],
                [
                    "ne",
                    8.107182657113299e-05
                ],
                [
                    "eu",
                    7.616943912580609e-05
                ],
                [
                    "sa",
                    6.184233643580228e-05
                ],
                [
                    "fi",
                    5.356741894502193e-05
                ],
                [
                    "bg",
                    5.110181155032478e-05
                ],
                [
                    "af",
                    4.556842759484425e-05
                ],
                [
                    "ml",
                    4.438828909769654e-05
                ],
                [
                    "oc",
                    3.872830347972922e-05
                ],
                [
                    "mn",
                    3.4885717468569055e-05
                ],
                [
                    "sk",
                    3.138967804261483e-05
                ],
                [
                    "is",
                    2.4037364710238762e-05
                ],
                [
                    "sd",
                    2.043560925812926e-05
                ],
                [
                    "be",
                    1.7797281543607824e-05
                ],
                [
                    "lo",
                    1.6216559743043035e-05
                ],
                [
