{
    "path": "/Users/cindyzhang/YouLingo/video_analysis/sampled_videos_subset/413_video.mp4",
    "audio_path": "video_analysis/sampled_audios_subset/413_video_audio.wav",
    "language": "en",
    "length_sec": 13.97,
    "vad_duration_sec": 7.68,
    "total_segment_length_sec": 0.0,
    "word_count": -1,
    "tokens": [],
    "types": [],
    "mean_sentence_length_words": -1.0,
    "wpm": -1,
    "spm": -1,
    "average_ptr": -1,
    "transcript_text": "",
    "transcript": {
        "segments": [],
        "info": {
            "language": "en",
            "duration": 13.9101875,
            "duration_after_vad": 7.68,
            "language_probability": 0.8375009298324585,
            "all_language_probs": [
                [
                    "en",
                    0.8375009298324585
                ],
                [
                    "ko",
                    0.03418494760990143
                ],
                [
                    "pt",
                    0.018889525905251503
                ],
                [
                    "de",
                    0.016044102609157562
                ],
                [
                    "es",
                    0.01122718583792448
                ],
                [
                    "ja",
                    0.009048378095030785
                ],
                [
                    "haw",
                    0.006571739446371794
                ],
                [
                    "cy",
                    0.005836063530296087
                ],
                [
                    "tr",
                    0.005694302264600992
                ],
                [
                    "fr",
                    0.005162626504898071
                ],
                [
                    "nn",
                    0.0035008855629712343
                ],
                [
                    "pl",
                    0.0034362508449703455
                ],
                [
                    "ru",
                    0.0023339122999459505
                ],
                [
                    "km",
                    0.0021400400437414646
                ],
                [
                    "la",
                    0.002081404672935605
                ],
                [
                    "nl",
                    0.0019577934872359037
                ],
                [
                    "hu",
                    0.0018690538126975298
                ],
                [
                    "ro",
                    0.001854620291851461
                ],
                [
                    "it",
                    0.0018365897703915834
                ],
                [
                    "sn",
                    0.0016968921991065145
                ],
                [
                    "mi",
                    0.0016143552493304014
                ],
                [
                    "hi",
                    0.00149786495603621
                ],
                [
                    "ar",
                    0.0014750349801033735
                ],
                [
                    "jw",
                    0.0014215785777196288
                ],
                [
                    "el",
                    0.0013224208960309625
                ],
                [
                    "te",
                    0.0012740602251142263
                ],
                [
                    "yo",
                    0.0011892347829416394
                ],
                [
                    "zh",
                    0.0011729460675269365
                ],
                [
                    "he",
                    0.0011298737954348326
                ],
                [
                    "sv",
                    0.001098400680348277
                ],
                [
                    "da",
                    0.0010605374118313193
                ],
                [
                    "th",
                    0.0009520091698504984
                ],
                [
                    "si",
                    0.0009107035002671182
                ],
                [
                    "cs",
                    0.0008347112452611327
                ],
                [
                    "tl",
                    0.000769847072660923
                ],
                [
                    "yi",
                    0.0006499838782474399
                ],
                [
                    "fa",
                    0.000553744612261653
                ],
                [
                    "ta",
                    0.0004814298008568585
                ],
                [
                    "uk",
                    0.0004466142854653299
                ],
                [
                    "br",
                    0.0004270832578185946
                ],
                [
                    "bn",
                    0.0003879665455315262
                ],
                [
                    "hr",
                    0.0003857742703985423
                ],
                [
                    "ht",
                    0.00038563524140045047
                ],
                [
                    "vi",
                    0.000378845987142995
                ],
                [
                    "ur",
                    0.0003583375073503703
                ],
                [
                    "eu",
                    0.0003367869940120727
                ],
                [
                    "sa",
                    0.00028867818764410913
                ],
                [
                    "ms",
                    0.00028039084281772375
                ],
                [
                    "id",
                    0.00027126516215503216
                ],
                [
                    "ca",
                    0.00026005145628005266
                ],
                [
                    "sl",
                    0.0002491843479219824
                ],
                [
                    "fi",
                    0.00023520211107097566
                ],
                [
                    "bs",
                    0.00023364342632703483
                ],
                [
                    "bg",
                    0.000231555852224119
                ],
                [
                    "my",
                    0.0002299338229931891
                ],
                [
                    "lv",
                    0.0002069192414637655
                ],
                [
                    "is",
                    0.00020151717762928456
                ],
                [
                    "no",
                    0.0001987044233828783
                ],
                [
                    "sw",
                    0.0001733811805024743
                ],
                [
                    "ml",
                    0.0001600125542609021
                ],
                [
                    "fo",
                    0.0001216814634972252
                ],
                [
                    "ne",
                    0.00010619674139888957
                ],
                [
                    "lt",
                    0.00010035528976004571
                ],
                [
                    "af",
                    9.806131856748834e-05
                ],
                [
                    "pa",
                    9.734934428706765e-05
                ],
                [
                    "sk",
                    9.63299535214901e-05
                ],
                [
                    "oc",
                    8.995574899017811e-05
                ],
                [
                    "bo",
                    7.425848889397457e-05
                ],
                [
                    "be",
                    6.845371535746381e-05
                ],
                [
                    "sq",
