{
    "path": "/Users/cindyzhang/YouLingo/video_analysis/sampled_videos_subset/415_video.mp4",
    "audio_path": "video_analysis/sampled_audios_subset/415_video_audio.wav",
    "language": "ml",
    "length_sec": 15.03,
    "vad_duration_sec": 14.9536875,
    "total_segment_length_sec": 0.0,
    "word_count": -1,
    "tokens": [],
    "types": [],
    "mean_sentence_length_words": -1.0,
    "wpm": -1,
    "spm": -1,
    "average_ptr": -1,
    "transcript_text": "",
    "transcript": {
        "segments": [],
        "info": {
            "language": "ml",
            "duration": 14.9536875,
            "duration_after_vad": 14.9536875,
            "language_probability": 0.48116716742515564,
            "all_language_probs": [
                [
                    "ml",
                    0.48116716742515564
                ],
                [
                    "ta",
                    0.14802156388759613
                ],
                [
                    "pa",
                    0.08201662451028824
                ],
                [
                    "kn",
                    0.07377565652132034
                ],
                [
                    "hi",
                    0.06977807730436325
                ],
                [
                    "en",
                    0.03574283421039581
                ],
                [
                    "te",
                    0.02113240212202072
                ],
                [
                    "si",
                    0.01858225278556347
                ],
                [
                    "ur",
                    0.012491796165704727
                ],
                [
                    "mr",
                    0.010509136132895947
                ],
                [
                    "sa",
                    0.008183476515114307
                ],
                [
                    "ne",
                    0.005819419398903847
                ],
                [
                    "ja",
                    0.00464441766962409
                ],
                [
                    "ar",
                    0.004091900307685137
                ],
                [
                    "nn",
                    0.003684082068502903
                ],
                [
                    "jw",
                    0.0029599214904010296
                ],
                [
                    "gu",
                    0.0017500773537904024
                ],
                [
                    "zh",
                    0.0016457695746794343
                ],
                [
                    "ko",
                    0.0016023516654968262
                ],
                [
                    "bn",
                    0.0015832510543987155
                ],
                [
                    "sd",
                    0.00111973169259727
                ],
                [
                    "th",
                    0.0010768596548587084
                ],
                [
                    "tr",
                    0.0009756791987456381
                ],
                [
                    "nl",
                    0.000671583111397922
                ],
                [
                    "fi",
                    0.0006076988065615296
                ],
                [
                    "es",
                    0.0005550916539505124
                ],
                [
                    "km",
                    0.00046865997137501836
                ],
                [
                    "ms",
                    0.00044900958891958
                ],
                [
                    "fr",
                    0.000390427652746439
                ],
                [
                    "uk",
                    0.0003647597914095968
                ],
                [
                    "id",
                    0.0003578742907848209
                ],
                [
                    "la",
                    0.00034458833397366107
                ],
                [
                    "tl",
                    0.00026937786606140435
                ],
                [
                    "de",
                    0.00026162760332226753
                ],
                [
                    "cs",
                    0.00025599487707950175
                ],
                [
                    "pt",
                    0.0002278593456139788
                ],
                [
                    "da",
                    0.00017761204799171537
                ],
                [
                    "mi",
                    0.00013824249617755413
                ],
                [
                    "el",
                    0.00013822931214235723
                ],
                [
                    "sv",
                    0.00012410664930939674
                ],
                [
                    "haw",
                    0.0001229866174980998
                ],
                [
                    "as",
                    0.00011774993618018925
                ],
                [
                    "bo",
                    0.00010325092443963513
                ],
                [
                    "ru",
                    9.144219075096771e-05
                ],
                [
                    "fa",
                    8.657746366225183e-05
                ],
                [
                    "it",
                    8.627636998426169e-05
                ],
                [
                    "vi",
                    8.45610920805484e-05
                ],
                [
                    "cy",
                    8.379619248444214e-05
                ],
                [
                    "ps",
                    8.25486786197871e-05
                ],
                [
                    "lt",
                    8.128492481773719e-05
                ],
                [
                    "my",
                    8.047005394473672e-05
                ],
                [
                    "am",
                    6.5573476604186e-05
                ],
                [
                    "no",
                    4.790837556356564e-05
                ],
                [
                    "pl",
                    4.786960198543966e-05
                ],
                [
                    "lv",
                    4.497451664065011e-05
                ],
                [
                    "is",
                    3.993891368736513e-05
                ],
                [
                    "eu",
                    3.783912325161509e-05
                ],
                [
                    "af",
                    3.639866190496832e-05
                ],
                [
                    "et",
                    3.562513302313164e-05
                ],
                [
                    "ro",
                    3.560631739674136e-05
                ],
                [
                    "mn",
                    3.4972115827258676e-05
                ],
                [
                    "bs",
                    3.07999798678793e-05
                ],
                [
                    "he",
                    3.0547005735570565e-05
                ],
                [
                    "sw",
                    2.9832955988240428e-05
                ],
                [
                    "hr",
                    2.9127731977496296e-05
                ],
                [
                    "bg",
                    2.6136238375329413e-05
                ],
                [
                    "sn",
                    2.5456420189584605e-05
                ],
                [
                    "lo",
                    1.934097417688463e-05
                ],
                [
                    "sk",
                    1.925556171045173e-05
                ],
                [
