{
    "path": "/Users/cindyzhang/YouLingo/video_analysis/sampled_videos_subset/418_video.mp4",
    "audio_path": "video_analysis/sampled_audios_subset/418_video_audio.wav",
    "language": "en",
    "length_sec": 8.43,
    "vad_duration_sec": 3.728,
    "total_segment_length_sec": 0.0,
    "word_count": -1,
    "tokens": [],
    "types": [],
    "mean_sentence_length_words": -1.0,
    "wpm": -1,
    "spm": -1,
    "average_ptr": -1,
    "transcript_text": "",
    "transcript": {
        "segments": [],
        "info": {
            "language": "en",
            "duration": 8.405625,
            "duration_after_vad": 3.728,
            "language_probability": 0.703210175037384,
            "all_language_probs": [
                [
                    "en",
                    0.703210175037384
                ],
                [
                    "ko",
                    0.04623899981379509
                ],
                [
                    "ja",
                    0.034546174108982086
                ],
                [
                    "ru",
                    0.016456609591841698
                ],
                [
                    "pt",
                    0.016226554289460182
                ],
                [
                    "es",
                    0.01514559704810381
                ],
                [
                    "fr",
                    0.014806266874074936
                ],
                [
                    "nn",
                    0.013608353212475777
                ],
                [
                    "km",
                    0.01337254699319601
                ],
                [
                    "jw",
                    0.011578119359910488
                ],
                [
                    "zh",
                    0.01119813323020935
                ],
                [
                    "de",
                    0.009739438071846962
                ],
                [
                    "la",
                    0.00815613567829132
                ],
                [
                    "nl",
                    0.007388121448457241
                ],
                [
                    "it",
                    0.006651576608419418
                ],
                [
                    "pl",
                    0.005797455087304115
                ],
                [
                    "ar",
                    0.004902928601950407
                ],
                [
                    "haw",
                    0.0047083282843232155
                ],
                [
                    "cy",
                    0.004656808916479349
                ],
                [
                    "hi",
                    0.0044384123757481575
                ],
                [
                    "sn",
                    0.004113615024834871
                ],
                [
                    "tr",
                    0.0037961434572935104
                ],
                [
                    "te",
                    0.0030156183056533337
                ],
                [
                    "br",
                    0.002875641221180558
                ],
                [
                    "tl",
                    0.002454916015267372
                ],
                [
                    "sv",
                    0.002155761467292905
                ],
                [
                    "el",
                    0.0018819604301825166
                ],
                [
                    "th",
                    0.0017727145459502935
                ],
                [
                    "vi",
                    0.0017558203544467688
                ],
                [
                    "id",
                    0.001697957399301231
                ],
                [
                    "hu",
                    0.0016858527669683099
                ],
                [
                    "ro",
                    0.0015742344548925757
                ],
                [
                    "si",
                    0.0015055756084620953
                ],
                [
                    "cs",
                    0.0011622364399954677
                ],
                [
                    "fi",
                    0.0011490487959235907
                ],
                [
                    "ms",
                    0.0010915285674855113
                ],
                [
                    "ta",
                    0.0009795415680855513
                ],
                [
                    "ur",
                    0.0009761741384863853
                ],
                [
                    "mi",
                    0.0008312516729347408
                ],
                [
                    "sa",
                    0.0007641565753147006
                ],
                [
                    "ca",
                    0.0007195386569947004
                ],
                [
                    "yo",
                    0.0006704208790324628
                ],
                [
                    "bg",
                    0.0006237191264517605
                ],
                [
                    "uk",
                    0.0006148479878902435
                ],
                [
                    "he",
                    0.0005618230788968503
                ],
                [
                    "no",
                    0.0005345020326785743
                ],
                [
                    "da",
                    0.0005304563674144447
                ],
                [
                    "ml",
                    0.0004926346591673791
                ],
                [
                    "sl",
                    0.00039279068005271256
                ],
                [
                    "gl",
                    0.0003513489500619471
                ],
                [
                    "hr",
                    0.00033764418913051486
                ],
                [
                    "fa",
                    0.00031775806564837694
                ],
                [
                    "hy",
                    0.0002840625529643148
                ],
                [
                    "bn",
                    0.00027898437110707164
                ],
                [
                    "sk",
                    0.0002501153794582933
                ],
                [
                    "my",
                    0.00022799483849667013
                ],
                [
                    "eu",
                    0.00022355280816555023
                ],
                [
                    "ht",
                    0.0001997581566683948
                ],
                [
                    "oc",
                    0.0001871144922915846
                ],
                [
                    "sw",
                    0.0001861347263911739
                ],
                [
                    "mn",
                    0.0001805876672733575
                ],
                [
                    "is",
                    0.0001740693987812847
                ],
                [
                    "yi",
                    0.00017003774701151997
                ],
                [
                    "lv",
                    0.00013005219807382673
                ],
                [
                    "bs",
                    0.0001236693497048691
                ],
                [
                    "be",
                    0.00011531901691341773
                ],
                [
                    "lo",
                    9.953499829862267e-05
                ],
                [
                    "bo",
                    9.922149183694273e-05
                ],
                [
                    "af",
                    9.441902511753142e-05
                ],
                [
                    "ne",
