{
    "path": "/Users/cindyzhang/YouLingo/video_analysis/sampled_videos_subset/430_video.mp4",
    "audio_path": "video_analysis/sampled_audios_subset/430_video_audio.wav",
    "language": "en",
    "length_sec": 6.3,
    "vad_duration_sec": 1.312,
    "total_segment_length_sec": 0.0,
    "word_count": -1,
    "tokens": [],
    "types": [],
    "mean_sentence_length_words": -1.0,
    "wpm": -1,
    "spm": -1,
    "average_ptr": -1,
    "transcript_text": "",
    "transcript": {
        "segments": [],
        "info": {
            "language": "en",
            "duration": 6.294,
            "duration_after_vad": 1.312,
            "language_probability": 0.7564500570297241,
            "all_language_probs": [
                [
                    "en",
                    0.7564500570297241
                ],
                [
                    "de",
                    0.027705570682883263
                ],
                [
                    "ko",
                    0.02465115301311016
                ],
                [
                    "fr",
                    0.02122732810676098
                ],
                [
                    "nn",
                    0.020791854709386826
                ],
                [
                    "ja",
                    0.015974601730704308
                ],
                [
                    "cy",
                    0.012202367186546326
                ],
                [
                    "la",
                    0.01112355012446642
                ],
                [
                    "pt",
                    0.010139433667063713
                ],
                [
                    "es",
                    0.009829987771809101
                ],
                [
                    "pl",
                    0.008794132620096207
                ],
                [
                    "sv",
                    0.006706098094582558
                ],
                [
                    "ru",
                    0.006578309461474419
                ],
                [
                    "zh",
                    0.005049159750342369
                ],
                [
                    "jw",
                    0.0049399868585169315
                ],
                [
                    "it",
                    0.0044337790459394455
                ],
                [
                    "nl",
                    0.004254288971424103
                ],
                [
                    "haw",
                    0.004034264944493771
                ],
                [
                    "tr",
                    0.003542753402143717
                ],
                [
                    "km",
                    0.0033685180824249983
                ],
                [
                    "ar",
                    0.0029533954802900553
                ],
                [
                    "hi",
                    0.002413741545751691
                ],
                [
                    "da",
                    0.002364454325288534
                ],
                [
                    "el",
                    0.0020296627189964056
                ],
                [
                    "hu",
                    0.0019807463977485895
                ],
                [
                    "th",
                    0.001979887019842863
                ],
                [
                    "no",
                    0.0016921585192903876
                ],
                [
                    "mi",
                    0.0015254872851073742
                ],
                [
                    "ro",
                    0.00139517430216074
                ],
                [
                    "ms",
                    0.001266852137632668
                ],
                [
                    "br",
                    0.0012381052365526557
                ],
                [
                    "fi",
                    0.0011059907265007496
                ],
                [
                    "vi",
                    0.0010480391792953014
                ],
                [
                    "tl",
                    0.0010390188544988632
                ],
                [
                    "te",
                    0.0010201202239841223
                ],
                [
                    "sn",
                    0.0009794163051992655
                ],
                [
                    "cs",
                    0.000972934125456959
                ],
                [
                    "id",
                    0.0008043238776735961
                ],
                [
                    "he",
                    0.0007455270970240235
                ],
                [
                    "ca",
                    0.0006659607752226293
                ],
                [
                    "uk",
                    0.0006279362714849412
                ],
                [
                    "sl",
                    0.0005880139069631696
                ],
                [
                    "si",
                    0.0005261716432869434
                ],
                [
                    "ur",
                    0.00047690392239019275
                ],
                [
                    "fa",
                    0.0004631851625163108
                ],
                [
                    "mn",
                    0.00039741239743307233
                ],
                [
                    "sa",
                    0.0003876243717968464
                ],
                [
                    "is",
                    0.00037229046574793756
                ],
                [
                    "hr",
                    0.0003495101409498602
                ],
                [
                    "bs",
                    0.00029564573196694255
                ],
                [
                    "bg",
                    0.00029345773509703577
                ],
                [
                    "ta",
                    0.00027461349964141846
                ],
                [
                    "yi",
                    0.00025669788010418415
                ],
                [
                    "gl",
                    0.00025033880956470966
                ],
                [
                    "bn",
                    0.0002490814367774874
                ],
                [
                    "yo",
                    0.0002465441939420998
                ],
                [
                    "ml",
                    0.00024280637444462627
                ],
                [
                    "my",
                    0.0002087388711515814
                ],
                [
                    "eu",
                    0.0001994870399357751
                ],
                [
                    "ht",
                    0.00019143358804285526
                ],
                [
                    "fo",
                    0.0001902850781334564
                ],
                [
                    "sk",
                    0.00018680118955671787
                ],
                [
                    "oc",
                    0.00018030282808467746
                ],
                [
                    "lv",
                    0.0001541636884212494
                ],
                [
                    "bo",
                    0.00015375844668596983
                ],
                [
                    "hy",
                    0.00014584681775886565
                ],
                [
                    "af",
                    0.00010032225691247731
                ],
                [
                    "sw",
                    9.174386650556698e-05
                ],
                [
                    "lt",
                    8.671121031511575e-05
                ],
                [
                    "lo",
