{
    "path": "/Users/cindyzhang/YouLingo/video_analysis/sampled_videos_subset/436_video.mp4",
    "audio_path": "video_analysis/sampled_audios_subset/436_video_audio.wav",
    "language": "en",
    "length_sec": 11.42,
    "vad_duration_sec": 3.0664375,
    "total_segment_length_sec": 0.0,
    "word_count": -1,
    "tokens": [],
    "types": [],
    "mean_sentence_length_words": -1.0,
    "wpm": -1,
    "spm": -1,
    "average_ptr": -1,
    "transcript_text": "",
    "transcript": {
        "segments": [],
        "info": {
            "language": "en",
            "duration": 11.4024375,
            "duration_after_vad": 3.0664375,
            "language_probability": 0.6472480297088623,
            "all_language_probs": [
                [
                    "en",
                    0.6472480297088623
                ],
                [
                    "ko",
                    0.03327531740069389
                ],
                [
                    "tr",
                    0.024132059887051582
                ],
                [
                    "pt",
                    0.020239999517798424
                ],
                [
                    "la",
                    0.01960822567343712
                ],
                [
                    "nn",
                    0.018264558166265488
                ],
                [
                    "ru",
                    0.017084259539842606
                ],
                [
                    "fr",
                    0.016968242824077606
                ],
                [
                    "it",
                    0.016748132184147835
                ],
                [
                    "de",
                    0.01674722135066986
                ],
                [
                    "ja",
                    0.015352500602602959
                ],
                [
                    "cy",
                    0.012300074100494385
                ],
                [
                    "es",
                    0.011819618754088879
                ],
                [
                    "sv",
                    0.00918259471654892
                ],
                [
                    "pl",
                    0.00908196996897459
                ],
                [
                    "hi",
                    0.00874886754900217
                ],
                [
                    "haw",
                    0.008295910432934761
                ],
                [
                    "el",
                    0.0071037220768630505
                ],
                [
                    "jw",
                    0.0069952900521457195
                ],
                [
                    "ar",
                    0.006551443133503199
                ],
                [
                    "hu",
                    0.004997749347239733
                ],
                [
                    "zh",
                    0.004850627854466438
                ],
                [
                    "da",
                    0.003989911172538996
                ],
                [
                    "nl",
                    0.0035248668864369392
                ],
                [
                    "ur",
                    0.0031956657767295837
                ],
                [
                    "cs",
                    0.0031193499453365803
                ],
                [
                    "bs",
                    0.0030714808963239193
                ],
                [
                    "no",
                    0.0028198317158967257
                ],
                [
                    "mi",
                    0.0027015581727027893
                ],
                [
                    "km",
                    0.0023637411650270224
                ],
                [
                    "fi",
                    0.0023062166292220354
                ],
                [
                    "hr",
                    0.002205392112955451
                ],
                [
                    "uk",
                    0.002056405646726489
                ],
                [
                    "ro",
                    0.002052333438768983
                ],
                [
                    "te",
                    0.00163246039301157
                ],
                [
                    "br",
                    0.0015856941463425756
                ],
                [
                    "tl",
                    0.0012856145622208714
                ],
                [
                    "ht",
                    0.0012388017494231462
                ],
                [
                    "sl",
                    0.0012371501652523875
                ],
                [
                    "ta",
                    0.0012151586124673486
                ],
                [
                    "he",
                    0.001175335026346147
                ],
                [
                    "ml",
                    0.0011180146830156446
                ],
                [
                    "fa",
                    0.0010938305640593171
                ],
                [
                    "mn",
                    0.0010930447606369853
                ],
                [
                    "sn",
                    0.0010890524135902524
                ],
                [
                    "ms",
                    0.0010788855142891407
                ],
                [
                    "yo",
                    0.0009399273549206555
                ],
                [
                    "bn",
                    0.0008249731617979705
                ],
                [
                    "sa",
                    0.0008184537291526794
                ],
                [
                    "yi",
                    0.0007969467551447451
                ],
                [
                    "is",
                    0.0007838107994757593
                ],
                [
                    "ca",
                    0.0007554866024293005
                ],
                [
                    "th",
                    0.0007365911151282489
                ],
                [
                    "gl",
                    0.0007296460680663586
                ],
                [
                    "bo",
                    0.0006825382588431239
                ],
                [
                    "vi",
                    0.0006815849919803441
                ],
                [
                    "si",
                    0.0006274084444157779
                ],
                [
                    "eu",
                    0.0005434025661088526
                ],
                [
                    "id",
                    0.000522100948728621
                ],
                [
                    "fo",
                    0.0005214796401560307
                ],
                [
                    "my",
                    0.0005196799756959081
                ],
                [
                    "sr",
                    0.0005168114439584315
                ],
                [
                    "lv",
                    0.0005040469113737345
                ],
                [
                    "bg",
                    0.00045747062540613115
                ],
                [
                    "oc",
                    0.0003841196885332465
                ],
                [
                    "sd",
                    0.00036425483995117247
                ],
                [
                    "ne",
                    0.00035775412106886506
                ],
                [
                    "lt",
                    0.0003514627751428634
                ],
                [
                    "sk",
                    0.0003491439565550536
                ],
                [
                    "af",
