{
    "path": "/Users/cindyzhang/YouLingo/video_analysis/sampled_videos_subset/441_video.mp4",
    "audio_path": "video_analysis/sampled_audios_subset/441_video_audio.wav",
    "language": "en",
    "length_sec": 9.69,
    "vad_duration_sec": 0.96,
    "total_segment_length_sec": 0.0,
    "word_count": -1,
    "tokens": [],
    "types": [],
    "mean_sentence_length_words": -1.0,
    "wpm": -1,
    "spm": -1,
    "average_ptr": -1,
    "transcript_text": "",
    "transcript": {
        "segments": [],
        "info": {
            "language": "en",
            "duration": 9.6363125,
            "duration_after_vad": 0.96,
            "language_probability": 0.46200037002563477,
            "all_language_probs": [
                [
                    "en",
                    0.46200037002563477
                ],
                [
                    "ja",
                    0.09138395637273788
                ],
                [
                    "nn",
                    0.0758684054017067
                ],
                [
                    "ko",
                    0.04388142749667168
                ],
                [
                    "ru",
                    0.04255487024784088
                ],
                [
                    "es",
                    0.031133662909269333
                ],
                [
                    "fr",
                    0.02805287390947342
                ],
                [
                    "zh",
                    0.026225298643112183
                ],
                [
                    "pt",
                    0.02110067382454872
                ],
                [
                    "de",
                    0.016032395884394646
                ],
                [
                    "la",
                    0.015461892820894718
                ],
                [
                    "jw",
                    0.011417292058467865
                ],
                [
                    "haw",
                    0.011055998504161835
                ],
                [
                    "pl",
                    0.009286646731197834
                ],
                [
                    "it",
                    0.009241800755262375
                ],
                [
                    "cy",
                    0.007538047153502703
                ],
                [
                    "tr",
                    0.007493750657886267
                ],
                [
                    "hi",
                    0.006475214846432209
                ],
                [
                    "fi",
                    0.006211814936250448
                ],
                [
                    "km",
                    0.005921405740082264
                ],
                [
                    "nl",
                    0.005694136954843998
                ],
                [
                    "th",
                    0.005646748933941126
                ],
                [
                    "hu",
                    0.005488027818500996
                ],
                [
                    "te",
                    0.005009244661778212
                ],
                [
                    "ar",
                    0.004661054350435734
                ],
                [
                    "id",
                    0.004211803432554007
                ],
                [
                    "vi",
                    0.004211634863168001
                ],
                [
                    "sv",
                    0.0032558494713157415
                ],
                [
                    "ms",
                    0.0030961406882852316
                ],
                [
                    "ta",
                    0.002636033808812499
                ],
                [
                    "el",
                    0.002201459603384137
                ],
                [
                    "br",
                    0.001892993925139308
                ],
                [
                    "cs",
                    0.0017844666726887226
                ],
                [
                    "ro",
                    0.0017700481694191694
                ],
                [
                    "uk",
                    0.0014149071648716927
                ],
                [
                    "tl",
                    0.0011886510765179992
                ],
                [
                    "mi",
                    0.0011461995309218764
                ],
                [
                    "no",
                    0.0011070352047681808
                ],
                [
                    "ca",
                    0.0011041188845410943
                ],
                [
                    "ml",
                    0.0010546795092523098
                ],
                [
                    "sn",
                    0.0009445470059290528
                ],
                [
                    "si",
                    0.0009319779928773642
                ],
                [
                    "eu",
                    0.0008956464589573443
                ],
                [
                    "da",
                    0.0008445840212516487
                ],
                [
                    "ur",
                    0.0007514572935178876
                ],
                [
                    "sa",
                    0.0006846704636700451
                ],
                [
                    "he",
                    0.0006315316422842443
                ],
                [
                    "bg",
                    0.00059170788154006
                ],
                [
                    "gl",
                    0.0005772149888798594
                ],
                [
                    "hr",
                    0.0005590740474872291
                ],
                [
                    "fa",
                    0.0005309080588631332
                ],
                [
                    "mn",
                    0.0004339751903899014
                ],
                [
                    "sk",
                    0.00037391044315882027
                ],
                [
                    "yo",
                    0.0003522264596540481
                ],
                [
                    "sl",
                    0.00033499315031804144
                ],
                [
                    "my",
                    0.00030876160599291325
                ],
                [
                    "bs",
                    0.0002819141955114901
                ],
                [
                    "bn",
                    0.00024173645942937583
                ],
                [
                    "fo",
                    0.0002195831766584888
                ],
                [
                    "oc",
                    0.00020899648370686918
                ],
                [
                    "bo",
                    0.00018064133473671973
                ],
                [
                    "is",
                    0.00017724787176121026
                ],
                [
                    "af",
                    0.0001578384981257841
                ],
                [
                    "be",
                    0.0001404827635269612
                ],
                [
                    "lv",
                    0.0001386898074997589
                ],
                [
                    "ne",
                    0.00013092275185044855
                ],
                [
                    "ht",
                    0.00012712966417893767
                ],
                [
                    "yi",
                    0.00012515798152890056
                ],
                [
                    "hy",
                    0.00012153493298683316
                ],
                [
                    "lt",
