{
    "path": "/Users/cindyzhang/YouLingo/video_analysis/sampled_videos_subset/443_video.mp4",
    "audio_path": "video_analysis/sampled_audios_subset/443_video_audio.wav",
    "language": "en",
    "length_sec": 6.67,
    "vad_duration_sec": 0.928,
    "total_segment_length_sec": 0.0,
    "word_count": -1,
    "tokens": [],
    "types": [],
    "mean_sentence_length_words": -1.0,
    "wpm": -1,
    "spm": -1,
    "average_ptr": -1,
    "transcript_text": "",
    "transcript": {
        "segments": [],
        "info": {
            "language": "en",
            "duration": 6.6409375,
            "duration_after_vad": 0.928,
            "language_probability": 0.8395326137542725,
            "all_language_probs": [
                [
                    "en",
                    0.8395326137542725
                ],
                [
                    "ko",
                    0.014993157237768173
                ],
                [
                    "nn",
                    0.01397585216909647
                ],
                [
                    "ja",
                    0.011625460349023342
                ],
                [
                    "es",
                    0.01031503826379776
                ],
                [
                    "de",
                    0.008579657413065434
                ],
                [
                    "nl",
                    0.007991829887032509
                ],
                [
                    "it",
                    0.0070369429886341095
                ],
                [
                    "fr",
                    0.006121164187788963
                ],
                [
                    "cy",
                    0.005825274623930454
                ],
                [
                    "ru",
                    0.005038653500378132
                ],
                [
                    "la",
                    0.004984945524483919
                ],
                [
                    "pt",
                    0.004750801715999842
                ],
                [
                    "pl",
                    0.004668515641242266
                ],
                [
                    "km",
                    0.004367141518741846
                ],
                [
                    "sv",
                    0.0043198042549192905
                ],
                [
                    "zh",
                    0.003437334904447198
                ],
                [
                    "haw",
                    0.003344861092045903
                ],
                [
                    "hu",
                    0.0029769078828394413
                ],
                [
                    "tr",
                    0.002927542896941304
                ],
                [
                    "hi",
                    0.0028391501400619745
                ],
                [
                    "jw",
                    0.0026958140078932047
                ],
                [
                    "th",
                    0.002586920280009508
                ],
                [
                    "ar",
                    0.0022770760115236044
                ],
                [
                    "vi",
                    0.002157377079129219
                ],
                [
                    "no",
                    0.002139706863090396
                ],
                [
                    "fi",
                    0.002109138760715723
                ],
                [
                    "te",
                    0.0012799896067008376
                ],
                [
                    "ml",
                    0.0012740525417029858
                ],
                [
                    "tl",
                    0.0011797473998740315
                ],
                [
                    "id",
                    0.0011037345975637436
                ],
                [
                    "ta",
                    0.0010754811810329556
                ],
                [
                    "cs",
                    0.0009571450063958764
                ],
                [
                    "da",
                    0.0009145064977928996
                ],
                [
                    "el",
                    0.0006935496930964291
                ],
                [
                    "ca",
                    0.0005753211444243789
                ],
                [
                    "mi",
                    0.0005346614634618163
                ],
                [
                    "ms",
                    0.0004553578910417855
                ],
                [
                    "ur",
                    0.0004199800605420023
                ],
                [
                    "br",
                    0.00041808030800893903
                ],
                [
                    "ro",
                    0.00041124114068225026
                ],
                [
                    "si",
                    0.00032385712256655097
                ],
                [
                    "bg",
                    0.00031511110137216747
                ],
                [
                    "uk",
                    0.00030867994064465165
                ],
                [
                    "sl",
                    0.00030272483127191663
                ],
                [
                    "hr",
                    0.00025039989850483835
                ],
                [
                    "sn",
                    0.00025002361508086324
                ],
                [
                    "eu",
                    0.00023361016064882278
                ],
                [
                    "bs",
                    0.00021888436458539218
                ],
                [
                    "he",
                    0.00021326953719835728
                ],
                [
                    "my",
                    0.00021247618133202195
                ],
                [
                    "is",
                    0.00019036835874430835
                ],
                [
                    "sa",
                    0.00018117116997018456
                ],
                [
                    "af",
                    0.00015049154171720147
                ],
                [
                    "mn",
                    0.00014469250163529068
                ],
                [
                    "yo",
                    0.00014247871877159923
                ],
                [
                    "fa",
                    0.00013805297203361988
                ],
                [
                    "sk",
                    0.00012228249397594482
                ],
                [
                    "gl",
                    0.00010223927529295906
                ],
                [
                    "lv",
                    9.548634989187121e-05
                ],
                [
                    "bo",
                    9.087575745070353e-05
                ],
                [
                    "fo",
                    9.065693302545696e-05
                ],
                [
                    "ht",
                    8.485258877044544e-05
                ],
                [
                    "lt",
                    8.414193143835291e-05
                ],
                [
                    "bn",
                    8.152134978445247e-05
                ],
                [
                    "yi",
                    7.482753426302224e-05
                ],
                [
                    "ne",
                    6.602795474464074e-05
                ],
                [
                    "et",
                    6.259251676965505e-05
                ],
                [
                    "sr",
                    5.882939512957819e-05
                ],
                [
