{
    "path": "/Users/cindyzhang/YouLingo/video_analysis/sampled_videos_subset/444_video.mp4",
    "audio_path": "video_analysis/sampled_audios_subset/444_video_audio.wav",
    "language": "en",
    "length_sec": 7.07,
    "vad_duration_sec": 3.298875,
    "total_segment_length_sec": 0.0,
    "word_count": -1,
    "tokens": [],
    "types": [],
    "mean_sentence_length_words": -1.0,
    "wpm": -1,
    "spm": -1,
    "average_ptr": -1,
    "transcript_text": "",
    "transcript": {
        "segments": [],
        "info": {
            "language": "en",
            "duration": 7.058875,
            "duration_after_vad": 3.298875,
            "language_probability": 0.6886824369430542,
            "all_language_probs": [
                [
                    "en",
                    0.6886824369430542
                ],
                [
                    "ko",
                    0.1382136046886444
                ],
                [
                    "ja",
                    0.03009788691997528
                ],
                [
                    "de",
                    0.016916537657380104
                ],
                [
                    "cy",
                    0.01423108484596014
                ],
                [
                    "zh",
                    0.013720426708459854
                ],
                [
                    "es",
                    0.009348838590085506
                ],
                [
                    "it",
                    0.007083804812282324
                ],
                [
                    "ru",
                    0.006407439708709717
                ],
                [
                    "pt",
                    0.006268330384045839
                ],
                [
                    "nn",
                    0.005487100221216679
                ],
                [
                    "km",
                    0.004442072473466396
                ],
                [
                    "jw",
                    0.0041899005882442
                ],
                [
                    "fr",
                    0.003925831988453865
                ],
                [
                    "pl",
                    0.003828987944871187
                ],
                [
                    "la",
                    0.0037990096025168896
                ],
                [
                    "th",
                    0.0035047815181314945
                ],
                [
                    "hi",
                    0.002913357224315405
                ],
                [
                    "nl",
                    0.0028704172000288963
                ],
                [
                    "mi",
                    0.0026269936934113503
                ],
                [
                    "haw",
                    0.0020074089989066124
                ],
                [
                    "tl",
                    0.0018175736768171191
                ],
                [
                    "tr",
                    0.00174398731905967
                ],
                [
                    "id",
                    0.0016644020797684789
                ],
                [
                    "ms",
                    0.001628524623811245
                ],
                [
                    "sv",
                    0.0014898290392011404
                ],
                [
                    "ar",
                    0.0014572532381862402
                ],
                [
                    "el",
                    0.00134012580383569
                ],
                [
                    "vi",
                    0.001308738486841321
                ],
                [
                    "cs",
                    0.0010825236095115542
                ],
                [
                    "te",
                    0.0010372886899858713
                ],
                [
                    "hu",
                    0.0010108461137861013
                ],
                [
                    "ta",
                    0.0009638462215662003
                ],
                [
                    "ca",
                    0.0009024487808346748
                ],
                [
                    "sn",
                    0.00082096375990659
                ],
                [
                    "da",
                    0.0007615349604748189
                ],
                [
                    "br",
                    0.0006546035874634981
                ],
                [
                    "fi",
                    0.0006239478243514895
                ],
                [
                    "ur",
                    0.0006014587124809623
                ],
                [
                    "no",
                    0.0005849391454830766
                ],
                [
                    "eu",
                    0.0005736466846428812
                ],
                [
                    "he",
                    0.0005435094935819507
                ],
                [
                    "my",
                    0.0005026616854593158
                ],
                [
                    "ro",
                    0.0004998742369934916
                ],
                [
                    "hr",
                    0.00046583451330661774
                ],
                [
                    "uk",
                    0.0004628516035154462
                ],
                [
                    "bs",
                    0.00043503986671566963
                ],
                [
                    "ml",
                    0.00037988516851328313
                ],
                [
                    "si",
                    0.00036750570870935917
                ],
                [
                    "sl",
                    0.0003450545482337475
                ],
                [
                    "sa",
                    0.0002756649337243289
                ],
                [
                    "yo",
                    0.00020940414106007665
                ],
                [
                    "bo",
                    0.00020898599177598953
                ],
                [
                    "bn",
                    0.00020640551520045847
                ],
                [
                    "yi",
                    0.00020482248510234058
                ],
                [
                    "is",
                    0.00018447890761308372
                ],
                [
                    "mn",
                    0.00017724894860293716
                ],
                [
                    "ht",
                    0.0001654822553973645
                ],
                [
                    "bg",
                    0.00015823803551029414
                ],
                [
                    "gl",
                    0.00014228234067559242
                ],
                [
                    "be",
                    0.00012464731116779149
                ],
                [
                    "sw",
                    0.0001238870609086007
                ],
                [
                    "lv",
                    0.00011498664389364421
                ],
                [
                    "oc",
                    0.00011492568592075258
                ],
                [
                    "fa",
                    0.0001099994988180697
                ],
                [
                    "sk",
                    9.533418051432818e-05
                ],
                [
                    "ne",
                    8.456820069113746e-05
                ],
                [
                    "lt",
                    7.182352419476956e-05
                ],
                [
                    "af",
                    6.311898323474452e-05
                ],
                [
