{
    "path": "/Users/cindyzhang/YouLingo/video_analysis/sampled_videos_subset/461_video.mp4",
    "audio_path": "video_analysis/sampled_audios_subset/461_video_audio.wav",
    "language": "en",
    "length_sec": 31.0,
    "vad_duration_sec": 1.472,
    "total_segment_length_sec": 0.0,
    "word_count": -1,
    "tokens": [],
    "types": [],
    "mean_sentence_length_words": -1.0,
    "wpm": -1,
    "spm": -1,
    "average_ptr": -1,
    "transcript_text": "",
    "transcript": {
        "segments": [],
        "info": {
            "language": "en",
            "duration": 30.9754375,
            "duration_after_vad": 1.472,
            "language_probability": 0.775892972946167,
            "all_language_probs": [
                [
                    "en",
                    0.775892972946167
                ],
                [
                    "ja",
                    0.03999269753694534
                ],
                [
                    "ko",
                    0.029123429208993912
                ],
                [
                    "nn",
                    0.02040405571460724
                ],
                [
                    "ru",
                    0.013252036646008492
                ],
                [
                    "pt",
                    0.011770868673920631
                ],
                [
                    "zh",
                    0.009860924445092678
                ],
                [
                    "fr",
                    0.009659744799137115
                ],
                [
                    "es",
                    0.008738995529711246
                ],
                [
                    "la",
                    0.008389698341488838
                ],
                [
                    "cy",
                    0.00687498738989234
                ],
                [
                    "de",
                    0.0059161740355193615
                ],
                [
                    "pl",
                    0.004339504521340132
                ],
                [
                    "it",
                    0.004214306827634573
                ],
                [
                    "th",
                    0.003951151855289936
                ],
                [
                    "haw",
                    0.003909196238964796
                ],
                [
                    "hi",
                    0.0037716508377343416
                ],
                [
                    "jw",
                    0.00368142151273787
                ],
                [
                    "km",
                    0.0029536597430706024
                ],
                [
                    "tr",
                    0.0027148413937538862
                ],
                [
                    "vi",
                    0.0024755620397627354
                ],
                [
                    "ar",
                    0.002264800714328885
                ],
                [
                    "nl",
                    0.0016871258849278092
                ],
                [
                    "te",
                    0.001681098248809576
                ],
                [
                    "hu",
                    0.0016720660496503115
                ],
                [
                    "ms",
                    0.0016715717501938343
                ],
                [
                    "fi",
                    0.0015886747278273106
                ],
                [
                    "id",
                    0.0014080167748034
                ],
                [
                    "sv",
                    0.0012869284255430102
                ],
                [
                    "tl",
                    0.001236707903444767
                ],
                [
                    "ta",
                    0.0009823449654504657
                ],
                [
                    "br",
                    0.0009013412054628134
                ],
                [
                    "mi",
                    0.0008715353324078023
                ],
                [
                    "ro",
                    0.0008223022450692952
                ],
                [
                    "el",
                    0.0007803412154316902
                ],
                [
                    "cs",
                    0.0007017176249064505
                ],
                [
                    "sn",
                    0.0005374953034333885
                ],
                [
                    "uk",
                    0.0005367586854845285
                ],
                [
                    "ca",
                    0.000525614304933697
                ],
                [
                    "no",
                    0.0005226536886766553
                ],
                [
                    "ur",
                    0.0004655459779314697
                ],
                [
                    "ml",
                    0.0004633711068890989
                ],
                [
                    "da",
                    0.0004522285016719252
                ],
                [
                    "si",
                    0.0004398143501020968
                ],
                [
                    "yo",
                    0.00033846552832983434
                ],
                [
                    "hr",
                    0.00027205341029912233
                ],
                [
                    "sa",
                    0.0002706521190702915
                ],
                [
                    "he",
                    0.00026291736867278814
                ],
                [
                    "eu",
                    0.00024925413890741765
                ],
                [
                    "bg",
                    0.0002460776304360479
                ],
                [
                    "sl",
                    0.00022534563322551548
                ],
                [
                    "bn",
                    0.00022362652816809714
                ],
                [
                    "fa",
                    0.00021493772510439157
                ],
                [
                    "gl",
                    0.000202077892026864
                ],
                [
                    "my",
                    0.00018357232329435647
                ],
                [
                    "sk",
                    0.0001744638866512105
                ],
                [
                    "mn",
                    0.00015924843319226056
                ],
                [
                    "bs",
                    0.00014547491446137428
                ],
                [
                    "bo",
                    0.00012595618318300694
                ],
                [
                    "is",
                    0.00012175849406048656
                ],
                [
                    "ne",
                    0.0001018338807625696
                ],
                [
                    "af",
                    8.046440780162811e-05
                ],
                [
                    "sw",
                    7.997638749657199e-05
                ],
                [
                    "ht",
                    7.936868496472016e-05
                ],
                [
                    "be",
                    7.71231934777461e-05
                ],
                [
                    "yi",
                    7.467967952834442e-05
                ],
                [
                    "oc",
                    7.278184057213366e-05
                ],
                [
                    "sr",
                    6.667292473139241e-05
                ],
                [
                    "lv",
                    5.963984949630685e-05
                ],
                [
                    "hy",
