{
    "path": "/Users/cindyzhang/YouLingo/video_analysis/sampled_videos_subset/467_video.mp4",
    "audio_path": "video_analysis/sampled_audios_subset/467_video_audio.wav",
    "language": "te",
    "length_sec": 20.02,
    "vad_duration_sec": 17.128375,
    "total_segment_length_sec": 0.0,
    "word_count": -1,
    "tokens": [],
    "types": [],
    "mean_sentence_length_words": -1.0,
    "wpm": -1,
    "spm": -1,
    "average_ptr": -1,
    "transcript_text": "",
    "transcript": {
        "segments": [],
        "info": {
            "language": "te",
            "duration": 19.992375,
            "duration_after_vad": 17.128375,
            "language_probability": 0.28926676511764526,
            "all_language_probs": [
                [
                    "te",
                    0.28926676511764526
                ],
                [
                    "sa",
                    0.27411162853240967
                ],
                [
                    "hi",
                    0.08119021356105804
                ],
                [
                    "ta",
                    0.07062564790248871
                ],
                [
                    "pa",
                    0.055464476346969604
                ],
                [
                    "en",
                    0.04176712408661842
                ],
                [
                    "ml",
                    0.038586486130952835
                ],
                [
                    "jw",
                    0.026929887011647224
                ],
                [
                    "bn",
                    0.021491078659892082
                ],
                [
                    "kn",
                    0.01730797067284584
                ],
                [
                    "ur",
                    0.014613166451454163
                ],
                [
                    "mr",
                    0.008872606791555882
                ],
                [
                    "tr",
                    0.008469631895422935
                ],
                [
                    "ar",
                    0.008138053119182587
                ],
                [
                    "sd",
                    0.0071330866776406765
                ],
                [
                    "ne",
                    0.0025244278367608786
                ],
                [
                    "de",
                    0.0021715902257710695
                ],
                [
                    "zh",
                    0.0020795101299881935
                ],
                [
                    "gu",
                    0.0020446735434234142
                ],
                [
                    "la",
                    0.0019374287221580744
                ],
                [
                    "ru",
                    0.0018798334058374166
                ],
                [
                    "si",
                    0.0018737120553851128
                ],
                [
                    "ps",
                    0.0017488918965682387
                ],
                [
                    "ja",
                    0.0017256088322028518
                ],
                [
                    "fr",
                    0.0013060856144875288
                ],
                [
                    "bo",
                    0.0012737499782815576
                ],
                [
                    "km",
                    0.0010784206679090858
                ],
                [
                    "pt",
                    0.000990230473689735
                ],
                [
                    "nl",
                    0.0009317918447777629
                ],
                [
                    "fa",
                    0.0008868702570907772
                ],
                [
                    "nn",
                    0.0008028990123420954
                ],
                [
                    "haw",
                    0.0007694849045947194
                ],
                [
                    "as",
                    0.0006614943267777562
                ],
                [
                    "ko",
                    0.0006013346719555557
                ],
                [
                    "tl",
                    0.0006012492813169956
                ],
                [
                    "id",
                    0.0005305297672748566
                ],
                [
                    "lv",
                    0.00041830999543890357
                ],
                [
                    "yi",
                    0.0004084015090484172
                ],
                [
                    "br",
                    0.0003965621581301093
                ],
                [
                    "mi",
                    0.00039293908048421144
                ],
                [
                    "ms",
                    0.00036876354715786874
                ],
                [
                    "el",
                    0.0003385606105439365
                ],
                [
                    "cy",
                    0.0003341688425280154
                ],
                [
                    "cs",
                    0.0003262255631852895
                ],
                [
                    "kk",
                    0.0003138094034511596
                ],
                [
                    "es",
                    0.00028766991454176605
                ],
                [
                    "sr",
                    0.0002745606761891395
                ],
                [
                    "bg",
                    0.00026375826564617455
                ],
                [
                    "ro",
                    0.0001951896119862795
                ],
                [
                    "az",
                    0.00019511162827257067
                ],
                [
                    "mn",
                    0.00018604457727633417
                ],
                [
                    "fi",
                    0.0001762164756655693
                ],
                [
                    "eu",
                    0.00016934431914705783
                ],
                [
                    "he",
                    0.00016541301738470793
                ],
                [
                    "yo",
                    0.00015382426499854773
                ],
                [
                    "hr",
                    0.0001479688216932118
                ],
                [
                    "sn",
                    0.0001448086550226435
                ],
                [
                    "hu",
                    0.00014049973106011748
                ],
                [
                    "af",
                    0.00013816077262163162
                ],
                [
                    "gl",
                    0.00012178700126241893
                ],
                [
                    "is",
                    0.00011425243428675458
                ],
                [
                    "uk",
                    0.00011222819011891261
                ],
                [
                    "my",
                    0.00010868714889511466
                ],
                [
                    "hy",
                    9.881916776066646e-05
                ],
                [
                    "lt",
                    8.724292274564505e-05
                ],
                [
                    "am",
                    7.762789027765393e-05
                ],
                [
                    "vi",
                    7.389410893665627e-05
                ],
                [
                    "no",
                    7.141411333577707e-05
                ],
                [
                    "th",
                    6.752517219865695e-05
                ],
                [
