{
    "path": "/Users/cindyzhang/YouLingo/video_analysis/sampled_videos_subset/46_video.mp4",
    "audio_path": "video_analysis/sampled_audios_subset/46_video_audio.wav",
    "language": "en",
    "length_sec": 11.8,
    "vad_duration_sec": 11.7725,
    "total_segment_length_sec": 0.0,
    "word_count": -1,
    "tokens": [],
    "types": [],
    "mean_sentence_length_words": -1.0,
    "wpm": -1,
    "spm": -1,
    "average_ptr": -1,
    "transcript_text": "",
    "transcript": {
        "segments": [],
        "info": {
            "language": "en",
            "duration": 11.7725,
            "duration_after_vad": 11.7725,
            "language_probability": 0.6459692120552063,
            "all_language_probs": [
                [
                    "en",
                    0.6459692120552063
                ],
                [
                    "ms",
                    0.08147212862968445
                ],
                [
                    "ko",
                    0.06579196453094482
                ],
                [
                    "fr",
                    0.023861881345510483
                ],
                [
                    "ja",
                    0.023085113614797592
                ],
                [
                    "zh",
                    0.01972663775086403
                ],
                [
                    "th",
                    0.013389477506279945
                ],
                [
                    "nn",
                    0.012545580975711346
                ],
                [
                    "pt",
                    0.01121392473578453
                ],
                [
                    "jw",
                    0.008600893430411816
                ],
                [
                    "vi",
                    0.007582303136587143
                ],
                [
                    "de",
                    0.007040903903543949
                ],
                [
                    "haw",
                    0.006357251200824976
                ],
                [
                    "tl",
                    0.005979590583592653
                ],
                [
                    "hi",
                    0.005548146087676287
                ],
                [
                    "es",
                    0.005203999578952789
                ],
                [
                    "km",
                    0.004827503580600023
                ],
                [
                    "cy",
                    0.004378881771117449
                ],
                [
                    "id",
                    0.0038641802966594696
                ],
                [
                    "ar",
                    0.003550715046003461
                ],
                [
                    "it",
                    0.003170413663610816
                ],
                [
                    "la",
                    0.0031543602235615253
                ],
                [
                    "da",
                    0.002868480747565627
                ],
                [
                    "yo",
                    0.002771120984107256
                ],
                [
                    "mi",
                    0.002709841588512063
                ],
                [
                    "tr",
                    0.00194035773165524
                ],
                [
                    "pl",
                    0.0018288185819983482
                ],
                [
                    "ru",
                    0.0018245435785502195
                ],
                [
                    "sn",
                    0.0015180971240624785
                ],
                [
                    "ur",
                    0.0015103453770279884
                ],
                [
                    "ta",
                    0.0013958424096927047
                ],
                [
                    "nl",
                    0.001394588965922594
                ],
                [
                    "sv",
                    0.0013823683839291334
                ],
                [
                    "br",
                    0.0012603580253198743
                ],
                [
                    "ht",
                    0.0010309802601113915
                ],
                [
                    "my",
                    0.0009405946475453675
                ],
                [
                    "ro",
                    0.0006744338315911591
                ],
                [
                    "bn",
                    0.0006674339529126883
                ],
                [
                    "si",
                    0.0006416084943339229
                ],
                [
                    "el",
                    0.0005198451690375805
                ],
                [
                    "te",
                    0.00042892544297501445
                ],
                [
                    "cs",
                    0.00042118903365917504
                ],
                [
                    "fi",
                    0.00041172109195031226
                ],
                [
                    "ml",
                    0.00038429786218330264
                ],
                [
                    "bo",
                    0.0003618573828134686
                ],
                [
                    "fa",
                    0.0003223817329853773
                ],
                [
                    "no",
                    0.00030979502480477095
                ],
                [
                    "sw",
                    0.00026449066353961825
                ],
                [
                    "af",
                    0.0002591123920865357
                ],
                [
                    "hu",
                    0.0002476888184901327
                ],
                [
                    "he",
                    0.0002294115984113887
                ],
                [
                    "uk",
                    0.00022007041843608022
                ],
                [
                    "ne",
                    0.0002192321844631806
                ],
                [
                    "lo",
                    0.00020992328063584864
                ],
                [
                    "fo",
                    0.0001888615224743262
                ],
                [
                    "sa",
                    0.00017518481763545424
                ],
                [
                    "sl",
                    0.00017515826039016247
                ],
                [
                    "hr",
                    0.0001704928436083719
                ],
                [
                    "mn",
                    0.00016986038826871663
                ],
                [
                    "gl",
                    0.0001488136185798794
                ],
                [
                    "is",
                    0.00014776767056901008
                ],
                [
                    "oc",
                    0.0001413154968759045
                ],
                [
                    "yi",
                    0.00013679653056897223
                ],
                [
                    "bs",
                    0.00011708273814292625
                ],
                [
                    "eu",
                    0.00011696867295540869
                ],
                [
                    "ca",
                    9.901974408421665e-05
                ],
                [
                    "sd",
                    5.855752533534542e-05
                ],
                [
                    "bg",
                    5.3226449381327257e-05
                ],
                [
                    "hy",
                    5.290579792927019e-05
                ],
                [
                    "et",
