{
    "path": "/Users/cindyzhang/YouLingo/video_analysis/sampled_videos_subset/470_video.mp4",
    "audio_path": "video_analysis/sampled_audios_subset/470_video_audio.wav",
    "language": "en",
    "length_sec": 7.87,
    "vad_duration_sec": 4.848,
    "total_segment_length_sec": 0.0,
    "word_count": -1,
    "tokens": [],
    "types": [],
    "mean_sentence_length_words": -1.0,
    "wpm": -1,
    "spm": -1,
    "average_ptr": -1,
    "transcript_text": "",
    "transcript": {
        "segments": [],
        "info": {
            "language": "en",
            "duration": 7.8265625,
            "duration_after_vad": 4.848,
            "language_probability": 0.7563320994377136,
            "all_language_probs": [
                [
                    "en",
                    0.7563320994377136
                ],
                [
                    "ko",
                    0.05276472121477127
                ],
                [
                    "ja",
                    0.026344135403633118
                ],
                [
                    "nn",
                    0.013226653449237347
                ],
                [
                    "es",
                    0.012196717783808708
                ],
                [
                    "pt",
                    0.010075203143060207
                ],
                [
                    "zh",
                    0.009991927072405815
                ],
                [
                    "de",
                    0.008493311703205109
                ],
                [
                    "km",
                    0.008220318704843521
                ],
                [
                    "nl",
                    0.007607650943100452
                ],
                [
                    "fr",
                    0.007030936423689127
                ],
                [
                    "jw",
                    0.006847333163022995
                ],
                [
                    "ru",
                    0.006671291776001453
                ],
                [
                    "it",
                    0.005546805448830128
                ],
                [
                    "hi",
                    0.005396438296884298
                ],
                [
                    "haw",
                    0.005108144134283066
                ],
                [
                    "tl",
                    0.004817107692360878
                ],
                [
                    "la",
                    0.004590650554746389
                ],
                [
                    "ms",
                    0.004160229116678238
                ],
                [
                    "th",
                    0.0034402557648718357
                ],
                [
                    "cy",
                    0.003343836171552539
                ],
                [
                    "ar",
                    0.003153411438688636
                ],
                [
                    "vi",
                    0.002883344888687134
                ],
                [
                    "el",
                    0.002043825574219227
                ],
                [
                    "tr",
                    0.0020168612245470285
                ],
                [
                    "ta",
                    0.0020160439889878035
                ],
                [
                    "sn",
                    0.0019882055930793285
                ],
                [
                    "mi",
                    0.001979772699996829
                ],
                [
                    "id",
                    0.0015430503990501165
                ],
                [
                    "ur",
                    0.0014795282622799277
                ],
                [
                    "pl",
                    0.0013755701947957277
                ],
                [
                    "da",
                    0.001324741286225617
                ],
                [
                    "si",
                    0.001109496457502246
                ],
                [
                    "ro",
                    0.0010899509070441127
                ],
                [
                    "te",
                    0.0009938606526702642
                ],
                [
                    "ml",
                    0.0007895047310739756
                ],
                [
                    "no",
                    0.0007827983936294913
                ],
                [
                    "yo",
                    0.0007817256264388561
                ],
                [
                    "sv",
                    0.0007718151318840683
                ],
                [
                    "fi",
                    0.0007074085297062993
                ],
                [
                    "br",
                    0.0005816267803311348
                ],
                [
                    "bn",
                    0.0005741200293414295
                ],
                [
                    "hu",
                    0.000521336798556149
                ],
                [
                    "hr",
                    0.00050251284847036
                ],
                [
                    "sa",
                    0.000498578476253897
                ],
                [
                    "uk",
                    0.00047705150791443884
                ],
                [
                    "he",
                    0.0004702468868345022
                ],
                [
                    "my",
                    0.0004000347398687154
                ],
                [
                    "bg",
                    0.0003836991381831467
                ],
                [
                    "cs",
                    0.0003227691922802478
                ],
                [
                    "ca",
                    0.00028579053469002247
                ],
                [
                    "bs",
                    0.00027775875059887767
                ],
                [
                    "sw",
                    0.00024357902293559164
                ],
                [
                    "ht",
                    0.00023824420350138098
                ],
                [
                    "gl",
                    0.00022737409744877368
                ],
                [
                    "eu",
                    0.00022454174177255481
                ],
                [
                    "sl",
                    0.00021426902094390243
                ],
                [
                    "yi",
                    0.00020608272461686283
                ],
                [
                    "fa",
                    0.0002054014621535316
                ],
                [
                    "mn",
                    0.00019273300131317228
                ],
                [
                    "is",
                    0.00017575874517206103
                ],
                [
                    "af",
                    0.0001650406193220988
                ],
                [
                    "sk",
                    0.00014173572708386928
                ],
                [
                    "bo",
                    0.00012565917859319597
                ],
                [
                    "ne",
                    0.00012542751210276037
                ],
                [
                    "oc",
                    0.00011649982479866594
                ],
                [
                    "pa",
                    0.00010165792627958581
                ],
                [
                    "fo",
                    9.848177433013916e-05
                ],
                [
                    "lv",
                    8.683454507263377e-05
                ],
                [
                    "sd",
