{
    "path": "/Users/cindyzhang/YouLingo/video_analysis/sampled_videos_subset/473_video.mp4",
    "audio_path": "video_analysis/sampled_audios_subset/473_video_audio.wav",
    "language": "en",
    "length_sec": 13.13,
    "vad_duration_sec": 0.896,
    "total_segment_length_sec": 0.0,
    "word_count": -1,
    "tokens": [],
    "types": [],
    "mean_sentence_length_words": -1.0,
    "wpm": -1,
    "spm": -1,
    "average_ptr": -1,
    "transcript_text": "",
    "transcript": {
        "segments": [],
        "info": {
            "language": "en",
            "duration": 13.0960625,
            "duration_after_vad": 0.896,
            "language_probability": 0.39317288994789124,
            "all_language_probs": [
                [
                    "en",
                    0.39317288994789124
                ],
                [
                    "ja",
                    0.06449061632156372
                ],
                [
                    "es",
                    0.060177192091941833
                ],
                [
                    "fr",
                    0.057440269738435745
                ],
                [
                    "ko",
                    0.05488044023513794
                ],
                [
                    "pt",
                    0.046326667070388794
                ],
                [
                    "ru",
                    0.03493566811084747
                ],
                [
                    "de",
                    0.025517810136079788
                ],
                [
                    "zh",
                    0.024721084162592888
                ],
                [
                    "nn",
                    0.021222539246082306
                ],
                [
                    "it",
                    0.02119656838476658
                ],
                [
                    "cy",
                    0.020313415676355362
                ],
                [
                    "la",
                    0.013467603363096714
                ],
                [
                    "ar",
                    0.012603184208273888
                ],
                [
                    "el",
                    0.01185391005128622
                ],
                [
                    "jw",
                    0.01160818338394165
                ],
                [
                    "pl",
                    0.007246909663081169
                ],
                [
                    "nl",
                    0.006951190531253815
                ],
                [
                    "hu",
                    0.006419683340936899
                ],
                [
                    "hi",
                    0.006286198738962412
                ],
                [
                    "haw",
                    0.006129006389528513
                ],
                [
                    "ca",
                    0.005813700146973133
                ],
                [
                    "tl",
                    0.005073430947959423
                ],
                [
                    "sv",
                    0.005018409341573715
                ],
                [
                    "th",
                    0.0049809846095740795
                ],
                [
                    "km",
                    0.004560297820717096
                ],
                [
                    "vi",
                    0.004552389960736036
                ],
                [
                    "tr",
                    0.0038555054925382137
                ],
                [
                    "te",
                    0.0036810548044741154
                ],
                [
                    "he",
                    0.0034238931257277727
                ],
                [
                    "fi",
                    0.0034214910119771957
                ],
                [
                    "ro",
                    0.003240403486415744
                ],
                [
                    "da",
                    0.002964797429740429
                ],
                [
                    "cs",
                    0.0029373380821198225
                ],
                [
                    "id",
                    0.002795137232169509
                ],
                [
                    "eu",
                    0.0025913710705935955
                ],
                [
                    "br",
                    0.002538686618208885
                ],
                [
                    "mi",
                    0.002321096369996667
                ],
                [
                    "ta",
                    0.0018326903227716684
                ],
                [
                    "ms",
                    0.0018321712268516421
                ],
                [
                    "sn",
                    0.0018170136027038097
                ],
                [
                    "gl",
                    0.001606115372851491
                ],
                [
                    "no",
                    0.0015466465847566724
                ],
                [
                    "sa",
                    0.0013821989996358752
                ],
                [
                    "hr",
                    0.0013483415823429823
                ],
                [
                    "uk",
                    0.0011837466154247522
                ],
                [
                    "si",
                    0.0011322805657982826
                ],
                [
                    "bn",
                    0.0009206095710396767
                ],
                [
                    "ur",
                    0.0008855915511958301
                ],
                [
                    "is",
                    0.0008685131906531751
                ],
                [
                    "fa",
                    0.0008547595352865756
                ],
                [
                    "sl",
                    0.0008530810591764748
                ],
                [
                    "bg",
                    0.0008413440082222223
                ],
                [
                    "yo",
                    0.0008221090538427234
                ],
                [
                    "my",
                    0.0007949042483232915
                ],
                [
                    "oc",
                    0.000687343068420887
                ],
                [
                    "sk",
                    0.0006773285567760468
                ],
                [
                    "bs",
                    0.0006074879202060401
                ],
                [
                    "ml",
                    0.0005725185619667172
                ],
                [
                    "mn",
                    0.0004982901737093925
                ],
                [
                    "sw",
                    0.0004396734875626862
                ],
                [
                    "ne",
                    0.00043782094144262373
                ],
                [
                    "lv",
                    0.00041539507219567895
                ],
                [
                    "bo",
                    0.00037982570938766
                ],
                [
                    "ht",
                    0.00037902442272752523
                ],
                [
                    "lt",
                    0.0003477328864391893
                ],
                [
                    "yi",
                    0.00034329728805460036
                ],
                [
                    "fo",
                    0.0003392804355826229
                ],
                [
                    "be",
                    0.00033207368687726557
                ],
                [
                    "af",
