{
    "path": "/Users/cindyzhang/YouLingo/video_analysis/sampled_videos_subset/478_video.mp4",
    "audio_path": "video_analysis/sampled_audios_subset/478_video_audio.wav",
    "language": "en",
    "length_sec": 14.07,
    "vad_duration_sec": 2.144,
    "total_segment_length_sec": 0.0,
    "word_count": -1,
    "tokens": [],
    "types": [],
    "mean_sentence_length_words": -1.0,
    "wpm": -1,
    "spm": -1,
    "average_ptr": -1,
    "transcript_text": "",
    "transcript": {
        "segments": [],
        "info": {
            "language": "en",
            "duration": 14.0480625,
            "duration_after_vad": 2.144,
            "language_probability": 0.5098373889923096,
            "all_language_probs": [
                [
                    "en",
                    0.5098373889923096
                ],
                [
                    "ko",
                    0.24843579530715942
                ],
                [
                    "ja",
                    0.0755670890212059
                ],
                [
                    "zh",
                    0.0364692322909832
                ],
                [
                    "pt",
                    0.010361694730818272
                ],
                [
                    "fr",
                    0.009661062620580196
                ],
                [
                    "es",
                    0.009451666846871376
                ],
                [
                    "nn",
                    0.008649208582937717
                ],
                [
                    "ru",
                    0.007693441119045019
                ],
                [
                    "it",
                    0.007381492294371128
                ],
                [
                    "jw",
                    0.006792494561523199
                ],
                [
                    "km",
                    0.006190378684550524
                ],
                [
                    "de",
                    0.005646335426717997
                ],
                [
                    "th",
                    0.005508740898221731
                ],
                [
                    "id",
                    0.004920121748000383
                ],
                [
                    "tl",
                    0.004644632805138826
                ],
                [
                    "vi",
                    0.004262398462742567
                ],
                [
                    "cy",
                    0.0035064376424998045
                ],
                [
                    "pl",
                    0.0028336942195892334
                ],
                [
                    "la",
                    0.002822256414219737
                ],
                [
                    "nl",
                    0.0026914572808891535
                ],
                [
                    "ms",
                    0.002335523720830679
                ],
                [
                    "tr",
                    0.0021629231050610542
                ],
                [
                    "haw",
                    0.0020652362145483494
                ],
                [
                    "hi",
                    0.0019534958992153406
                ],
                [
                    "ar",
                    0.0019246942829340696
                ],
                [
                    "ta",
                    0.0013120993971824646
                ],
                [
                    "fi",
                    0.0011808901326730847
                ],
                [
                    "te",
                    0.0011537800310179591
                ],
                [
                    "el",
                    0.001034548506140709
                ],
                [
                    "sv",
                    0.0009473672253079712
                ],
                [
                    "hu",
                    0.0008653660770505667
                ],
                [
                    "si",
                    0.0008631546515971422
                ],
                [
                    "mi",
                    0.0007955424371175468
                ],
                [
                    "sn",
                    0.0006712229223921895
                ],
                [
                    "ro",
                    0.0006207152619026601
                ],
                [
                    "ca",
                    0.0005778004415333271
                ],
                [
                    "cs",
                    0.0004886796232312918
                ],
                [
                    "no",
                    0.0004720797296613455
                ],
                [
                    "uk",
                    0.0004059855709783733
                ],
                [
                    "da",
                    0.0003652081068139523
                ],
                [
                    "ur",
                    0.00035906670382246375
                ],
                [
                    "br",
                    0.0003363203431945294
                ],
                [
                    "ml",
                    0.0003142669447697699
                ],
                [
                    "he",
                    0.0003052857064176351
                ],
                [
                    "my",
                    0.0002659285382833332
                ],
                [
                    "hr",
                    0.00023630236682947725
                ],
                [
                    "sa",
                    0.00022490786795970052
                ],
                [
                    "sl",
                    0.00016124504327308387
                ],
                [
                    "eu",
                    0.00015823445573914796
                ],
                [
                    "yo",
                    0.00014011056919116527
                ],
                [
                    "mn",
                    0.00013425278302747756
                ],
                [
                    "ht",
                    0.00012111366959288716
                ],
                [
                    "bn",
                    0.00011972960055572912
                ],
                [
                    "gl",
                    0.00011956277739955112
                ],
                [
                    "be",
                    0.00011860405356856063
                ],
                [
                    "sk",
                    0.00011424221156630665
                ],
                [
                    "bo",
                    9.806512389332056e-05
                ],
                [
                    "bg",
                    9.622837387723848e-05
                ],
                [
                    "fa",
                    9.599793702363968e-05
                ],
                [
                    "bs",
                    9.584992221789435e-05
                ],
                [
                    "sw",
                    8.968880865722895e-05
                ],
                [
                    "is",
                    8.684410568093881e-05
                ],
                [
                    "ne",
                    8.324520604219288e-05
                ],
                [
                    "lv",
                    5.6973964092321694e-05
                ],
                [
                    "oc",
                    5.5318520026048645e-05
                ],
                [
                    "lo",
                    5.513891301234253e-05
                ],
                [
                    "et",
                    4.05280152335763e-05
                ],
                [
                    "yi",
                    4.0315302612725645e-05
                ],
                [
