{
    "path": "/Users/cindyzhang/YouLingo/video_analysis/sampled_videos_subset/486_video.mp4",
    "audio_path": "video_analysis/sampled_audios_subset/486_video_audio.wav",
    "language": "ro",
    "length_sec": 15.27,
    "vad_duration_sec": 14.8875,
    "total_segment_length_sec": 15.0,
    "word_count": -1,
    "tokens": [],
    "types": [],
    "mean_sentence_length_words": -1.0,
    "wpm": -1,
    "spm": -1,
    "average_ptr": -1,
    "transcript_text": " Sute de românce să întorc în s-ară la Bețivu de a casă de oarece amoremii o de Italia de 70 ani amurit.  Come se atice? E muerto!",
    "transcript": {
        "segments": [
            {
                "id": 1,
                "start": 0.37,
                "end": 13.37,
                "text": " Sute de românce să întorc în s-ară la Bețivu de a casă de oarece amoremii o de Italia de 70 ani amurit.",
                "no_speech_prob": 0.1769418716430664,
                "avg_logprob": -0.5827086791396141,
                "compression_ratio": 1.115702479338843,
                "temperature": 0.0
            },
            {
                "id": 2,
                "start": 13.37,
                "end": 15.37,
                "text": " Come se atice? E muerto!",
                "no_speech_prob": 0.1769418716430664,
                "avg_logprob": -0.5827086791396141,
                "compression_ratio": 1.115702479338843,
                "temperature": 0.0
            }
        ],
        "info": {
            "language": "ro",
            "duration": 15.2555,
            "duration_after_vad": 14.8875,
            "language_probability": 0.8519667983055115,
            "all_language_probs": [
                [
                    "ro",
                    0.8519667983055115
                ],
                [
                    "it",
                    0.10302955657243729
                ],
                [
                    "pt",
                    0.010538037866353989
                ],
                [
                    "es",
                    0.00513229938223958
                ],
                [
                    "fr",
                    0.004940228536725044
                ],
                [
                    "en",
                    0.004536907188594341
                ],
                [
                    "el",
                    0.004087040666490793
                ],
                [
                    "la",
                    0.002895236713811755
                ],
                [
                    "ar",
                    0.0018671209691092372
                ],
                [
                    "pl",
                    0.0014869740698486567
                ],
                [
                    "de",
                    0.0010726259788498282
                ],
                [
                    "nn",
                    0.001042071497067809
                ],
                [
                    "oc",
                    0.0005635268753394485
                ],
                [
                    "tr",
                    0.0005386495613493025
                ],
                [
                    "tl",
                    0.0005154192331247032
                ],
                [
                    "he",
                    0.0005102935829199851
                ],
                [
                    "haw",
                    0.0004306751652620733
                ],
                [
                    "ru",
                    0.00042861461406573653
                ],
                [
                    "sl",
                    0.000373274291632697
                ],
                [
                    "ms",
                    0.0002753874578047544
                ],
                [
                    "nl",
                    0.00027475057868286967
                ],
                [
                    "gl",
                    0.00026227135094814
                ],
                [
                    "ko",
                    0.0002514234511181712
                ],
                [
                    "bg",
                    0.00021032792574260384
                ],
                [
                    "jw",
                    0.00018314222688786685
                ],
                [
                    "br",
                    0.0001803407067200169
                ],
                [
                    "vi",
                    0.00016510655404999852
                ],
                [
                    "hu",
                    0.00014020859089214355
                ],
                [
                    "sn",
                    0.00013980336370877922
                ],
                [
                    "zh",
                    0.00013649997708853334
                ],
                [
                    "ca",
                    0.00013217471132520586
                ],
                [
                    "hr",
                    0.00013159324589651078
                ],
                [
                    "ta",
                    0.00011103805445600301
                ],
                [
                    "ja",
                    9.220182982971892e-05
                ],
                [
                    "cy",
                    7.743645255686715e-05
                ],
                [
                    "bs",
                    7.211857155198231e-05
                ],
                [
                    "hi",
                    6.832406506873667e-05
                ],
                [
                    "id",
                    6.49205467198044e-05
                ],
                [
                    "yi",
                    6.490148371085525e-05
                ],
                [
                    "sq",
                    6.003207454341464e-05
                ],
                [
                    "km",
                    5.956905079074204e-05
                ],
                [
                    "eu",
                    5.682020855601877e-05
                ],
                [
                    "sw",
                    5.363277887227014e-05
                ],
                [
                    "uk",
                    5.207992944633588e-05
                ],
                [
                    "sa",
                    5.000383316655643e-05
                ],
                [
                    "ur",
                    4.86696844745893e-05
                ],
                [
                    "te",
                    4.7215122322086245e-05
                ],
                [
                    "sv",
                    3.9145736081991345e-05
                ],
                [
                    "cs",
                    3.889507206622511e-05
                ],
                [
                    "sk",
                    3.841246507363394e-05
                ],
                [
                    "si",
                    3.528433808241971e-05
                ],
                [
                    "af",
                    3.498131991364062e-05
                ],
                [
                    "mi",
                    3.411679426790215e-05
                ],
                [
                    "bn",
                    2.9282698960741982e-05
                ],
                [
                    "yo",
                    2.765041972452309e-05
                ],
                [
                    "da",
                    2.6485384296393022e-05
                ],
                [
                    "ht",
                    2.383340324740857e-05
                ],
                [
                    "fa",
                    2.151401167793665e-05
                ],
                [
                    "be",
                    2.109266097249929e-05
                ],
                [
                    "sr",
                    1.724388675938826e-05
                ],
                [
