{
    "path": "/Users/cindyzhang/YouLingo/video_analysis/sampled_videos_subset/487_video.mp4",
    "audio_path": "video_analysis/sampled_audios_subset/487_video_audio.wav",
    "language": "en",
    "length_sec": 13.25,
    "vad_duration_sec": 0.96,
    "total_segment_length_sec": 0.0,
    "word_count": -1,
    "tokens": [],
    "types": [],
    "mean_sentence_length_words": -1.0,
    "wpm": -1,
    "spm": -1,
    "average_ptr": -1,
    "transcript_text": "",
    "transcript": {
        "segments": [],
        "info": {
            "language": "en",
            "duration": 13.1425,
            "duration_after_vad": 0.96,
            "language_probability": 0.7511628270149231,
            "all_language_probs": [
                [
                    "en",
                    0.7511628270149231
                ],
                [
                    "ko",
                    0.02984093315899372
                ],
                [
                    "ja",
                    0.020029688253998756
                ],
                [
                    "pt",
                    0.019816849380731583
                ],
                [
                    "es",
                    0.017825039103627205
                ],
                [
                    "cy",
                    0.014162625186145306
                ],
                [
                    "fr",
                    0.013864186592400074
                ],
                [
                    "de",
                    0.013143873773515224
                ],
                [
                    "zh",
                    0.012529920786619186
                ],
                [
                    "nn",
                    0.010905677452683449
                ],
                [
                    "it",
                    0.01074407808482647
                ],
                [
                    "nl",
                    0.009179717861115932
                ],
                [
                    "ru",
                    0.006807444617152214
                ],
                [
                    "pl",
                    0.005364608019590378
                ],
                [
                    "la",
                    0.005078459624201059
                ],
                [
                    "haw",
                    0.004560018889605999
                ],
                [
                    "hu",
                    0.004135323688387871
                ],
                [
                    "jw",
                    0.003436296945437789
                ],
                [
                    "el",
                    0.0033884465228766203
                ],
                [
                    "fi",
                    0.003175256075337529
                ],
                [
                    "hi",
                    0.003079236950725317
                ],
                [
                    "sv",
                    0.002961256541311741
                ],
                [
                    "mi",
                    0.0027198803145438433
                ],
                [
                    "km",
                    0.0026445353869348764
                ],
                [
                    "tr",
                    0.0024525714106857777
                ],
                [
                    "ar",
                    0.002441160613670945
                ],
                [
                    "vi",
                    0.0021873346995562315
                ],
                [
                    "th",
                    0.0015275111654773355
                ],
                [
                    "id",
                    0.0013586897403001785
                ],
                [
                    "br",
                    0.0013514967868104577
                ],
                [
                    "cs",
                    0.0013169978046789765
                ],
                [
                    "da",
                    0.0010590774472802877
                ],
                [
                    "he",
                    0.0010344540933147073
                ],
                [
                    "ca",
                    0.0010240358533337712
                ],
                [
                    "ms",
                    0.0010164933046326041
                ],
                [
                    "sn",
                    0.0008564769523218274
                ],
                [
                    "te",
                    0.000853430072311312
                ],
                [
                    "no",
                    0.0008326234528794885
                ],
                [
                    "ta",
                    0.0007647632155567408
                ],
                [
                    "tl",
                    0.000750752747990191
                ],
                [
                    "eu",
                    0.0006219206261448562
                ],
                [
                    "uk",
                    0.0005550674977712333
                ],
                [
                    "ro",
                    0.0005061036790721118
                ],
                [
                    "sl",
                    0.0004899630439467728
                ],
                [
                    "hr",
                    0.0004408916865941137
                ],
                [
                    "ur",
                    0.0004300898581277579
                ],
                [
                    "gl",
                    0.0004276513936929405
                ],
                [
                    "ml",
                    0.0003985693329013884
                ],
                [
                    "bs",
                    0.0003922785690519959
                ],
                [
                    "my",
                    0.00035580465919338167
                ],
                [
                    "si",
                    0.00033881960553117096
                ],
                [
                    "yo",
                    0.0003269555454608053
                ],
                [
                    "bg",
                    0.0003225897380616516
                ],
                [
                    "fa",
                    0.0002942096325568855
                ],
                [
                    "sa",
                    0.0002596103586256504
                ],
                [
                    "is",
                    0.00018491568334866315
                ],
                [
                    "bn",
                    0.00017043565458152443
                ],
                [
                    "lv",
                    0.00015661533689126372
                ],
                [
                    "sk",
                    0.0001508621935499832
                ],
                [
                    "yi",
                    0.00014082971028983593
                ],
                [
                    "sw",
                    0.0001369580568280071
                ],
                [
                    "oc",
                    0.00013657093222718686
                ],
                [
                    "ht",
                    0.00013412702537607402
                ],
                [
                    "bo",
                    0.00013405259232968092
                ],
                [
                    "af",
                    0.0001136928258347325
                ],
                [
                    "mn",
                    0.00011093696957686916
                ],
                [
                    "sr",
                    9.297354699810967e-05
                ],
                [
                    "lt",
                    8.543416333850473e-05
                ],
                [
                    "fo",
                    7.0649512053933e-05
                ],
                [
                    "et",
