{
    "path": "/Users/cindyzhang/YouLingo/video_analysis/sampled_videos_subset/488_video.mp4",
    "audio_path": "video_analysis/sampled_audios_subset/488_video_audio.wav",
    "language": "en",
    "length_sec": 8.54,
    "vad_duration_sec": 4.0895625,
    "total_segment_length_sec": 0.0,
    "word_count": -1,
    "tokens": [],
    "types": [],
    "mean_sentence_length_words": -1.0,
    "wpm": -1,
    "spm": -1,
    "average_ptr": -1,
    "transcript_text": "",
    "transcript": {
        "segments": [],
        "info": {
            "language": "en",
            "duration": 8.5695625,
            "duration_after_vad": 4.0895625,
            "language_probability": 0.7488204836845398,
            "all_language_probs": [
                [
                    "en",
                    0.7488204836845398
                ],
                [
                    "ko",
                    0.0468161441385746
                ],
                [
                    "ja",
                    0.04064219444990158
                ],
                [
                    "nn",
                    0.024204814806580544
                ],
                [
                    "ru",
                    0.02081035077571869
                ],
                [
                    "fr",
                    0.010777143761515617
                ],
                [
                    "es",
                    0.010657815262675285
                ],
                [
                    "pt",
                    0.00895340833812952
                ],
                [
                    "la",
                    0.007217196747660637
                ],
                [
                    "zh",
                    0.007136802189052105
                ],
                [
                    "cy",
                    0.006901168264448643
                ],
                [
                    "de",
                    0.005926798563450575
                ],
                [
                    "pl",
                    0.004979369696229696
                ],
                [
                    "jw",
                    0.00452397670596838
                ],
                [
                    "it",
                    0.004182267002761364
                ],
                [
                    "nl",
                    0.0041582053527235985
                ],
                [
                    "haw",
                    0.0037894195411354303
                ],
                [
                    "ar",
                    0.0037409882061183453
                ],
                [
                    "km",
                    0.0037162781227380037
                ],
                [
                    "tr",
                    0.0034052859991788864
                ],
                [
                    "hi",
                    0.002648170106112957
                ],
                [
                    "vi",
                    0.0018156241858378053
                ],
                [
                    "th",
                    0.0018051547231152654
                ],
                [
                    "el",
                    0.0015806673327460885
                ],
                [
                    "tl",
                    0.0015282602980732918
                ],
                [
                    "fi",
                    0.0014601923758164048
                ],
                [
                    "sv",
                    0.0013864829670637846
                ],
                [
                    "ms",
                    0.0012907725758850574
                ],
                [
                    "hu",
                    0.0012866578763350844
                ],
                [
                    "br",
                    0.0012597156455740333
                ],
                [
                    "te",
                    0.00102668022736907
                ],
                [
                    "id",
                    0.000978384050540626
                ],
                [
                    "mi",
                    0.0007285072933882475
                ],
                [
                    "sn",
                    0.0006194552988745272
                ],
                [
                    "ro",
                    0.0005938943941146135
                ],
                [
                    "cs",
                    0.0005677203298546374
                ],
                [
                    "ta",
                    0.000557532359380275
                ],
                [
                    "no",
                    0.0005370492581278086
                ],
                [
                    "uk",
                    0.0005056107183918357
                ],
                [
                    "da",
                    0.00046604458475485444
                ],
                [
                    "ml",
                    0.0004619162355083972
                ],
                [
                    "ur",
                    0.00045624442282132804
                ],
                [
                    "ca",
                    0.000412766239605844
                ],
                [
                    "si",
                    0.000408473948482424
                ],
                [
                    "sa",
                    0.00028299319092184305
                ],
                [
                    "he",
                    0.0002638657169882208
                ],
                [
                    "mn",
                    0.0002497218083590269
                ],
                [
                    "gl",
                    0.00023958709789440036
                ],
                [
                    "hr",
                    0.0002336895850021392
                ],
                [
                    "eu",
                    0.0002239527238998562
                ],
                [
                    "bg",
                    0.00020082021364942193
                ],
                [
                    "sl",
                    0.00018347948207519948
                ],
                [
                    "bs",
                    0.0001760766317602247
                ],
                [
                    "is",
                    0.0001710264041321352
                ],
                [
                    "yo",
                    0.00016763259191066027
                ],
                [
                    "fa",
                    0.00016191790928132832
                ],
                [
                    "my",
                    0.00014058873057365417
                ],
                [
                    "sk",
                    0.00013722659787163138
                ],
                [
                    "bn",
                    0.00011170688958372921
                ],
                [
                    "ht",
                    9.656322799855843e-05
                ],
                [
                    "bo",
                    9.648571722209454e-05
                ],
                [
                    "oc",
                    9.447857883060351e-05
                ],
                [
                    "af",
                    9.243418026017025e-05
                ],
                [
                    "yi",
                    8.927410817705095e-05
                ],
                [
                    "be",
                    8.804012031760067e-05
                ],
                [
                    "fo",
                    8.366547262994573e-05
                ],
                [
                    "ne",
                    8.061967673711479e-05
                ],
                [
                    "lv",
                    6.296740320976824e-05
                ],
                [
                    "hy",
                    5.595487527898513e-05
                ],
                [
