{
    "path": "/Users/cindyzhang/YouLingo/video_analysis/sampled_videos_subset/494_video.mp4",
    "audio_path": "video_analysis/sampled_audios_subset/494_video_audio.wav",
    "language": "en",
    "length_sec": 15.73,
    "vad_duration_sec": 3.632,
    "total_segment_length_sec": 0.0,
    "word_count": -1,
    "tokens": [],
    "types": [],
    "mean_sentence_length_words": -1.0,
    "wpm": -1,
    "spm": -1,
    "average_ptr": -1,
    "transcript_text": "",
    "transcript": {
        "segments": [],
        "info": {
            "language": "en",
            "duration": 15.7199375,
            "duration_after_vad": 3.632,
            "language_probability": 0.5084528923034668,
            "all_language_probs": [
                [
                    "en",
                    0.5084528923034668
                ],
                [
                    "nn",
                    0.07078614085912704
                ],
                [
                    "ko",
                    0.0546167828142643
                ],
                [
                    "es",
                    0.03520313277840614
                ],
                [
                    "ja",
                    0.0335627906024456
                ],
                [
                    "jw",
                    0.029533084481954575
                ],
                [
                    "pt",
                    0.029083147644996643
                ],
                [
                    "zh",
                    0.027492757886648178
                ],
                [
                    "haw",
                    0.024132031947374344
                ],
                [
                    "la",
                    0.023858869448304176
                ],
                [
                    "ru",
                    0.01837935298681259
                ],
                [
                    "de",
                    0.015370354987680912
                ],
                [
                    "cy",
                    0.014693781733512878
                ],
                [
                    "fr",
                    0.01088654063642025
                ],
                [
                    "it",
                    0.010544344782829285
                ],
                [
                    "nl",
                    0.008490527048707008
                ],
                [
                    "km",
                    0.00640234537422657
                ],
                [
                    "vi",
                    0.005806902423501015
                ],
                [
                    "ar",
                    0.005427944473922253
                ],
                [
                    "mi",
                    0.005398595705628395
                ],
                [
                    "pl",
                    0.004348285496234894
                ],
                [
                    "ms",
                    0.003866633865982294
                ],
                [
                    "hi",
                    0.0037281920667737722
                ],
                [
                    "tr",
                    0.003421644913032651
                ],
                [
                    "th",
                    0.0032359352335333824
                ],
                [
                    "el",
                    0.0029739674646407366
                ],
                [
                    "br",
                    0.002870778553187847
                ],
                [
                    "tl",
                    0.00275031803175807
                ],
                [
                    "sv",
                    0.0025676055811345577
                ],
                [
                    "ro",
                    0.0022015031427145004
                ],
                [
                    "uk",
                    0.0021918625570833683
                ],
                [
                    "id",
                    0.0021641997154802084
                ],
                [
                    "fi",
                    0.001896150060929358
                ],
                [
                    "sn",
                    0.0016392433317378163
                ],
                [
                    "te",
                    0.0016186954453587532
                ],
                [
                    "ml",
                    0.0014130258932709694
                ],
                [
                    "hu",
                    0.001325408578850329
                ],
                [
                    "ur",
                    0.0013245217269286513
                ],
                [
                    "ta",
                    0.0012423781445249915
                ],
                [
                    "sa",
                    0.0012275819899514318
                ],
                [
                    "gl",
                    0.0011280019534751773
                ],
                [
                    "si",
                    0.0011120993876829743
                ],
                [
                    "cs",
                    0.0009121675393544137
                ],
                [
                    "da",
                    0.0008690393879078329
                ],
                [
                    "my",
                    0.0006795093067921698
                ],
                [
                    "he",
                    0.0006132114795036614
                ],
                [
                    "mn",
                    0.0006128594977781177
                ],
                [
                    "sl",
                    0.0005871406174264848
                ],
                [
                    "fo",
                    0.0005770882708020508
                ],
                [
                    "no",
                    0.0005737292813137174
                ],
                [
                    "bg",
                    0.0005238567246124148
                ],
                [
                    "ca",
                    0.0005027921288274229
                ],
                [
                    "hr",
                    0.0004934350727126002
                ],
                [
                    "yo",
                    0.0003409385681152344
                ],
                [
                    "yi",
                    0.0003399684210307896
                ],
                [
                    "eu",
                    0.00031563013908453286
                ],
                [
                    "fa",
                    0.00031222376856021583
                ],
                [
                    "bs",
                    0.00026985100703313947
                ],
                [
                    "oc",
                    0.000266194372670725
                ],
                [
                    "bn",
                    0.00024967340868897736
                ],
                [
                    "sw",
                    0.0002280389453517273
                ],
                [
                    "ht",
                    0.00021468928025569767
                ],
                [
                    "sk",
                    0.000209039993933402
                ],
                [
                    "bo",
                    0.0002044179564109072
                ],
                [
                    "be",
                    0.0002025720023084432
                ],
                [
                    "is",
                    0.0001908632111735642
                ],
                [
                    "af",
                    0.00015753514890093356
                ],
                [
                    "lv",
                    0.0001505546533735469
                ],
                [
                    "lt",
                    0.00010131637827726081
                ],
                [
                    "sd",
