{
    "path": "/Users/cindyzhang/YouLingo/video_analysis/sampled_videos_subset/501_video.mp4",
    "audio_path": "video_analysis/sampled_audios_subset/501_video_audio.wav",
    "language": "en",
    "length_sec": 20.13,
    "vad_duration_sec": 6.832,
    "total_segment_length_sec": 0.0,
    "word_count": -1,
    "tokens": [],
    "types": [],
    "mean_sentence_length_words": -1.0,
    "wpm": -1,
    "spm": -1,
    "average_ptr": -1,
    "transcript_text": "",
    "transcript": {
        "segments": [],
        "info": {
            "language": "en",
            "duration": 20.133125,
            "duration_after_vad": 6.832,
            "language_probability": 0.5417845249176025,
            "all_language_probs": [
                [
                    "en",
                    0.5417845249176025
                ],
                [
                    "ja",
                    0.07509773224592209
                ],
                [
                    "fr",
                    0.03600459545850754
                ],
                [
                    "nn",
                    0.035843852907419205
                ],
                [
                    "ru",
                    0.03349251300096512
                ],
                [
                    "ko",
                    0.02842537686228752
                ],
                [
                    "la",
                    0.025297610089182854
                ],
                [
                    "de",
                    0.024183135479688644
                ],
                [
                    "pl",
                    0.021077260375022888
                ],
                [
                    "es",
                    0.020526191219687462
                ],
                [
                    "pt",
                    0.01721213012933731
                ],
                [
                    "it",
                    0.014798101969063282
                ],
                [
                    "hi",
                    0.011684936471283436
                ],
                [
                    "cy",
                    0.01024437416344881
                ],
                [
                    "jw",
                    0.009676063433289528
                ],
                [
                    "zh",
                    0.009376886300742626
                ],
                [
                    "tr",
                    0.007750866934657097
                ],
                [
                    "km",
                    0.00617340998724103
                ],
                [
                    "nl",
                    0.004860463086515665
                ],
                [
                    "br",
                    0.004786021541804075
                ],
                [
                    "haw",
                    0.004627477377653122
                ],
                [
                    "ar",
                    0.003856617258861661
                ],
                [
                    "el",
                    0.002963158767670393
                ],
                [
                    "te",
                    0.002502510556951165
                ],
                [
                    "fi",
                    0.002329497132450342
                ],
                [
                    "ro",
                    0.0023229019716382027
                ],
                [
                    "cs",
                    0.002255344996228814
                ],
                [
                    "ms",
                    0.0022385981865227222
                ],
                [
                    "sv",
                    0.002231640974059701
                ],
                [
                    "ta",
                    0.002081671729683876
                ],
                [
                    "sa",
                    0.001980037661269307
                ],
                [
                    "ur",
                    0.001776641933247447
                ],
                [
                    "vi",
                    0.0016502817161381245
                ],
                [
                    "sn",
                    0.001630447106435895
                ],
                [
                    "mi",
                    0.0015397315146401525
                ],
                [
                    "hu",
                    0.0014753368450328708
                ],
                [
                    "th",
                    0.001383483875542879
                ],
                [
                    "ca",
                    0.001371436519548297
                ],
                [
                    "eu",
                    0.0013368618674576283
                ],
                [
                    "id",
                    0.0013149953447282314
                ],
                [
                    "uk",
                    0.0012885211035609245
                ],
                [
                    "hr",
                    0.0012307389406487346
                ],
                [
                    "gl",
                    0.0009874451206997037
                ],
                [
                    "he",
                    0.0009216938633471727
                ],
                [
                    "sl",
                    0.0008114805677905679
                ],
                [
                    "bn",
                    0.0007949522114358842
                ],
                [
                    "tl",
                    0.0007939134957268834
                ],
                [
                    "si",
                    0.0007797824800945818
                ],
                [
                    "ml",
                    0.0007349947118200362
                ],
                [
                    "mn",
                    0.0007050688727758825
                ],
                [
                    "no",
                    0.0006709547014907002
                ],
                [
                    "fa",
                    0.000663960468955338
                ],
                [
                    "bg",
                    0.0006537446170113981
                ],
                [
                    "bs",
                    0.0006377815152518451
                ],
                [
                    "bo",
                    0.0006307555013336241
                ],
                [
                    "yo",
                    0.000612242438364774
                ],
                [
                    "sk",
                    0.0005357670015655458
                ],
                [
                    "oc",
                    0.000452602980658412
                ],
                [
                    "da",
                    0.0004106040869373828
                ],
                [
                    "my",
                    0.0004070686991326511
                ],
                [
                    "lv",
                    0.0003587448736652732
                ],
                [
                    "ht",
                    0.00030179432360455394
                ],
                [
                    "yi",
                    0.00029276232817210257
                ],
                [
                    "sw",
                    0.00027930582291446626
                ],
                [
                    "ne",
                    0.0002764392120297998
                ],
                [
                    "af",
                    0.000266700197244063
                ],
                [
                    "is",
                    0.00026383937802165747
                ],
                [
                    "sr",
                    0.00019365917250979692
                ],
                [
                    "fo",
                    0.00019364744366612285
                ],
                [
                    "lt",
