{
    "path": "/Users/cindyzhang/YouLingo/video_analysis/sampled_videos_subset/51_video.mp4",
    "audio_path": "video_analysis/sampled_audios_subset/51_video_audio.wav",
    "language": "nl",
    "length_sec": 8.62,
    "vad_duration_sec": 7.839375,
    "total_segment_length_sec": 6.0,
    "word_count": -1,
    "tokens": [],
    "types": [],
    "mean_sentence_length_words": -1.0,
    "wpm": -1,
    "spm": -1,
    "average_ptr": -1,
    "transcript_text": " Hoi allemaal, ik heb dus gehoord dat je niet kan lachen als je je wengbouw omhoog doet.  Gapje, maar je hebt wel een hele leuke lach.",
    "transcript": {
        "segments": [
            {
                "id": 1,
                "start": 0.75,
                "end": 4.75,
                "text": " Hoi allemaal, ik heb dus gehoord dat je niet kan lachen als je je wengbouw omhoog doet.",
                "no_speech_prob": 0.054282091557979584,
                "avg_logprob": -0.47798940104742843,
                "compression_ratio": 1.2815533980582525,
                "temperature": 0.0
            },
            {
                "id": 2,
                "start": 5.75,
                "end": 7.75,
                "text": " Gapje, maar je hebt wel een hele leuke lach.",
                "no_speech_prob": 0.054282091557979584,
                "avg_logprob": -0.47798940104742843,
                "compression_ratio": 1.2815533980582525,
                "temperature": 0.0
            }
        ],
        "info": {
            "language": "nl",
            "duration": 8.591375,
            "duration_after_vad": 7.839375,
            "language_probability": 0.9586408734321594,
            "all_language_probs": [
                [
                    "nl",
                    0.9586408734321594
                ],
                [
                    "en",
                    0.010345972143113613
                ],
                [
                    "de",
                    0.010188283398747444
                ],
                [
                    "pt",
                    0.004286280833184719
                ],
                [
                    "fr",
                    0.002683652099221945
                ],
                [
                    "nn",
                    0.0026059066876769066
                ],
                [
                    "pl",
                    0.002053834032267332
                ],
                [
                    "af",
                    0.0011485136346891522
                ],
                [
                    "ru",
                    0.0008203713805414736
                ],
                [
                    "la",
                    0.0007462218636646867
                ],
                [
                    "ja",
                    0.000701031880453229
                ],
                [
                    "ar",
                    0.0005748477415181696
                ],
                [
                    "el",
                    0.0005423362599685788
                ],
                [
                    "jw",
                    0.0004314560501370579
                ],
                [
                    "es",
                    0.0003529857494868338
                ],
                [
                    "br",
                    0.00034328573383390903
                ],
                [
                    "hi",
                    0.0003179664781782776
                ],
                [
                    "haw",
                    0.0003049297956749797
                ],
                [
                    "cy",
                    0.00029899284709244967
                ],
                [
                    "tr",
                    0.0002253206621389836
                ],
                [
                    "cs",
                    0.000208556346478872
                ],
                [
                    "yi",
                    0.00020735926227644086
                ],
                [
                    "ur",
                    0.0001998933730646968
                ],
                [
                    "km",
                    0.00014964798174332827
                ],
                [
                    "it",
                    0.00014257356815505773
                ],
                [
                    "sv",
                    0.0001262130099348724
                ],
                [
                    "vi",
                    0.00010553449101280421
                ],
                [
                    "zh",
                    0.00010180503159062937
                ],
                [
                    "da",
                    9.138145105680451e-05
                ],
                [
                    "mi",
                    7.131489837775007e-05
                ],
                [
                    "fi",
                    6.743580888723955e-05
                ],
                [
                    "hu",
                    6.59949510009028e-05
                ],
                [
                    "no",
                    6.375445809680969e-05
                ],
                [
                    "id",
                    6.363558350130916e-05
                ],
                [
                    "uk",
                    5.9091187722515315e-05
                ],
                [
                    "ko",
                    5.5902517487993464e-05
                ],
                [
                    "ms",
                    5.188373688724823e-05
                ],
                [
                    "is",
                    5.0640301196835935e-05
                ],
                [
                    "sn",
                    4.9981827032752335e-05
                ],
                [
                    "tl",
                    3.34426986228209e-05
                ],
                [
                    "ro",
                    3.313134948257357e-05
                ],
                [
                    "th",
                    3.060766903217882e-05
                ],
                [
                    "bg",
                    2.9156366508686915e-05
                ],
                [
                    "he",
                    2.473640415701084e-05
                ],
                [
                    "ca",
                    2.419917655060999e-05
                ],
                [
                    "fo",
                    2.1969939552946016e-05
                ],
                [
                    "gl",
                    2.057941492239479e-05
                ],
                [
                    "sl",
                    1.9523688024492003e-05
                ],
                [
                    "oc",
                    1.604977842362132e-05
                ],
                [
                    "lv",
                    1.5564912246190943e-05
                ],
                [
                    "si",
                    1.5119576346478425e-05
                ],
                [
                    "mn",
                    1.4750356967851985e-05
                ],
                [
                    "sa",
                    1.3160717571736313e-05
                ],
                [
                    "eu",
                    1.3124769793648738e-05
                ],
                [
                    "sk",
                    1.1807106602645945e-05
                ],
                [
                    "ht",
                    1.0363149158365559e-05
                ],
                [
                    "yo",
                    1.0178566299146041e-05
                ],
                [
                    "hr",
                    8.93845844984753e-06
                ],
                [
                    "bs",
                    6.800157279940322e-06
                ],
                [
                    "sd",
                    6.379736532835523e-06
                ],
