{
    "path": "/Users/cindyzhang/YouLingo/video_analysis/sampled_videos_subset/539_video.mp4",
    "audio_path": "video_analysis/sampled_audios_subset/539_video_audio.wav",
    "language": "en",
    "length_sec": 15.1,
    "vad_duration_sec": 14.7031875,
    "total_segment_length_sec": 0.0,
    "word_count": -1,
    "tokens": [],
    "types": [],
    "mean_sentence_length_words": -1.0,
    "wpm": -1,
    "spm": -1,
    "average_ptr": -1,
    "transcript_text": "",
    "transcript": {
        "segments": [],
        "info": {
            "language": "en",
            "duration": 15.0711875,
            "duration_after_vad": 14.7031875,
            "language_probability": 0.9125152826309204,
            "all_language_probs": [
                [
                    "en",
                    0.9125152826309204
                ],
                [
                    "ko",
                    0.0362282358109951
                ],
                [
                    "ja",
                    0.005748496390879154
                ],
                [
                    "fr",
                    0.004270266275852919
                ],
                [
                    "km",
                    0.004029618576169014
                ],
                [
                    "nn",
                    0.003891664557158947
                ],
                [
                    "pt",
                    0.0038163489662110806
                ],
                [
                    "haw",
                    0.0035907705314457417
                ],
                [
                    "zh",
                    0.0031887642107903957
                ],
                [
                    "cy",
                    0.002723668236285448
                ],
                [
                    "ru",
                    0.0025297643151134253
                ],
                [
                    "de",
                    0.0016769012436270714
                ],
                [
                    "es",
                    0.0016283259028568864
                ],
                [
                    "tr",
                    0.001546032028272748
                ],
                [
                    "jw",
                    0.0013305023312568665
                ],
                [
                    "la",
                    0.0011132602812722325
                ],
                [
                    "pl",
                    0.000649555935524404
                ],
                [
                    "ar",
                    0.0006470525986514986
                ],
                [
                    "it",
                    0.0005659133894369006
                ],
                [
                    "th",
                    0.0005651103565469384
                ],
                [
                    "sn",
                    0.0005278672324493527
                ],
                [
                    "nl",
                    0.0005095049855299294
                ],
                [
                    "tl",
                    0.0004597264633048326
                ],
                [
                    "el",
                    0.0004442045174073428
                ],
                [
                    "si",
                    0.00043795883539132774
                ],
                [
                    "hi",
                    0.00040751302731223404
                ],
                [
                    "vi",
                    0.0003807691391557455
                ],
                [
                    "ta",
                    0.00036962187732569873
                ],
                [
                    "te",
                    0.00034413207322359085
                ],
                [
                    "mi",
                    0.0003084932977799326
                ],
                [
                    "da",
                    0.00025246053701266646
                ],
                [
                    "yo",
                    0.00024232466239482164
                ],
                [
                    "sv",
                    0.00020874058827757835
                ],
                [
                    "ro",
                    0.00018836805247701705
                ],
                [
                    "hu",
                    0.00018318998627364635
                ],
                [
                    "br",
                    0.00017653552640695125
                ],
                [
                    "ur",
                    0.00014862039824947715
                ],
                [
                    "ml",
                    0.00013049031258560717
                ],
                [
                    "ht",
                    0.00012171923299320042
                ],
                [
                    "ms",
                    0.00011973391519859433
                ],
                [
                    "my",
                    0.00011148236808367074
                ],
                [
                    "id",
                    0.00011065384751418605
                ],
                [
                    "no",
                    0.00010345103510189801
                ],
                [
                    "cs",
                    0.00010166259744437411
                ],
                [
                    "uk",
                    0.00010111580195371062
                ],
                [
                    "yi",
                    8.768144471105188e-05
                ],
                [
                    "eu",
                    8.345567766809836e-05
                ],
                [
                    "he",
                    7.73555802879855e-05
                ],
                [
                    "hr",
                    7.040242780931294e-05
                ],
                [
                    "is",
                    6.414813833544031e-05
                ],
                [
                    "fa",
                    6.222486990736797e-05
                ],
                [
                    "bn",
                    6.001543806632981e-05
                ],
                [
                    "bs",
                    5.920795229030773e-05
                ],
                [
                    "bg",
                    5.826100459671579e-05
                ],
                [
                    "fo",
                    5.698687891708687e-05
                ],
                [
                    "fi",
                    5.4324653319781646e-05
                ],
                [
                    "sa",
                    5.3400424803839996e-05
                ],
                [
                    "ca",
                    4.395905489218421e-05
                ],
                [
                    "sl",
                    4.163281846558675e-05
                ],
                [
                    "mn",
                    3.810457565123215e-05
                ],
                [
                    "bo",
                    3.5355456930119544e-05
                ],
                [
                    "lv",
                    3.211868170183152e-05
                ],
                [
                    "ne",
                    2.7050766220781952e-05
                ],
                [
                    "sw",
                    2.613841206766665e-05
                ],
                [
                    "be",
                    2.2341660951497033e-05
                ],
                [
                    "oc",
                    2.0634557586163282e-05
                ],
                [
                    "pa",
                    1.7288781236857176e-05
                ],
                [
                    "af",
                    1.566354876558762e-05
                ],
                [
                    "gl",
                    1.390321813232731e-05
                ],
