{
    "path": "/Users/cindyzhang/YouLingo/video_analysis/sampled_videos_subset/546_video.mp4",
    "audio_path": "video_analysis/sampled_audios_subset/546_video_audio.wav",
    "language": "en",
    "length_sec": 17.83,
    "vad_duration_sec": 1.216,
    "total_segment_length_sec": 0.0,
    "word_count": -1,
    "tokens": [],
    "types": [],
    "mean_sentence_length_words": -1.0,
    "wpm": -1,
    "spm": -1,
    "average_ptr": -1,
    "transcript_text": "",
    "transcript": {
        "segments": [],
        "info": {
            "language": "en",
            "duration": 17.7865,
            "duration_after_vad": 1.216,
            "language_probability": 0.4644545316696167,
            "all_language_probs": [
                [
                    "en",
                    0.4644545316696167
                ],
                [
                    "ko",
                    0.06804364174604416
                ],
                [
                    "ja",
                    0.05601084604859352
                ],
                [
                    "nn",
                    0.04704824835062027
                ],
                [
                    "pt",
                    0.0360695980489254
                ],
                [
                    "fr",
                    0.030100110918283463
                ],
                [
                    "es",
                    0.02845972776412964
                ],
                [
                    "zh",
                    0.026789497584104538
                ],
                [
                    "de",
                    0.024700667709112167
                ],
                [
                    "ru",
                    0.02321428805589676
                ],
                [
                    "la",
                    0.022985270246863365
                ],
                [
                    "jw",
                    0.01955007016658783
                ],
                [
                    "cy",
                    0.017166415229439735
                ],
                [
                    "it",
                    0.01617751084268093
                ],
                [
                    "pl",
                    0.009643509984016418
                ],
                [
                    "nl",
                    0.00960598699748516
                ],
                [
                    "haw",
                    0.007386337965726852
                ],
                [
                    "hi",
                    0.00678731594234705
                ],
                [
                    "ar",
                    0.006198786199092865
                ],
                [
                    "km",
                    0.005763963330537081
                ],
                [
                    "tr",
                    0.005180687643587589
                ],
                [
                    "el",
                    0.004590924363583326
                ],
                [
                    "vi",
                    0.0044896043837070465
                ],
                [
                    "th",
                    0.004047302063554525
                ],
                [
                    "fi",
                    0.0034536367747932673
                ],
                [
                    "ms",
                    0.0033387490548193455
                ],
                [
                    "mi",
                    0.0031344848684966564
                ],
                [
                    "sv",
                    0.0031088644172996283
                ],
                [
                    "hu",
                    0.002967826323583722
                ],
                [
                    "te",
                    0.002724477555602789
                ],
                [
                    "br",
                    0.002713545225560665
                ],
                [
                    "ro",
                    0.002374886069446802
                ],
                [
                    "cs",
                    0.0022802557796239853
                ],
                [
                    "id",
                    0.002183103933930397
                ],
                [
                    "tl",
                    0.0019414779962971807
                ],
                [
                    "ta",
                    0.0018475130200386047
                ],
                [
                    "sn",
                    0.0016744888853281736
                ],
                [
                    "ml",
                    0.0015738664660602808
                ],
                [
                    "uk",
                    0.0015130761312320828
                ],
                [
                    "ur",
                    0.001346963457763195
                ],
                [
                    "da",
                    0.0012099103769287467
                ],
                [
                    "si",
                    0.0011994694359600544
                ],
                [
                    "sa",
                    0.00116977677680552
                ],
                [
                    "gl",
                    0.0011346387909725308
                ],
                [
                    "ca",
                    0.0010284408926963806
                ],
                [
                    "he",
                    0.0009898620191961527
                ],
                [
                    "no",
                    0.0008917517843656242
                ],
                [
                    "mn",
                    0.0007015404407866299
                ],
                [
                    "sl",
                    0.0006750368629582226
                ],
                [
                    "eu",
                    0.0006222070660442114
                ],
                [
                    "hr",
                    0.0005793930613435805
                ],
                [
                    "fa",
                    0.0005697753513231874
                ],
                [
                    "my",
                    0.0005639757146127522
                ],
                [
                    "bg",
                    0.0005469259340316057
                ],
                [
                    "bn",
                    0.00042059423867613077
                ],
                [
                    "yo",
                    0.0004108786233700812
                ],
                [
                    "fo",
                    0.00039000349352136254
                ],
                [
                    "bs",
                    0.0003840313875116408
                ],
                [
                    "sk",
                    0.0003823117003776133
                ],
                [
                    "oc",
                    0.00030009105103090405
                ],
                [
                    "bo",
                    0.0002905555011238903
                ],
                [
                    "yi",
                    0.0002455257927067578
                ],
                [
                    "be",
                    0.0002234395215054974
                ],
                [
                    "ht",
                    0.00021922637824900448
                ],
                [
                    "is",
                    0.00021364253188949078
                ],
                [
                    "sw",
                    0.00021083529281895608
                ],
                [
                    "af",
                    0.00019261662964709103
                ],
                [
                    "lv",
                    0.0001599518145667389
                ],
                [
                    "ne",
                    0.00013868455425836146
                ],
                [
                    "az",
