{
    "path": "/Users/cindyzhang/YouLingo/video_analysis/sampled_videos_subset/547_video.mp4",
    "audio_path": "video_analysis/sampled_audios_subset/547_video_audio.wav",
    "language": "nl",
    "length_sec": 8.78,
    "vad_duration_sec": 8.7539375,
    "total_segment_length_sec": 5.0,
    "word_count": -1,
    "tokens": [],
    "types": [],
    "mean_sentence_length_words": -1.0,
    "wpm": -1,
    "spm": -1,
    "average_ptr": -1,
    "transcript_text": " Fuck, jongens, zekerheid, verdieden aan het stappen, en dag niet!",
    "transcript": {
        "segments": [
            {
                "id": 1,
                "start": 0.0,
                "end": 5.0,
                "text": " Fuck, jongens, zekerheid, verdieden aan het stappen, en dag niet!",
                "no_speech_prob": 0.044370029121637344,
                "avg_logprob": -0.7968644425272942,
                "compression_ratio": 0.9701492537313433,
                "temperature": 0.0
            }
        ],
        "info": {
            "language": "nl",
            "duration": 8.7539375,
            "duration_after_vad": 8.7539375,
            "language_probability": 0.8821216225624084,
            "all_language_probs": [
                [
                    "nl",
                    0.8821216225624084
                ],
                [
                    "af",
                    0.025894353166222572
                ],
                [
                    "en",
                    0.023594778031110764
                ],
                [
                    "de",
                    0.007239234168082476
                ],
                [
                    "el",
                    0.00662722485139966
                ],
                [
                    "es",
                    0.0054781208746135235
                ],
                [
                    "pt",
                    0.0048790001310408115
                ],
                [
                    "pl",
                    0.004493039567023516
                ],
                [
                    "nn",
                    0.004181050229817629
                ],
                [
                    "fr",
                    0.0038145682774484158
                ],
                [
                    "ca",
                    0.00282963621430099
                ],
                [
                    "ja",
                    0.002718956908211112
                ],
                [
                    "ru",
                    0.002654129173606634
                ],
                [
                    "is",
                    0.0015650165732949972
                ],
                [
                    "la",
                    0.0015115085989236832
                ],
                [
                    "cy",
                    0.0014177741250023246
                ],
                [
                    "ar",
                    0.0013536961050704122
                ],
                [
                    "ro",
                    0.0013046980602666736
                ],
                [
                    "gl",
                    0.0012993065174669027
                ],
                [
                    "cs",
                    0.0012638693442568183
                ],
                [
                    "tr",
                    0.0012188232503831387
                ],
                [
                    "fi",
                    0.0011558597907423973
                ],
                [
                    "hi",
                    0.0010961195221170783
                ],
                [
                    "it",
                    0.0008857916109263897
                ],
                [
                    "br",
                    0.0007511380244977772
                ],
                [
                    "ur",
                    0.000664074148517102
                ],
                [
                    "jw",
                    0.0006315307109616697
                ],
                [
                    "da",
                    0.0005774673190899193
                ],
                [
                    "bg",
                    0.0005092774517834187
                ],
                [
                    "sv",
                    0.00046589167322963476
                ],
                [
                    "hu",
                    0.0004404168576002121
                ],
                [
                    "km",
                    0.0004088024434167892
                ],
                [
                    "yi",
                    0.0003919584851246327
                ],
                [
                    "eu",
                    0.0003750441537704319
                ],
                [
                    "tl",
                    0.00029983394779264927
                ],
                [
                    "sn",
                    0.00027401212719269097
                ],
                [
                    "et",
                    0.0002493300708010793
                ],
                [
                    "oc",
                    0.00024701232905499637
                ],
                [
                    "ko",
                    0.00022722013818565756
                ],
                [
                    "sq",
                    0.00020950633916072547
                ],
                [
                    "zh",
                    0.0001922320225276053
                ],
                [
                    "no",
                    0.0001722407469060272
                ],
                [
                    "uk",
                    0.0001636121451156214
                ],
                [
                    "lv",
                    0.00016343093011528254
                ],
                [
                    "ta",
                    0.000153041779412888
                ],
                [
                    "vi",
                    0.00015114372945390642
                ],
                [
                    "he",
                    0.00012542340846266598
                ],
                [
                    "haw",
                    0.00011187938071088865
                ],
                [
                    "yo",
                    0.00010290586214978248
                ],
                [
                    "bs",
                    9.969926759367809e-05
                ],
                [
                    "sl",
                    9.636441245675087e-05
                ],
                [
                    "sk",
                    9.151554695563391e-05
                ],
                [
                    "hr",
                    8.150886424118653e-05
                ],
                [
                    "hy",
                    6.976411532377824e-05
                ],
                [
                    "mi",
                    6.811256025684997e-05
                ],
                [
                    "bn",
                    6.217993359314278e-05
                ],
                [
                    "mn",
                    5.473775672726333e-05
                ],
                [
                    "ms",
                    5.192950266064145e-05
                ],
                [
                    "id",
                    4.662550054490566e-05
                ],
                [
                    "ht",
                    4.5488253817893565e-05
                ],
                [
                    "fo",
                    4.454215741134249e-05
                ],
                [
                    "mt",
                    4.269307464710437e-05
                ],
                [
                    "sd",
                    4.2298906919313595e-05
                ],
                [
                    "te",
                    4.088794594281353e-05
                ],
                [
                    "pa",
