{
    "path": "/Users/cindyzhang/YouLingo/video_analysis/sampled_videos_subset/553_video.mp4",
    "audio_path": "video_analysis/sampled_audios_subset/553_video_audio.wav",
    "language": "en",
    "length_sec": 12.23,
    "vad_duration_sec": 3.3016875,
    "total_segment_length_sec": 0.0,
    "word_count": -1,
    "tokens": [],
    "types": [],
    "mean_sentence_length_words": -1.0,
    "wpm": -1,
    "spm": -1,
    "average_ptr": -1,
    "transcript_text": "",
    "transcript": {
        "segments": [],
        "info": {
            "language": "en",
            "duration": 12.2136875,
            "duration_after_vad": 3.3016875,
            "language_probability": 0.8381869792938232,
            "all_language_probs": [
                [
                    "en",
                    0.8381869792938232
                ],
                [
                    "ko",
                    0.04221412539482117
                ],
                [
                    "zh",
                    0.014091121964156628
                ],
                [
                    "ja",
                    0.013900748454034328
                ],
                [
                    "nn",
                    0.0072586024180054665
                ],
                [
                    "ru",
                    0.006168396212160587
                ],
                [
                    "pt",
                    0.00610707700252533
                ],
                [
                    "fr",
                    0.005925247445702553
                ],
                [
                    "es",
                    0.005798785015940666
                ],
                [
                    "km",
                    0.005797994323074818
                ],
                [
                    "de",
                    0.004727512132376432
                ],
                [
                    "th",
                    0.004499650094658136
                ],
                [
                    "cy",
                    0.004394066520035267
                ],
                [
                    "hi",
                    0.004096099175512791
                ],
                [
                    "nl",
                    0.003648883430287242
                ],
                [
                    "pl",
                    0.0029470138251781464
                ],
                [
                    "it",
                    0.002770848572254181
                ],
                [
                    "vi",
                    0.002648342866450548
                ],
                [
                    "jw",
                    0.002485741628333926
                ],
                [
                    "tl",
                    0.002121517201885581
                ],
                [
                    "tr",
                    0.0018566669896245003
                ],
                [
                    "id",
                    0.0014852245803922415
                ],
                [
                    "ar",
                    0.0014656075509265065
                ],
                [
                    "la",
                    0.0013463363284245133
                ],
                [
                    "ms",
                    0.0012509647058323026
                ],
                [
                    "haw",
                    0.001164539367891848
                ],
                [
                    "te",
                    0.001081644557416439
                ],
                [
                    "ta",
                    0.0008609093492850661
                ],
                [
                    "el",
                    0.0008095451630651951
                ],
                [
                    "hu",
                    0.0008030766621232033
                ],
                [
                    "sv",
                    0.0006726474384777248
                ],
                [
                    "ur",
                    0.0005445913993753493
                ],
                [
                    "mi",
                    0.0005068850587122142
                ],
                [
                    "da",
                    0.00046577645116485655
                ],
                [
                    "ro",
                    0.0004614356439560652
                ],
                [
                    "no",
                    0.0004551876336336136
                ],
                [
                    "cs",
                    0.00037444321787916124
                ],
                [
                    "fi",
                    0.00036730378633365035
                ],
                [
                    "si",
                    0.0003668983990792185
                ],
                [
                    "sn",
                    0.0003569110413081944
                ],
                [
                    "ml",
                    0.00028493799618445337
                ],
                [
                    "ca",
                    0.00024715738254599273
                ],
                [
                    "uk",
                    0.00024533647228963673
                ],
                [
                    "my",
                    0.00019171326130162925
                ],
                [
                    "he",
                    0.00017610425129532814
                ],
                [
                    "yo",
                    0.00016278502880595624
                ],
                [
                    "hr",
                    0.00016257991956081241
                ],
                [
                    "br",
                    0.0001428098330507055
                ],
                [
                    "eu",
                    0.00012456902186386287
                ],
                [
                    "bs",
                    0.00011387529957573861
                ],
                [
                    "sa",
                    0.00010952576121781021
                ],
                [
                    "sl",
                    0.00010940173524431884
                ],
                [
                    "bg",
                    9.960799070540816e-05
                ],
                [
                    "is",
                    9.826292807701975e-05
                ],
                [
                    "bn",
                    9.706905257189646e-05
                ],
                [
                    "fa",
                    9.457039413973689e-05
                ],
                [
                    "bo",
                    8.405074186157435e-05
                ],
                [
                    "ne",
                    8.058227831497788e-05
                ],
                [
                    "ht",
                    7.982611714396626e-05
                ],
                [
                    "mn",
                    7.416419248329476e-05
                ],
                [
                    "gl",
                    6.313230551313609e-05
                ],
                [
                    "sk",
                    6.071483949199319e-05
                ],
                [
                    "af",
                    5.515642260434106e-05
                ],
                [
                    "sw",
                    4.987812280887738e-05
                ],
                [
                    "yi",
                    4.820776666747406e-05
                ],
                [
                    "be",
                    4.439874828676693e-05
                ],
                [
                    "pa",
                    3.5881010262528434e-05
                ],
                [
                    "lv",
                    3.41884333465714e-05
                ],
                [
                    "fo",
                    3.2824369554873556e-05
                ],
                [
