{
    "path": "/Users/cindyzhang/YouLingo/video_analysis/sampled_videos_subset/557_video.mp4",
    "audio_path": "video_analysis/sampled_audios_subset/557_video_audio.wav",
    "language": "en",
    "length_sec": 18.75,
    "vad_duration_sec": 1.824,
    "total_segment_length_sec": 0.0,
    "word_count": -1,
    "tokens": [],
    "types": [],
    "mean_sentence_length_words": -1.0,
    "wpm": -1,
    "spm": -1,
    "average_ptr": -1,
    "transcript_text": "",
    "transcript": {
        "segments": [],
        "info": {
            "language": "en",
            "duration": 18.7385,
            "duration_after_vad": 1.824,
            "language_probability": 0.4702227711677551,
            "all_language_probs": [
                [
                    "en",
                    0.4702227711677551
                ],
                [
                    "ko",
                    0.07656624913215637
                ],
                [
                    "jw",
                    0.07070957124233246
                ],
                [
                    "fr",
                    0.04974422603845596
                ],
                [
                    "ja",
                    0.040329691022634506
                ],
                [
                    "zh",
                    0.032862499356269836
                ],
                [
                    "nn",
                    0.025130726397037506
                ],
                [
                    "la",
                    0.02443184331059456
                ],
                [
                    "ru",
                    0.02009350247681141
                ],
                [
                    "pt",
                    0.018824413418769836
                ],
                [
                    "km",
                    0.01742933876812458
                ],
                [
                    "es",
                    0.01444994006305933
                ],
                [
                    "it",
                    0.012225530110299587
                ],
                [
                    "de",
                    0.010539507493376732
                ],
                [
                    "ar",
                    0.010118053294718266
                ],
                [
                    "haw",
                    0.009018419310450554
                ],
                [
                    "nl",
                    0.008022019639611244
                ],
                [
                    "hi",
                    0.0065004765056073666
                ],
                [
                    "tr",
                    0.0063709537498652935
                ],
                [
                    "tl",
                    0.005185514222830534
                ],
                [
                    "pl",
                    0.004932655021548271
                ],
                [
                    "th",
                    0.004682291764765978
                ],
                [
                    "cy",
                    0.004556807689368725
                ],
                [
                    "vi",
                    0.0044660381972789764
                ],
                [
                    "br",
                    0.0034880894236266613
                ],
                [
                    "ms",
                    0.0032960535027086735
                ],
                [
                    "el",
                    0.0031764262821525335
                ],
                [
                    "te",
                    0.0031368189956992865
                ],
                [
                    "id",
                    0.0031233562622219324
                ],
                [
                    "hu",
                    0.0026824313681572676
                ],
                [
                    "ml",
                    0.0025176554918289185
                ],
                [
                    "si",
                    0.002377738244831562
                ],
                [
                    "sv",
                    0.0022091693244874477
                ],
                [
                    "ro",
                    0.0021912145894020796
                ],
                [
                    "fi",
                    0.00210576388053596
                ],
                [
                    "sa",
                    0.001998663879930973
                ],
                [
                    "sn",
                    0.0018387672025710344
                ],
                [
                    "ta",
                    0.001831764355301857
                ],
                [
                    "ur",
                    0.0015653334558010101
                ],
                [
                    "uk",
                    0.0014719117898494005
                ],
                [
                    "cs",
                    0.001336576184257865
                ],
                [
                    "mi",
                    0.000911361479666084
                ],
                [
                    "no",
                    0.0007824211497791111
                ],
                [
                    "da",
                    0.0007792916730977595
                ],
                [
                    "gl",
                    0.0006986095104366541
                ],
                [
                    "he",
                    0.0006685402477160096
                ],
                [
                    "ca",
                    0.0006200946518220007
                ],
                [
                    "fa",
                    0.0006006842595525086
                ],
                [
                    "bg",
                    0.0005961049464531243
                ],
                [
                    "sl",
                    0.000506162759847939
                ],
                [
                    "hr",
                    0.00045173935359343886
                ],
                [
                    "bn",
                    0.00044917603372596204
                ],
                [
                    "my",
                    0.00037816388066858053
                ],
                [
                    "yo",
                    0.00037200446240603924
                ],
                [
                    "mn",
                    0.0003433011006563902
                ],
                [
                    "oc",
                    0.0002859402447938919
                ],
                [
                    "fo",
                    0.0002519373956602067
                ],
                [
                    "bs",
                    0.0002456484944559634
                ],
                [
                    "ht",
                    0.0002431327593512833
                ],
                [
                    "sk",
                    0.00023425919061992317
                ],
                [
                    "eu",
                    0.0002167587954318151
                ],
                [
                    "bo",
                    0.00020470931485760957
                ],
                [
                    "sw",
                    0.00019884381617885083
                ],
                [
                    "hy",
                    0.00019404366321396083
                ],
                [
                    "be",
                    0.0001778637815732509
                ],
                [
                    "lo",
                    0.00017551754717715085
                ],
                [
                    "is",
                    0.0001735493278829381
                ],
                [
                    "yi",
                    0.0001548570580780506
                ],
                [
                    "az",
                    0.00014418801583815366
                ],
                [
                    "lv",
