{
    "path": "/Users/cindyzhang/YouLingo/video_analysis/sampled_videos_subset/56_video.mp4",
    "audio_path": "video_analysis/sampled_audios_subset/56_video_audio.wav",
    "language": "fr",
    "length_sec": 15.07,
    "vad_duration_sec": 8.512,
    "total_segment_length_sec": 0.0,
    "word_count": -1,
    "tokens": [],
    "types": [],
    "mean_sentence_length_words": -1.0,
    "wpm": -1,
    "spm": -1,
    "average_ptr": -1,
    "transcript_text": "",
    "transcript": {
        "segments": [],
        "info": {
            "language": "fr",
            "duration": 15.06975,
            "duration_after_vad": 8.512,
            "language_probability": 0.3839625120162964,
            "all_language_probs": [
                [
                    "fr",
                    0.3839625120162964
                ],
                [
                    "en",
                    0.25075864791870117
                ],
                [
                    "zh",
                    0.05198033154010773
                ],
                [
                    "ko",
                    0.04386409372091293
                ],
                [
                    "pt",
                    0.026750316843390465
                ],
                [
                    "vi",
                    0.02072002924978733
                ],
                [
                    "ar",
                    0.017112204805016518
                ],
                [
                    "km",
                    0.01486848946660757
                ],
                [
                    "ja",
                    0.01279183104634285
                ],
                [
                    "es",
                    0.011615857481956482
                ],
                [
                    "de",
                    0.011018364690244198
                ],
                [
                    "ru",
                    0.009527027606964111
                ],
                [
                    "nn",
                    0.00857114139944315
                ],
                [
                    "jw",
                    0.008551700972020626
                ],
                [
                    "la",
                    0.007662968244403601
                ],
                [
                    "th",
                    0.007557026110589504
                ],
                [
                    "cy",
                    0.007410859223455191
                ],
                [
                    "yo",
                    0.006613468751311302
                ],
                [
                    "nl",
                    0.005980934016406536
                ],
                [
                    "haw",
                    0.00540930638089776
                ],
                [
                    "br",
                    0.005233585834503174
                ],
                [
                    "it",
                    0.005121968220919371
                ],
                [
                    "sn",
                    0.005072966683655977
                ],
                [
                    "ro",
                    0.004862177185714245
                ],
                [
                    "ht",
                    0.004658946767449379
                ],
                [
                    "my",
                    0.004382620565593243
                ],
                [
                    "tr",
                    0.00417457427829504
                ],
                [
                    "ms",
                    0.0039864471182227135
                ],
                [
                    "tl",
                    0.0031129790004342794
                ],
                [
                    "oc",
                    0.0030925513710826635
                ],
                [
                    "el",
                    0.0028543127700686455
                ],
                [
                    "hu",
                    0.0026246043853461742
                ],
                [
                    "mi",
                    0.0024895973037928343
                ],
                [
                    "da",
                    0.0022872556000947952
                ],
                [
                    "he",
                    0.0022715877275913954
                ],
                [
                    "hi",
                    0.00223900331184268
                ],
                [
                    "sv",
                    0.002228921977803111
                ],
                [
                    "uk",
                    0.0021253840532153845
                ],
                [
                    "pl",
                    0.00169764447491616
                ],
                [
                    "ur",
                    0.0012345773866400123
                ],
                [
                    "fa",
                    0.0012049133656546474
                ],
                [
                    "no",
                    0.0011654976988211274
                ],
                [
                    "mn",
                    0.001148746581748128
                ],
                [
                    "bo",
                    0.0009731562458910048
                ],
                [
                    "bn",
                    0.0009266415145248175
                ],
                [
                    "sl",
                    0.0009110394166782498
                ],
                [
                    "si",
                    0.0008930056355893612
                ],
                [
                    "ca",
                    0.000866064103320241
                ],
                [
                    "eu",
                    0.0008450559107586741
                ],
                [
                    "fo",
                    0.0008117667748592794
                ],
                [
                    "yi",
                    0.0007864773506298661
                ],
                [
                    "cs",
                    0.0007445774390362203
                ],
                [
                    "bg",
                    0.000664885388687253
                ],
                [
                    "sw",
                    0.0006491471431218088
                ],
                [
                    "sa",
                    0.0006243152893148363
                ],
                [
                    "ta",
                    0.000583220855332911
                ],
                [
                    "lo",
                    0.0004961262457072735
                ],
                [
                    "bs",
                    0.0004937823978252709
                ],
                [
                    "hr",
                    0.0004918759223073721
                ],
                [
                    "is",
                    0.00048190992674790323
                ],
                [
                    "gl",
                    0.00045386975398287177
                ],
                [
                    "te",
                    0.000426578801125288
                ],
                [
                    "id",
                    0.00041017052717506886
                ],
                [
                    "ln",
                    0.0004059749189764261
                ],
                [
                    "az",
                    0.0003797364479396492
                ],
                [
                    "sq",
                    0.00033234903821721673
                ],
                [
                    "be",
                    0.0003129705146420747
                ],
                [
                    "kk",
                    0.00029737214208580554
                ],
                [
                    "af",
                    0.00028748041950166225
                ],
                [
                    "fi",
