{
    "path": "/Users/cindyzhang/YouLingo/video_analysis/sampled_videos_subset/570_video.mp4",
    "audio_path": "video_analysis/sampled_audios_subset/570_video_audio.wav",
    "language": "en",
    "length_sec": 19.37,
    "vad_duration_sec": 4.544,
    "total_segment_length_sec": 0.0,
    "word_count": -1,
    "tokens": [],
    "types": [],
    "mean_sentence_length_words": -1.0,
    "wpm": -1,
    "spm": -1,
    "average_ptr": -1,
    "transcript_text": "",
    "transcript": {
        "segments": [],
        "info": {
            "language": "en",
            "duration": 19.3654375,
            "duration_after_vad": 4.544,
            "language_probability": 0.20431943237781525,
            "all_language_probs": [
                [
                    "en",
                    0.20431943237781525
                ],
                [
                    "jw",
                    0.16597561538219452
                ],
                [
                    "km",
                    0.1517825722694397
                ],
                [
                    "si",
                    0.08597047626972198
                ],
                [
                    "nn",
                    0.038047906011343
                ],
                [
                    "sn",
                    0.03562403470277786
                ],
                [
                    "ja",
                    0.033537667244672775
                ],
                [
                    "pt",
                    0.03299335017800331
                ],
                [
                    "ko",
                    0.028993170708417892
                ],
                [
                    "zh",
                    0.022838639095425606
                ],
                [
                    "es",
                    0.020958254113793373
                ],
                [
                    "fr",
                    0.01493202056735754
                ],
                [
                    "ru",
                    0.01306080725044012
                ],
                [
                    "de",
                    0.012550530023872852
                ],
                [
                    "sa",
                    0.010457887314260006
                ],
                [
                    "it",
                    0.009800834581255913
                ],
                [
                    "la",
                    0.008812077343463898
                ],
                [
                    "te",
                    0.008525975979864597
                ],
                [
                    "cy",
                    0.008471785113215446
                ],
                [
                    "br",
                    0.007730711717158556
                ],
                [
                    "hi",
                    0.006813616491854191
                ],
                [
                    "tr",
                    0.005765152629464865
                ],
                [
                    "el",
                    0.005314147099852562
                ],
                [
                    "pl",
                    0.004656983073800802
                ],
                [
                    "th",
                    0.004620760213583708
                ],
                [
                    "haw",
                    0.004501378629356623
                ],
                [
                    "ar",
                    0.004198532085865736
                ],
                [
                    "nl",
                    0.0036831884644925594
                ],
                [
                    "tl",
                    0.0032832405995577574
                ],
                [
                    "vi",
                    0.0030275171156972647
                ],
                [
                    "ta",
                    0.0030103176832199097
                ],
                [
                    "ml",
                    0.002684515668079257
                ],
                [
                    "id",
                    0.0025806184858083725
                ],
                [
                    "ro",
                    0.0022481107152998447
                ],
                [
                    "sv",
                    0.0020613393280655146
                ],
                [
                    "ms",
                    0.0018844824517145753
                ],
                [
                    "ur",
                    0.0017002052627503872
                ],
                [
                    "hu",
                    0.001643491443246603
                ],
                [
                    "yo",
                    0.001600743387825787
                ],
                [
                    "fa",
                    0.0015812645433470607
                ],
                [
                    "bn",
                    0.0015437082620337605
                ],
                [
                    "uk",
                    0.0013622710248455405
                ],
                [
                    "bg",
                    0.0012618186883628368
                ],
                [
                    "fi",
                    0.0011177825508639216
                ],
                [
                    "mi",
                    0.0009430157369934022
                ],
                [
                    "lo",
                    0.0008827259298413992
                ],
                [
                    "da",
                    0.0008632077951915562
                ],
                [
                    "gl",
                    0.0008619565633125603
                ],
                [
                    "ca",
                    0.0007432401180267334
                ],
                [
                    "cs",
                    0.0006584289949387312
                ],
                [
                    "sw",
                    0.0006578763714060187
                ],
                [
                    "he",
                    0.0006229138234630227
                ],
                [
                    "hr",
                    0.0005475283251143992
                ],
                [
                    "hy",
                    0.0005465715075843036
                ],
                [
                    "no",
                    0.0004941814695484936
                ],
                [
                    "my",
                    0.0004722528683487326
                ],
                [
                    "sl",
                    0.00041945857810787857
                ],
                [
                    "ps",
                    0.0003731305478140712
                ],
                [
                    "oc",
                    0.0003569049877114594
                ],
                [
                    "sk",
                    0.0003060636227019131
                ],
                [
                    "be",
                    0.0002920845872722566
                ],
                [
                    "eu",
                    0.00023400217469315976
                ],
                [
                    "bs",
                    0.00017387515981681645
                ],
                [
                    "yi",
                    0.0001649598270887509
                ],
                [
                    "ht",
                    0.00016410536773037165
                ],
                [
                    "is",
                    0.00015653333684895188
                ],
                [
                    "bo",
                    0.00011725341755663976
                ],
                [
                    "lv",
                    0.00011696477304212749
                ],
                [
                    "mn",
                    0.00010978742648148909
                ],
                [
                    "lt",
