{
    "path": "/Users/cindyzhang/YouLingo/video_analysis/sampled_videos_subset/572_video.mp4",
    "audio_path": "video_analysis/sampled_audios_subset/572_video_audio.wav",
    "language": "en",
    "length_sec": 11.9,
    "vad_duration_sec": 0.88,
    "total_segment_length_sec": 0.0,
    "word_count": -1,
    "tokens": [],
    "types": [],
    "mean_sentence_length_words": -1.0,
    "wpm": -1,
    "spm": -1,
    "average_ptr": -1,
    "transcript_text": "",
    "transcript": {
        "segments": [],
        "info": {
            "language": "en",
            "duration": 11.888625,
            "duration_after_vad": 0.88,
            "language_probability": 0.380700945854187,
            "all_language_probs": [
                [
                    "en",
                    0.380700945854187
                ],
                [
                    "es",
                    0.07931005209684372
                ],
                [
                    "de",
                    0.059297867119312286
                ],
                [
                    "ko",
                    0.04510296508669853
                ],
                [
                    "hi",
                    0.03252057358622551
                ],
                [
                    "ar",
                    0.03143686428666115
                ],
                [
                    "pt",
                    0.02855338528752327
                ],
                [
                    "fr",
                    0.028428317978978157
                ],
                [
                    "tl",
                    0.023011263459920883
                ],
                [
                    "ja",
                    0.021900242194533348
                ],
                [
                    "zh",
                    0.019875673577189445
                ],
                [
                    "el",
                    0.017705276608467102
                ],
                [
                    "nl",
                    0.017516817897558212
                ],
                [
                    "pl",
                    0.016560189425945282
                ],
                [
                    "it",
                    0.014464550651609898
                ],
                [
                    "vi",
                    0.013640823774039745
                ],
                [
                    "th",
                    0.013492503203451633
                ],
                [
                    "tr",
                    0.011832550168037415
                ],
                [
                    "ru",
                    0.011769907549023628
                ],
                [
                    "he",
                    0.00887532252818346
                ],
                [
                    "ro",
                    0.008343447931110859
                ],
                [
                    "cy",
                    0.007477050647139549
                ],
                [
                    "ur",
                    0.0070517114363610744
                ],
                [
                    "ms",
                    0.006786216516047716
                ],
                [
                    "nn",
                    0.006645712535828352
                ],
                [
                    "sv",
                    0.006598523817956448
                ],
                [
                    "id",
                    0.0062364875338971615
                ],
                [
                    "la",
                    0.005744942929595709
                ],
                [
                    "no",
                    0.005335499998182058
                ],
                [
                    "ca",
                    0.005244441796094179
                ],
                [
                    "cs",
                    0.005067748483270407
                ],
                [
                    "hu",
                    0.004449974745512009
                ],
                [
                    "jw",
                    0.004114572890102863
                ],
                [
                    "da",
                    0.003823278471827507
                ],
                [
                    "ta",
                    0.002788204001262784
                ],
                [
                    "uk",
                    0.002398471347987652
                ],
                [
                    "sl",
                    0.0023408583365380764
                ],
                [
                    "km",
                    0.002309675794094801
                ],
                [
                    "haw",
                    0.002147897845134139
                ],
                [
                    "te",
                    0.0020569870248436928
                ],
                [
                    "ml",
                    0.0017471830360591412
                ],
                [
                    "fi",
                    0.0017280575120821595
                ],
                [
                    "hr",
                    0.001610259059816599
                ],
                [
                    "si",
                    0.0012954636476933956
                ],
                [
                    "bs",
                    0.0012391586787998676
                ],
                [
                    "sk",
                    0.0011576192919164896
                ],
                [
                    "fa",
                    0.0011402465170249343
                ],
                [
                    "bg",
                    0.0010850931284949183
                ],
                [
                    "sa",
                    0.001080430462025106
                ],
                [
                    "bn",
                    0.0010588497389107943
                ],
                [
                    "mi",
                    0.0010347767965868115
                ],
                [
                    "sn",
                    0.0009328307933174074
                ],
                [
                    "gl",
                    0.0008729160763323307
                ],
                [
                    "ne",
                    0.0007118479115888476
                ],
                [
                    "br",
                    0.0006503702024929225
                ],
                [
                    "sw",
                    0.0006495008710771799
                ],
                [
                    "is",
                    0.0006083156913518906
                ],
                [
                    "yo",
                    0.0005062567652203143
                ],
                [
                    "af",
                    0.0005041544209234416
                ],
                [
                    "lv",
                    0.0004583634727168828
                ],
                [
                    "lt",
                    0.00044168165186420083
                ],
                [
                    "my",
                    0.0004267787153366953
                ],
                [
                    "ht",
                    0.00041669781785458326
                ],
                [
                    "et",
                    0.00041584609425626695
                ],
                [
                    "oc",
                    0.0004121276142541319
                ],
                [
                    "mt",
                    0.0003664619871415198
                ],
                [
                    "hy",
                    0.0003613932931330055
                ],
                [
                    "mn",
                    0.00034273360506631434
                ],
                [
                    "eu",
                    0.000313449592795223
                ],
                [
                    "be",
