{
    "path": "/Users/cindyzhang/YouLingo/video_analysis/sampled_videos_subset/576_video.mp4",
    "audio_path": "video_analysis/sampled_audios_subset/576_video_audio.wav",
    "language": "en",
    "length_sec": 20.25,
    "vad_duration_sec": 1.376,
    "total_segment_length_sec": 0.0,
    "word_count": -1,
    "tokens": [],
    "types": [],
    "mean_sentence_length_words": -1.0,
    "wpm": -1,
    "spm": -1,
    "average_ptr": -1,
    "transcript_text": "",
    "transcript": {
        "segments": [],
        "info": {
            "language": "en",
            "duration": 20.2478125,
            "duration_after_vad": 1.376,
            "language_probability": 0.4456574320793152,
            "all_language_probs": [
                [
                    "en",
                    0.4456574320793152
                ],
                [
                    "ko",
                    0.0656668022274971
                ],
                [
                    "fr",
                    0.05126910284161568
                ],
                [
                    "ja",
                    0.04634057357907295
                ],
                [
                    "de",
                    0.03608546406030655
                ],
                [
                    "nn",
                    0.03547079488635063
                ],
                [
                    "es",
                    0.0332983173429966
                ],
                [
                    "ru",
                    0.03257274627685547
                ],
                [
                    "km",
                    0.032224901020526886
                ],
                [
                    "zh",
                    0.026715153828263283
                ],
                [
                    "pt",
                    0.024952609091997147
                ],
                [
                    "jw",
                    0.017433224245905876
                ],
                [
                    "it",
                    0.014645063318312168
                ],
                [
                    "nl",
                    0.011795977130532265
                ],
                [
                    "cy",
                    0.011132583022117615
                ],
                [
                    "la",
                    0.009775916114449501
                ],
                [
                    "ar",
                    0.00827447697520256
                ],
                [
                    "tr",
                    0.007798762060701847
                ],
                [
                    "hi",
                    0.0074601550586521626
                ],
                [
                    "pl",
                    0.0069790673442184925
                ],
                [
                    "el",
                    0.0062659368850290775
                ],
                [
                    "hu",
                    0.004416944924741983
                ],
                [
                    "sv",
                    0.004319002386182547
                ],
                [
                    "vi",
                    0.004215514287352562
                ],
                [
                    "th",
                    0.0039923712611198425
                ],
                [
                    "ta",
                    0.0027687468100339174
                ],
                [
                    "ro",
                    0.0026281930040568113
                ],
                [
                    "haw",
                    0.0026137731038033962
                ],
                [
                    "tl",
                    0.0024657093454152346
                ],
                [
                    "te",
                    0.0024566841311752796
                ],
                [
                    "sn",
                    0.0023011998273432255
                ],
                [
                    "fi",
                    0.002284156158566475
                ],
                [
                    "cs",
                    0.001937885768711567
                ],
                [
                    "ms",
                    0.0018166285008192062
                ],
                [
                    "he",
                    0.001742014428600669
                ],
                [
                    "id",
                    0.0017308818642050028
                ],
                [
                    "ca",
                    0.0016821027966216207
                ],
                [
                    "ml",
                    0.0016720850253477693
                ],
                [
                    "si",
                    0.0016047445824369788
                ],
                [
                    "ur",
                    0.001544851460494101
                ],
                [
                    "da",
                    0.0014971535420045257
                ],
                [
                    "uk",
                    0.0014842005912214518
                ],
                [
                    "no",
                    0.0014743845677003264
                ],
                [
                    "br",
                    0.0012307894648984075
                ],
                [
                    "eu",
                    0.0011864323168992996
                ],
                [
                    "mi",
                    0.0010678715771064162
                ],
                [
                    "sa",
                    0.0008953132783062756
                ],
                [
                    "hr",
                    0.0008664504857733846
                ],
                [
                    "bg",
                    0.0008333812584169209
                ],
                [
                    "gl",
                    0.0007467340328730643
                ],
                [
                    "bn",
                    0.0006890089134685695
                ],
                [
                    "my",
                    0.0006145803490653634
                ],
                [
                    "fa",
                    0.0005592030356638134
                ],
                [
                    "yo",
                    0.0005156571860425174
                ],
                [
                    "sl",
                    0.00048758857883512974
                ],
                [
                    "bs",
                    0.0004770914383698255
                ],
                [
                    "mn",
                    0.0004597222723532468
                ],
                [
                    "bo",
                    0.0003665959811769426
                ],
                [
                    "oc",
                    0.00036535991239361465
                ],
                [
                    "is",
                    0.0003529270179569721
                ],
                [
                    "ht",
                    0.000305022404063493
                ],
                [
                    "sk",
                    0.00029876097687520087
                ],
                [
                    "yi",
                    0.0002943089639302343
                ],
                [
                    "lv",
                    0.0002861807297449559
                ],
                [
                    "be",
                    0.00023478380171582103
                ],
                [
                    "fo",
                    0.00023163348669186234
                ],
                [
                    "ne",
                    0.0002145489997928962
                ],
                [
                    "lt",
                    0.00021315269987098873
                ],
                [
                    "sw",
                    0.000193932224647142
                ],
                [
                    "af",
