{
    "path": "/Users/cindyzhang/YouLingo/video_analysis/sampled_videos_subset/587_video.mp4",
    "audio_path": "video_analysis/sampled_audios_subset/587_video_audio.wav",
    "language": "en",
    "length_sec": 41.43,
    "vad_duration_sec": 12.24,
    "total_segment_length_sec": 0.0,
    "word_count": -1,
    "tokens": [],
    "types": [],
    "mean_sentence_length_words": -1.0,
    "wpm": -1,
    "spm": -1,
    "average_ptr": -1,
    "transcript_text": "",
    "transcript": {
        "segments": [],
        "info": {
            "language": "en",
            "duration": 41.4011875,
            "duration_after_vad": 12.24,
            "language_probability": 0.5599105358123779,
            "all_language_probs": [
                [
                    "en",
                    0.5599105358123779
                ],
                [
                    "ko",
                    0.18540257215499878
                ],
                [
                    "pt",
                    0.03431051969528198
                ],
                [
                    "ja",
                    0.024203328415751457
                ],
                [
                    "fr",
                    0.019960787147283554
                ],
                [
                    "zh",
                    0.017652852460741997
                ],
                [
                    "ru",
                    0.01732621341943741
                ],
                [
                    "de",
                    0.014722823165357113
                ],
                [
                    "nn",
                    0.013846187852323055
                ],
                [
                    "tr",
                    0.010723663493990898
                ],
                [
                    "ar",
                    0.00959678366780281
                ],
                [
                    "es",
                    0.009326213970780373
                ],
                [
                    "nl",
                    0.008497755974531174
                ],
                [
                    "la",
                    0.0077168820425868034
                ],
                [
                    "it",
                    0.0061171152628958225
                ],
                [
                    "cy",
                    0.005333666689693928
                ],
                [
                    "pl",
                    0.005208647344261408
                ],
                [
                    "jw",
                    0.005027484614402056
                ],
                [
                    "el",
                    0.003929429221898317
                ],
                [
                    "ms",
                    0.003463990520685911
                ],
                [
                    "hi",
                    0.0031088078394532204
                ],
                [
                    "vi",
                    0.0027984806802123785
                ],
                [
                    "haw",
                    0.002186364261433482
                ],
                [
                    "tl",
                    0.0018055930268019438
                ],
                [
                    "km",
                    0.001687851850874722
                ],
                [
                    "sv",
                    0.0016537874471396208
                ],
                [
                    "br",
                    0.0015615305164828897
                ],
                [
                    "th",
                    0.0014815847389400005
                ],
                [
                    "hu",
                    0.0014444839907810092
                ],
                [
                    "ur",
                    0.001433471217751503
                ],
                [
                    "ro",
                    0.00136331538669765
                ],
                [
                    "ca",
                    0.0012704007094725966
                ],
                [
                    "sn",
                    0.0011595392134040594
                ],
                [
                    "ta",
                    0.0011296827578917146
                ],
                [
                    "no",
                    0.0009650450083427131
                ],
                [
                    "mi",
                    0.0009458118584007025
                ],
                [
                    "id",
                    0.000853326462674886
                ],
                [
                    "fi",
                    0.000843685760628432
                ],
                [
                    "da",
                    0.0007856767624616623
                ],
                [
                    "uk",
                    0.0006598121835850179
                ],
                [
                    "te",
                    0.0005969616468064487
                ],
                [
                    "cs",
                    0.0005917841917835176
                ],
                [
                    "fa",
                    0.0004247532633598894
                ],
                [
                    "si",
                    0.0004210199404042214
                ],
                [
                    "he",
                    0.00040512654231861234
                ],
                [
                    "gl",
                    0.0003869222418870777
                ],
                [
                    "ml",
                    0.00037448754301294684
                ],
                [
                    "yo",
                    0.0003667176060844213
                ],
                [
                    "sl",
                    0.00036040329723618925
                ],
                [
                    "sa",
                    0.00035747725632973015
                ],
                [
                    "bs",
                    0.0003291184548288584
                ],
                [
                    "hr",
                    0.0003096568107139319
                ],
                [
                    "bn",
                    0.0003071286773774773
                ],
                [
                    "ht",
                    0.0002916453522630036
                ],
                [
                    "bo",
                    0.00022954499581828713
                ],
                [
                    "mn",
                    0.00022353090753313154
                ],
                [
                    "is",
                    0.0001981108944164589
                ],
                [
                    "oc",
                    0.0001885889214463532
                ],
                [
                    "bg",
                    0.00017420321819372475
                ],
                [
                    "sw",
                    0.00017304944049101323
                ],
                [
                    "be",
                    0.00016749941278249025
                ],
                [
                    "af",
                    0.00016094333841465414
                ],
                [
                    "yi",
                    0.0001527610293123871
                ],
                [
                    "eu",
                    0.00014928950986359268
                ],
                [
                    "sk",
                    0.0001336824643658474
                ],
                [
                    "ne",
                    0.00012776389485225081
                ],
                [
                    "fo",
                    0.00011054607603000477
                ],
                [
                    "my",
                    0.00010622437548590824
                ],
                [
                    "az",
                    7.618370000272989e-05
                ],
                [
                    "lv",
