{
    "path": "/Users/cindyzhang/YouLingo/video_analysis/sampled_videos_subset/595_video.mp4",
    "audio_path": "video_analysis/sampled_audios_subset/595_video_audio.wav",
    "language": "en",
    "length_sec": 17.42,
    "vad_duration_sec": 1.824,
    "total_segment_length_sec": 0.0,
    "word_count": -1,
    "tokens": [],
    "types": [],
    "mean_sentence_length_words": -1.0,
    "wpm": -1,
    "spm": -1,
    "average_ptr": -1,
    "transcript_text": "",
    "transcript": {
        "segments": [],
        "info": {
            "language": "en",
            "duration": 17.415,
            "duration_after_vad": 1.824,
            "language_probability": 0.7692098021507263,
            "all_language_probs": [
                [
                    "en",
                    0.7692098021507263
                ],
                [
                    "ko",
                    0.035018440335989
                ],
                [
                    "fr",
                    0.02276349626481533
                ],
                [
                    "de",
                    0.021173622459173203
                ],
                [
                    "ru",
                    0.017763616517186165
                ],
                [
                    "nn",
                    0.013384522870182991
                ],
                [
                    "km",
                    0.011452428996562958
                ],
                [
                    "la",
                    0.007453715894371271
                ],
                [
                    "ja",
                    0.007185081019997597
                ],
                [
                    "tr",
                    0.006725342012941837
                ],
                [
                    "sv",
                    0.006412056274712086
                ],
                [
                    "zh",
                    0.005567258223891258
                ],
                [
                    "es",
                    0.005194582976400852
                ],
                [
                    "da",
                    0.005051253829151392
                ],
                [
                    "pl",
                    0.005038691684603691
                ],
                [
                    "cy",
                    0.005020799580961466
                ],
                [
                    "pt",
                    0.004875491373240948
                ],
                [
                    "nl",
                    0.004304744303226471
                ],
                [
                    "si",
                    0.0033273748122155666
                ],
                [
                    "no",
                    0.0032020604703575373
                ],
                [
                    "ar",
                    0.0029595328960567713
                ],
                [
                    "hi",
                    0.0028446707874536514
                ],
                [
                    "th",
                    0.0028359973803162575
                ],
                [
                    "haw",
                    0.0026338452007621527
                ],
                [
                    "jw",
                    0.0025031547993421555
                ],
                [
                    "el",
                    0.0013490560231730342
                ],
                [
                    "uk",
                    0.0013238564133644104
                ],
                [
                    "it",
                    0.0013007702073082328
                ],
                [
                    "ro",
                    0.0012394990772008896
                ],
                [
                    "tl",
                    0.0012053872924298048
                ],
                [
                    "vi",
                    0.0011968888575211167
                ],
                [
                    "hu",
                    0.0011919407406821847
                ],
                [
                    "he",
                    0.0011847105342894793
                ],
                [
                    "cs",
                    0.0009125392534770072
                ],
                [
                    "sn",
                    0.0009001591824926436
                ],
                [
                    "ml",
                    0.0008705534273758531
                ],
                [
                    "ta",
                    0.0007851058035157621
                ],
                [
                    "te",
                    0.0007506951806135476
                ],
                [
                    "bg",
                    0.0006935049314051867
                ],
                [
                    "br",
                    0.0006721619283780456
                ],
                [
                    "fa",
                    0.0006421036086976528
                ],
                [
                    "ur",
                    0.000622828840278089
                ],
                [
                    "sa",
                    0.000602465181145817
                ],
                [
                    "sl",
                    0.0005980268470011652
                ],
                [
                    "bn",
                    0.0005429278244264424
                ],
                [
                    "ms",
                    0.0005394119070842862
                ],
                [
                    "mi",
                    0.0005118822446092963
                ],
                [
                    "fi",
                    0.00048242422053590417
                ],
                [
                    "hr",
                    0.0004721458244603127
                ],
                [
                    "is",
                    0.0004087562847416848
                ],
                [
                    "yo",
                    0.0003422159352339804
                ],
                [
                    "lt",
                    0.0003283708356320858
                ],
                [
                    "bs",
                    0.00031512221903540194
                ],
                [
                    "ht",
                    0.0003091291873715818
                ],
                [
                    "ca",
                    0.00028457355801947415
                ],
                [
                    "id",
                    0.00028372887754812837
                ],
                [
                    "my",
                    0.0002737450413405895
                ],
                [
                    "lv",
                    0.0002559593413025141
                ],
                [
                    "yi",
                    0.00023729960958007723
                ],
                [
                    "bo",
                    0.00021029275376349688
                ],
                [
                    "eu",
                    0.0001838089810917154
                ],
                [
                    "sk",
                    0.00017949900939129293
                ],
                [
                    "sw",
                    0.00017438769282307476
                ],
                [
                    "sq",
                    0.00014523399295285344
                ],
                [
                    "oc",
                    0.00014132450451143086
                ],
                [
                    "mn",
                    0.00011391080624889582
                ],
                [
                    "hy",
                    0.00010407128866063431
                ],
                [
                    "pa",
                    0.0001024267403408885
                ],
                [
                    "be",
                    9.383971337229013e-05
                ],
                [
                    "sr",
