{
    "path": "/Users/cindyzhang/YouLingo/video_analysis/sampled_videos_subset/608_video.mp4",
    "audio_path": "video_analysis/sampled_audios_subset/608_video_audio.wav",
    "language": "ko",
    "length_sec": 33.78,
    "vad_duration_sec": 22.608,
    "total_segment_length_sec": 7.7,
    "word_count": -1,
    "tokens": [],
    "types": [],
    "mean_sentence_length_words": -1.0,
    "wpm": -1,
    "spm": -1,
    "average_ptr": -1,
    "transcript_text": " 가게야맛들인 세스타를 나요, 맨이.  우리가 같이 가는데.  아, 또.  다만 희로 있는.",
    "transcript": {
        "segments": [
            {
                "id": 1,
                "start": 0.0,
                "end": 2.86,
                "text": " 가게야맛들인 세스타를 나요, 맨이.",
                "no_speech_prob": 0.1011195108294487,
                "avg_logprob": -1.1565996487935384,
                "compression_ratio": 0.9727272727272728,
                "temperature": 1.0
            },
            {
                "id": 2,
                "start": 2.86,
                "end": 4.9,
                "text": " 우리가 같이 가는데.",
                "no_speech_prob": 0.1011195108294487,
                "avg_logprob": -1.1565996487935384,
                "compression_ratio": 0.9727272727272728,
                "temperature": 1.0
            },
            {
                "id": 3,
                "start": 6.64,
                "end": 7.72,
                "text": " 아, 또.",
                "no_speech_prob": 0.1011195108294487,
                "avg_logprob": -1.1565996487935384,
                "compression_ratio": 0.9727272727272728,
                "temperature": 1.0
            },
            {
                "id": 4,
                "start": 7.72,
                "end": 9.44,
                "text": " 다만 희로 있는.",
                "no_speech_prob": 0.1011195108294487,
                "avg_logprob": -1.1565996487935384,
                "compression_ratio": 0.9727272727272728,
                "temperature": 1.0
            }
        ],
        "info": {
            "language": "ko",
            "duration": 33.738625,
            "duration_after_vad": 22.608,
            "language_probability": 0.9358339905738831,
            "all_language_probs": [
                [
                    "ko",
                    0.9358339905738831
                ],
                [
                    "en",
                    0.034035615622997284
                ],
                [
                    "ja",
                    0.0051448168233036995
                ],
                [
                    "nn",
                    0.004240835085511208
                ],
                [
                    "zh",
                    0.0028545488603413105
                ],
                [
                    "tr",
                    0.0019300977000966668
                ],
                [
                    "pl",
                    0.0014942074194550514
                ],
                [
                    "ru",
                    0.0014742874773219228
                ],
                [
                    "de",
                    0.001445078756660223
                ],
                [
                    "fr",
                    0.0014022530522197485
                ],
                [
                    "pt",
                    0.0012692667078226805
                ],
                [
                    "jw",
                    0.0011880038073286414
                ],
                [
                    "es",
                    0.0009608562104403973
                ],
                [
                    "la",
                    0.0007380578317679465
                ],
                [
                    "it",
                    0.0007137113134376705
                ],
                [
                    "km",
                    0.0006809099577367306
                ],
                [
                    "th",
                    0.0005384181276895106
                ],
                [
                    "ar",
                    0.0004500939103309065
                ],
                [
                    "vi",
                    0.00043315996299497783
                ],
                [
                    "id",
                    0.00041195034282281995
                ],
                [
                    "haw",
                    0.00031833237153477967
                ],
                [
                    "hi",
                    0.00029897288186475635
                ],
                [
                    "ms",
                    0.00019576870545279235
                ],
                [
                    "nl",
                    0.0001956697815330699
                ],
                [
                    "cy",
                    0.00012170007539680228
                ],
                [
                    "fi",
                    0.00011421625094953924
                ],
                [
                    "el",
                    0.00011231387907173485
                ],
                [
                    "ur",
                    0.00010337577987229452
                ],
                [
                    "mi",
                    9.654299356043339e-05
                ],
                [
                    "sv",
                    8.958594116847962e-05
                ],
                [
                    "hu",
                    8.9123313955497e-05
                ],
                [
                    "tl",
                    7.754163380013779e-05
                ],
                [
                    "ro",
                    7.471606659237295e-05
                ],
                [
                    "mn",
                    6.881808076286688e-05
                ],
                [
                    "br",
                    6.84387341607362e-05
                ],
                [
                    "si",
                    5.2761330152861774e-05
                ],
                [
                    "sn",
                    4.774432454723865e-05
                ],
                [
                    "cs",
                    4.7137844376266e-05
                ],
                [
                    "bo",
                    4.4029289711033925e-05
                ],
                [
                    "no",
                    4.2597883293638006e-05
                ],
                [
                    "te",
                    3.986114461440593e-05
                ],
                [
                    "ta",
                    3.8961577956797555e-05
                ],
                [
                    "my",
                    3.778363679884933e-05
                ],
                [
                    "ml",
                    3.7371733924373984e-05
                ],
                [
                    "da",
                    3.6701363569591194e-05
                ],
                [
                    "bn",
                    2.672761183930561e-05
                ],
                [
                    "eu",
                    2.2845120838610455e-05
                ],
                [
                    "ht",
                    1.9032864656765014e-05
                ],
                [
                    "uk",
                    1.8376698790234514e-05
                ],
                [
                    "fa",
                    1.656291715335101e-05
                ],
                [
                    "gl",
                    1.615751170902513e-05
                ],
                [
                    "he",
                    1.5625339074176736e-05
                ],
                [
                    "hr",
                    1.417018847860163e-05
                ],
                [
                    "yo",
                    1.2752276234095916e-05
                ],
                [
                    "bs",
                    1.2741968021146022e-05
                ],
                [
