{
    "path": "/Users/cindyzhang/YouLingo/video_analysis/sampled_videos_subset/632_video.mp4",
    "audio_path": "video_analysis/sampled_audios_subset/632_video_audio.wav",
    "language": "en",
    "length_sec": 23.12,
    "vad_duration_sec": 12.015875,
    "total_segment_length_sec": 0.0,
    "word_count": -1,
    "tokens": [],
    "types": [],
    "mean_sentence_length_words": -1.0,
    "wpm": -1,
    "spm": -1,
    "average_ptr": -1,
    "transcript_text": "",
    "transcript": {
        "segments": [],
        "info": {
            "language": "en",
            "duration": 23.103875,
            "duration_after_vad": 12.015875,
            "language_probability": 0.9086582064628601,
            "all_language_probs": [
                [
                    "en",
                    0.9086582064628601
                ],
                [
                    "ko",
                    0.023067332804203033
                ],
                [
                    "km",
                    0.013319038785994053
                ],
                [
                    "ru",
                    0.007958540692925453
                ],
                [
                    "nn",
                    0.006223533768206835
                ],
                [
                    "pt",
                    0.0048099723644554615
                ],
                [
                    "fr",
                    0.0033846674486994743
                ],
                [
                    "ja",
                    0.0032658639829605818
                ],
                [
                    "es",
                    0.0028531537391245365
                ],
                [
                    "haw",
                    0.0027125205378979445
                ],
                [
                    "de",
                    0.002680542878806591
                ],
                [
                    "zh",
                    0.002190325642004609
                ],
                [
                    "jw",
                    0.0020407435949891806
                ],
                [
                    "tr",
                    0.0019448637031018734
                ],
                [
                    "nl",
                    0.0016092639416456223
                ],
                [
                    "cy",
                    0.0013820759486407042
                ],
                [
                    "la",
                    0.0013202696572989225
                ],
                [
                    "vi",
                    0.0009854933014139533
                ],
                [
                    "th",
                    0.0009283378021791577
                ],
                [
                    "pl",
                    0.0008909016032703221
                ],
                [
                    "tl",
                    0.0007194994250312448
                ],
                [
                    "it",
                    0.000717391143552959
                ],
                [
                    "hi",
                    0.0006310092867352068
                ],
                [
                    "sn",
                    0.0003981004992965609
                ],
                [
                    "ar",
                    0.0003901998861692846
                ],
                [
                    "sv",
                    0.00038290026714093983
                ],
                [
                    "si",
                    0.0003173134755343199
                ],
                [
                    "ta",
                    0.0002986788749694824
                ],
                [
                    "da",
                    0.00028989286511205137
                ],
                [
                    "mi",
                    0.00025751584325917065
                ],
                [
                    "hu",
                    0.00024687853874638677
                ],
                [
                    "id",
                    0.00021892636141274124
                ],
                [
                    "te",
                    0.00020632609084714204
                ],
                [
                    "ml",
                    0.00018754162010736763
                ],
                [
                    "yo",
                    0.0001793029805412516
                ],
                [
                    "cs",
                    0.00016156432684510946
                ],
                [
                    "ur",
                    0.00015638934564776719
                ],
                [
                    "ro",
                    0.0001540765370009467
                ],
                [
                    "br",
                    0.00015281540981959552
                ],
                [
                    "no",
                    0.00013586616842076182
                ],
                [
                    "uk",
                    0.00011952517525060102
                ],
                [
                    "ms",
                    0.0001177005106001161
                ],
                [
                    "fi",
                    0.00010743676102720201
                ],
                [
                    "el",
                    9.939706797013059e-05
                ],
                [
                    "my",
                    9.017003321787342e-05
                ],
                [
                    "eu",
                    8.732215064810589e-05
                ],
                [
                    "ht",
                    7.944754179334268e-05
                ],
                [
                    "fo",
                    7.166283467086032e-05
                ],
                [
                    "yi",
                    6.595219747396186e-05
                ],
                [
                    "hr",
                    6.20749342488125e-05
                ],
                [
                    "bg",
                    5.117874388815835e-05
                ],
                [
                    "bn",
                    4.986933709005825e-05
                ],
                [
                    "is",
                    4.295186226954684e-05
                ],
                [
                    "sa",
                    3.9966413169167936e-05
                ],
                [
                    "bs",
                    3.8900296203792095e-05
                ],
                [
                    "lv",
                    3.4713157219812274e-05
                ],
                [
                    "ca",
                    3.379477493581362e-05
                ],
                [
                    "mn",
                    3.240884325350635e-05
                ],
                [
                    "he",
                    3.160904088872485e-05
                ],
                [
                    "fa",
                    3.120886321994476e-05
                ],
                [
                    "af",
                    2.637334182509221e-05
                ],
                [
                    "bo",
                    2.4283683160319924e-05
                ],
                [
                    "sl",
                    2.4192955606849864e-05
                ],
                [
                    "lt",
                    2.3404827516060323e-05
                ],
                [
                    "be",
                    2.142418634321075e-05
                ],
                [
                    "pa",
                    1.8085589545080438e-05
                ],
                [
                    "ne",
                    1.524722119938815e-05
                ],
                [
                    "gl",
                    1.4320667105494067e-05
                ],
                [
                    "sk",
                    1.3395806490734685e-05
                ],
