{
    "path": "/Users/cindyzhang/YouLingo/video_analysis/sampled_videos_subset/647_video.mp4",
    "audio_path": "video_analysis/sampled_audios_subset/647_video_audio.wav",
    "language": "en",
    "length_sec": 8.48,
    "vad_duration_sec": 3.260875,
    "total_segment_length_sec": 0.0,
    "word_count": -1,
    "tokens": [],
    "types": [],
    "mean_sentence_length_words": -1.0,
    "wpm": -1,
    "spm": -1,
    "average_ptr": -1,
    "transcript_text": "",
    "transcript": {
        "segments": [],
        "info": {
            "language": "en",
            "duration": 8.428875,
            "duration_after_vad": 3.260875,
            "language_probability": 0.2866809368133545,
            "all_language_probs": [
                [
                    "en",
                    0.2866809368133545
                ],
                [
                    "ko",
                    0.12392709404230118
                ],
                [
                    "pt",
                    0.07794739305973053
                ],
                [
                    "es",
                    0.06718184053897858
                ],
                [
                    "ru",
                    0.04652738198637962
                ],
                [
                    "zh",
                    0.04509717598557472
                ],
                [
                    "ja",
                    0.04357923939824104
                ],
                [
                    "it",
                    0.043049879372119904
                ],
                [
                    "fr",
                    0.04042322561144829
                ],
                [
                    "nn",
                    0.028761569410562515
                ],
                [
                    "km",
                    0.027504537254571915
                ],
                [
                    "jw",
                    0.01796923764050007
                ],
                [
                    "de",
                    0.017353180795907974
                ],
                [
                    "nl",
                    0.015901805832982063
                ],
                [
                    "pl",
                    0.011897142045199871
                ],
                [
                    "hi",
                    0.009682875126600266
                ],
                [
                    "vi",
                    0.009580329991877079
                ],
                [
                    "la",
                    0.007494772784411907
                ],
                [
                    "id",
                    0.006126425229012966
                ],
                [
                    "cy",
                    0.0054885405115783215
                ],
                [
                    "th",
                    0.00536396075040102
                ],
                [
                    "sv",
                    0.00463856291025877
                ],
                [
                    "ro",
                    0.0036630872637033463
                ],
                [
                    "tr",
                    0.0036165667697787285
                ],
                [
                    "cs",
                    0.0035849129781126976
                ],
                [
                    "tl",
                    0.0035027635749429464
                ],
                [
                    "ar",
                    0.003439679043367505
                ],
                [
                    "ms",
                    0.0032997180242091417
                ],
                [
                    "el",
                    0.0032446160912513733
                ],
                [
                    "ta",
                    0.002450148342177272
                ],
                [
                    "ca",
                    0.002429783111438155
                ],
                [
                    "hu",
                    0.0021301330998539925
                ],
                [
                    "no",
                    0.0020561544224619865
                ],
                [
                    "fi",
                    0.002019215375185013
                ],
                [
                    "te",
                    0.0018417140236124396
                ],
                [
                    "ur",
                    0.0017858659848570824
                ],
                [
                    "haw",
                    0.001606958219781518
                ],
                [
                    "uk",
                    0.0014821228105574846
                ],
                [
                    "ml",
                    0.001235003350302577
                ],
                [
                    "si",
                    0.0012035712134093046
                ],
                [
                    "sn",
                    0.0010465496452525258
                ],
                [
                    "mi",
                    0.0010408323723822832
                ],
                [
                    "hr",
                    0.0008386597037315369
                ],
                [
                    "da",
                    0.0008100531413219869
                ],
                [
                    "eu",
                    0.0007966009434312582
                ],
                [
                    "gl",
                    0.0006705222185701132
                ],
                [
                    "sk",
                    0.00064701063092798
                ],
                [
                    "sa",
                    0.000558276369702071
                ],
                [
                    "bg",
                    0.0005175655824132264
                ],
                [
                    "br",
                    0.0004898679908365011
                ],
                [
                    "bs",
                    0.00045364483958110213
                ],
                [
                    "sl",
                    0.0004092880990356207
                ],
                [
                    "be",
                    0.0003548270324245095
                ],
                [
                    "he",
                    0.0003483726177364588
                ],
                [
                    "yo",
                    0.0003050996456295252
                ],
                [
                    "my",
                    0.0003009219071827829
                ],
                [
                    "bn",
                    0.00029200821882113814
                ],
                [
                    "fa",
                    0.00026164777227677405
                ],
                [
                    "oc",
                    0.00024970807135105133
                ],
                [
                    "ht",
                    0.00024951918749138713
                ],
                [
                    "mn",
                    0.00023461606178898364
                ],
                [
                    "bo",
                    0.00019713993242476135
                ],
                [
                    "fo",
                    0.00018390128389000893
                ],
                [
                    "is",
                    0.00016482171486131847
                ],
                [
                    "lv",
                    0.0001543289836263284
                ],
                [
                    "lt",
                    0.00014883727999404073
                ],
                [
                    "ne",
                    0.00014288187958300114
                ],
                [
                    "sw",
                    0.00013057216710876673
                ],
                [
                    "af",
                    0.0001259494456462562
                ],
                [
                    "et",
