{
    "path": "/Users/cindyzhang/YouLingo/video_analysis/sampled_videos_subset/676_video.mp4",
    "audio_path": "video_analysis/sampled_audios_subset/676_video_audio.wav",
    "language": "nl",
    "length_sec": 22.73,
    "vad_duration_sec": 19.2459375,
    "total_segment_length_sec": 0.0,
    "word_count": -1,
    "tokens": [],
    "types": [],
    "mean_sentence_length_words": -1.0,
    "wpm": -1,
    "spm": -1,
    "average_ptr": -1,
    "transcript_text": "",
    "transcript": {
        "segments": [],
        "info": {
            "language": "nl",
            "duration": 22.6859375,
            "duration_after_vad": 19.2459375,
            "language_probability": 0.6367470622062683,
            "all_language_probs": [
                [
                    "nl",
                    0.6367470622062683
                ],
                [
                    "en",
                    0.29827001690864563
                ],
                [
                    "de",
                    0.030942924320697784
                ],
                [
                    "ja",
                    0.004541031550616026
                ],
                [
                    "fr",
                    0.0036509938072413206
                ],
                [
                    "pt",
                    0.0034831047523766756
                ],
                [
                    "nn",
                    0.002359624719247222
                ],
                [
                    "cy",
                    0.002249655080959201
                ],
                [
                    "la",
                    0.0018422892317175865
                ],
                [
                    "zh",
                    0.0017006213311105967
                ],
                [
                    "el",
                    0.0013473925646394491
                ],
                [
                    "pl",
                    0.0012618603650480509
                ],
                [
                    "fi",
                    0.0009645832469686866
                ],
                [
                    "es",
                    0.0008547690231353045
                ],
                [
                    "it",
                    0.0007945705438032746
                ],
                [
                    "da",
                    0.0007345689227804542
                ],
                [
                    "af",
                    0.0006432664813473821
                ],
                [
                    "ar",
                    0.0006371616036631167
                ],
                [
                    "br",
                    0.0005902945413254201
                ],
                [
                    "ru",
                    0.000575796642806381
                ],
                [
                    "tr",
                    0.0004910656134597957
                ],
                [
                    "hi",
                    0.00048402021639049053
                ],
                [
                    "ca",
                    0.0004478487535379827
                ],
                [
                    "jw",
                    0.0004021587083116174
                ],
                [
                    "ko",
                    0.00039131153607741
                ],
                [
                    "hu",
                    0.00033609886304475367
                ],
                [
                    "vi",
                    0.0002975672541651875
                ],
                [
                    "ur",
                    0.0002808950375765562
                ],
                [
                    "ms",
                    0.0002699067408684641
                ],
                [
                    "sv",
                    0.00024810375180095434
                ],
                [
                    "mi",
                    0.00024303319514729083
                ],
                [
                    "cs",
                    0.0002377039782004431
                ],
                [
                    "haw",
                    0.00019935201271437109
                ],
                [
                    "tl",
                    0.00012638854968827218
                ],
                [
                    "km",
                    0.0001219415498781018
                ],
                [
                    "th",
                    0.00011321187776047736
                ],
                [
                    "is",
                    0.00011035585339413956
                ],
                [
                    "eu",
                    0.0001049017664627172
                ],
                [
                    "sn",
                    9.424376912647858e-05
                ],
                [
                    "id",
                    8.74114703037776e-05
                ],
                [
                    "gl",
                    7.167042349465191e-05
                ],
                [
                    "ta",
                    5.443648842629045e-05
                ],
                [
                    "no",
                    4.972980605089106e-05
                ],
                [
                    "yi",
                    4.8448546294821426e-05
                ],
                [
                    "yo",
                    4.101803642697632e-05
                ],
                [
                    "sa",
                    3.500297316350043e-05
                ],
                [
                    "lv",
                    3.381431451998651e-05
                ],
                [
                    "et",
                    3.0501207220368087e-05
                ],
                [
                    "he",
                    2.5340996216982603e-05
                ],
                [
                    "ht",
                    2.414487607893534e-05
                ],
                [
                    "fa",
                    2.3640934159629978e-05
                ],
                [
                    "oc",
                    2.329673407075461e-05
                ],
                [
                    "ml",
                    2.2545174942933954e-05
                ],
                [
                    "uk",
                    1.96385954041034e-05
                ],
                [
                    "sl",
                    1.8613993233884685e-05
                ],
                [
                    "bn",
                    1.834917566156946e-05
                ],
                [
                    "my",
                    1.552404683025088e-05
                ],
                [
                    "sk",
                    1.2899217836093158e-05
                ],
                [
                    "ne",
                    1.1424303920648526e-05
                ],
                [
                    "fo",
                    1.1349980923114344e-05
                ],
                [
                    "bg",
                    1.106517174775945e-05
                ],
                [
                    "bs",
                    1.0899525477725547e-05
                ],
                [
                    "mn",
                    9.898156349663623e-06
                ],
                [
                    "ro",
                    9.815042176342104e-06
                ],
                [
                    "bo",
                    9.677750313130673e-06
                ],
                [
                    "si",
                    8.447775144304615e-06
                ],
                [
                    "sw",
                    8.37380503071472e-06
                ],
                [
                    "hr",
                    8.15726616565371e-06
                ],
                [
                    "pa",
                    7.66940229368629e-06
                ],
