{
    "path": "/Users/cindyzhang/YouLingo/video_analysis/sampled_videos_subset/68_video.mp4",
    "audio_path": "video_analysis/sampled_audios_subset/68_video_audio.wav",
    "language": "en",
    "length_sec": 11.28,
    "vad_duration_sec": 1.760625,
    "total_segment_length_sec": 0.0,
    "word_count": -1,
    "tokens": [],
    "types": [],
    "mean_sentence_length_words": -1.0,
    "wpm": -1,
    "spm": -1,
    "average_ptr": -1,
    "transcript_text": "",
    "transcript": {
        "segments": [],
        "info": {
            "language": "en",
            "duration": 11.216625,
            "duration_after_vad": 1.760625,
            "language_probability": 0.33425378799438477,
            "all_language_probs": [
                [
                    "en",
                    0.33425378799438477
                ],
                [
                    "jw",
                    0.1149454414844513
                ],
                [
                    "ko",
                    0.07576736062765121
                ],
                [
                    "nn",
                    0.06348350644111633
                ],
                [
                    "ja",
                    0.044080596417188644
                ],
                [
                    "ru",
                    0.040516845881938934
                ],
                [
                    "zh",
                    0.03587522730231285
                ],
                [
                    "es",
                    0.025656970217823982
                ],
                [
                    "pt",
                    0.023876026272773743
                ],
                [
                    "km",
                    0.01736804097890854
                ],
                [
                    "hi",
                    0.01694522425532341
                ],
                [
                    "tr",
                    0.015605075284838676
                ],
                [
                    "fr",
                    0.015325548127293587
                ],
                [
                    "de",
                    0.014980457723140717
                ],
                [
                    "nl",
                    0.014146427623927593
                ],
                [
                    "ms",
                    0.011087924242019653
                ],
                [
                    "cy",
                    0.009062827564775944
                ],
                [
                    "ar",
                    0.009037064388394356
                ],
                [
                    "th",
                    0.008941221982240677
                ],
                [
                    "id",
                    0.008640464395284653
                ],
                [
                    "la",
                    0.008383143693208694
                ],
                [
                    "vi",
                    0.0078008901327848434
                ],
                [
                    "pl",
                    0.0066895619966089725
                ],
                [
                    "it",
                    0.005526644643396139
                ],
                [
                    "ta",
                    0.0052324868738651276
                ],
                [
                    "haw",
                    0.0050207157619297504
                ],
                [
                    "te",
                    0.004532021004706621
                ],
                [
                    "el",
                    0.004100923892110586
                ],
                [
                    "tl",
                    0.004075480625033379
                ],
                [
                    "ro",
                    0.003957040142267942
                ],
                [
                    "ml",
                    0.0034227699507027864
                ],
                [
                    "br",
                    0.003355309832841158
                ],
                [
                    "sv",
                    0.003278606105595827
                ],
                [
                    "uk",
                    0.0031485187355428934
                ],
                [
                    "sn",
                    0.0031402509193867445
                ],
                [
                    "ur",
                    0.0031113862060010433
                ],
                [
                    "sa",
                    0.0028990358114242554
                ],
                [
                    "si",
                    0.0024325016420334578
                ],
                [
                    "fi",
                    0.00195265281945467
                ],
                [
                    "hu",
                    0.0019057670142501593
                ],
                [
                    "mi",
                    0.0013712365180253983
                ],
                [
                    "cs",
                    0.0012441604631021619
                ],
                [
                    "ca",
                    0.0010873748688027263
                ],
                [
                    "da",
                    0.0010785517515614629
                ],
                [
                    "no",
                    0.0009165774681605399
                ],
                [
                    "he",
                    0.0008701466722413898
                ],
                [
                    "gl",
                    0.0008683908963575959
                ],
                [
                    "bg",
                    0.0007911650463938713
                ],
                [
                    "bn",
                    0.0006908680661581457
                ],
                [
                    "fa",
                    0.0005433171172626317
                ],
                [
                    "fo",
                    0.0005301691708154976
                ],
                [
                    "yo",
                    0.000507346645463258
                ],
                [
                    "mn",
                    0.0004846791853196919
                ],
                [
                    "hr",
                    0.00048324401723220944
                ],
                [
                    "be",
                    0.0004778405127581209
                ],
                [
                    "my",
                    0.00032789623946882784
                ],
                [
                    "sl",
                    0.0002904110588133335
                ],
                [
                    "sk",
                    0.0002899269456975162
                ],
                [
                    "hy",
                    0.00028141713119111955
                ],
                [
                    "bo",
                    0.00024986686185002327
                ],
                [
                    "lo",
                    0.0002497458190191537
                ],
                [
                    "sw",
                    0.00023871254234109074
                ],
                [
                    "eu",
                    0.00021842140995431691
                ],
                [
                    "ne",
                    0.00020877356291748583
                ],
                [
                    "oc",
                    0.0001805952488211915
                ],
                [
                    "bs",
                    0.00015709402214270085
                ],
                [
                    "az",
                    0.00015679618809372187
                ],
                [
                    "yi",
                    0.00015282542153727263
                ],
                [
                    "ps",
                    0.0001454644516343251
                ],
                [
                    "af",
