{
    "path": "/Users/cindyzhang/YouLingo/video_analysis/sampled_videos_subset/693_video.mp4",
    "audio_path": "video_analysis/sampled_audios_subset/693_video_audio.wav",
    "language": "en",
    "length_sec": 10.43,
    "vad_duration_sec": 10.4025625,
    "total_segment_length_sec": 0.0,
    "word_count": -1,
    "tokens": [],
    "types": [],
    "mean_sentence_length_words": -1.0,
    "wpm": -1,
    "spm": -1,
    "average_ptr": -1,
    "transcript_text": "",
    "transcript": {
        "segments": [],
        "info": {
            "language": "en",
            "duration": 10.4025625,
            "duration_after_vad": 10.4025625,
            "language_probability": 0.4066203832626343,
            "all_language_probs": [
                [
                    "en",
                    0.4066203832626343
                ],
                [
                    "pt",
                    0.2611088752746582
                ],
                [
                    "ru",
                    0.03512111306190491
                ],
                [
                    "fr",
                    0.03247800096869469
                ],
                [
                    "es",
                    0.02913031168282032
                ],
                [
                    "ko",
                    0.024223988875746727
                ],
                [
                    "de",
                    0.01665630377829075
                ],
                [
                    "ar",
                    0.014782204292714596
                ],
                [
                    "nl",
                    0.014136211015284061
                ],
                [
                    "tr",
                    0.009621284902095795
                ],
                [
                    "zh",
                    0.009503445588052273
                ],
                [
                    "it",
                    0.009077475406229496
                ],
                [
                    "hi",
                    0.009020449593663216
                ],
                [
                    "ja",
                    0.008439434692263603
                ],
                [
                    "ro",
                    0.006715233903378248
                ],
                [
                    "nn",
                    0.00654539093375206
                ],
                [
                    "sv",
                    0.006081416271626949
                ],
                [
                    "pl",
                    0.006035972386598587
                ],
                [
                    "yo",
                    0.0052121286280453205
                ],
                [
                    "la",
                    0.004822311922907829
                ],
                [
                    "tl",
                    0.004629900678992271
                ],
                [
                    "jw",
                    0.00453395489603281
                ],
                [
                    "haw",
                    0.004483368713408709
                ],
                [
                    "ur",
                    0.004199954681098461
                ],
                [
                    "cy",
                    0.0038523676339536905
                ],
                [
                    "el",
                    0.003481553867459297
                ],
                [
                    "sn",
                    0.003427358577027917
                ],
                [
                    "da",
                    0.0032917801290750504
                ],
                [
                    "ms",
                    0.0030979688744992018
                ],
                [
                    "bs",
                    0.00298551213927567
                ],
                [
                    "he",
                    0.002838762244209647
                ],
                [
                    "ht",
                    0.0026653835084289312
                ],
                [
                    "ca",
                    0.0022137335035949945
                ],
                [
                    "sl",
                    0.0021182294003665447
                ],
                [
                    "mi",
                    0.002045221161097288
                ],
                [
                    "hr",
                    0.0020026324782520533
                ],
                [
                    "cs",
                    0.0018327920697629452
                ],
                [
                    "uk",
                    0.00171221315395087
                ],
                [
                    "te",
                    0.00164678820874542
                ],
                [
                    "km",
                    0.0015488602221012115
                ],
                [
                    "ta",
                    0.001524896128103137
                ],
                [
                    "yi",
                    0.0015141197945922613
                ],
                [
                    "sw",
                    0.0013858758611604571
                ],
                [
                    "br",
                    0.0013121715746819973
                ],
                [
                    "gl",
                    0.0012621107744053006
                ],
                [
                    "id",
                    0.00109991489443928
                ],
                [
                    "bg",
                    0.001098416862078011
                ],
                [
                    "vi",
                    0.0010829614475369453
                ],
                [
                    "no",
                    0.0010134668555110693
                ],
                [
                    "hu",
                    0.0009854906238615513
                ],
                [
                    "th",
                    0.0008471939945593476
                ],
                [
                    "fa",
                    0.0008406492415815592
                ],
                [
                    "bn",
                    0.000834694888908416
                ],
                [
                    "af",
                    0.0007741547306068242
                ],
                [
                    "oc",
                    0.0007166882860474288
                ],
                [
                    "lt",
                    0.0006118810852058232
                ],
                [
                    "fi",
                    0.0005897616501897573
                ],
                [
                    "bo",
                    0.0005734572187066078
                ],
                [
                    "fo",
                    0.0005629074876196682
                ],
                [
                    "si",
                    0.0005438411026261747
                ],
                [
                    "sd",
                    0.0005188279319554567
                ],
                [
                    "my",
                    0.0005187621572986245
                ],
                [
                    "lv",
                    0.0004720606957562268
                ],
                [
                    "ne",
                    0.000438815652159974
                ],
                [
                    "eu",
                    0.00037004423211328685
                ],
                [
                    "ml",
                    0.0003629248240031302
                ],
                [
                    "sa",
                    0.0003600764903239906
                ],
                [
                    "sr",
                    0.0003397718828637153
                ],
                [
                    "mn",
                    0.00033957784762606025
                ],
                [
                    "is",
