{
    "path": "/Users/cindyzhang/YouLingo/video_analysis/sampled_videos_subset/718_video.mp4",
    "audio_path": "video_analysis/sampled_audios_subset/718_video_audio.wav",
    "language": "en",
    "length_sec": 59.07,
    "vad_duration_sec": 0.944,
    "total_segment_length_sec": 0.0,
    "word_count": -1,
    "tokens": [],
    "types": [],
    "mean_sentence_length_words": -1.0,
    "wpm": -1,
    "spm": -1,
    "average_ptr": -1,
    "transcript_text": "",
    "transcript": {
        "segments": [],
        "info": {
            "language": "en",
            "duration": 59.04975,
            "duration_after_vad": 0.944,
            "language_probability": 0.5139650106430054,
            "all_language_probs": [
                [
                    "en",
                    0.5139650106430054
                ],
                [
                    "ko",
                    0.16588105261325836
                ],
                [
                    "ja",
                    0.056024886667728424
                ],
                [
                    "zh",
                    0.03560425341129303
                ],
                [
                    "nn",
                    0.02569383755326271
                ],
                [
                    "ru",
                    0.0251446645706892
                ],
                [
                    "fr",
                    0.023819683119654655
                ],
                [
                    "pt",
                    0.01533194538205862
                ],
                [
                    "es",
                    0.011371470987796783
                ],
                [
                    "jw",
                    0.009637266397476196
                ],
                [
                    "cy",
                    0.008100452832877636
                ],
                [
                    "it",
                    0.008071004413068295
                ],
                [
                    "la",
                    0.007176973391324282
                ],
                [
                    "nl",
                    0.007042153272777796
                ],
                [
                    "tr",
                    0.0070052784867584705
                ],
                [
                    "de",
                    0.006748498417437077
                ],
                [
                    "pl",
                    0.006442072335630655
                ],
                [
                    "ar",
                    0.00610376475378871
                ],
                [
                    "hi",
                    0.00573905510827899
                ],
                [
                    "th",
                    0.005698755849152803
                ],
                [
                    "haw",
                    0.004657158628106117
                ],
                [
                    "id",
                    0.0036868045572191477
                ],
                [
                    "vi",
                    0.00360319297760725
                ],
                [
                    "ms",
                    0.003331538289785385
                ],
                [
                    "km",
                    0.0027564160991460085
                ],
                [
                    "tl",
                    0.002705640159547329
                ],
                [
                    "fi",
                    0.002337105805054307
                ],
                [
                    "te",
                    0.0018566265935078263
                ],
                [
                    "el",
                    0.0017595060635358095
                ],
                [
                    "sv",
                    0.001758893602527678
                ],
                [
                    "br",
                    0.0015535021666437387
                ],
                [
                    "cs",
                    0.0012772521004080772
                ],
                [
                    "hu",
                    0.0012334288330748677
                ],
                [
                    "ml",
                    0.0011801604414358735
                ],
                [
                    "mi",
                    0.0010620426619425416
                ],
                [
                    "ta",
                    0.0010024550138041377
                ],
                [
                    "ro",
                    0.000983503763563931
                ],
                [
                    "uk",
                    0.000914646137971431
                ],
                [
                    "ur",
                    0.0008364163222722709
                ],
                [
                    "sn",
                    0.0008314711158163846
                ],
                [
                    "da",
                    0.0008146932814270258
                ],
                [
                    "no",
                    0.000754327280446887
                ],
                [
                    "si",
                    0.0007451361161656678
                ],
                [
                    "ca",
                    0.0006468793726526201
                ],
                [
                    "sa",
                    0.0004661733109969646
                ],
                [
                    "he",
                    0.0004625715664587915
                ],
                [
                    "mn",
                    0.0004259214911144227
                ],
                [
                    "hr",
                    0.00039980572182685137
                ],
                [
                    "bn",
                    0.00034103140933439136
                ],
                [
                    "gl",
                    0.0003355079679749906
                ],
                [
                    "bg",
                    0.0003328364109620452
                ],
                [
                    "fa",
                    0.0003214613243471831
                ],
                [
                    "sl",
                    0.0003080591559410095
                ],
                [
                    "my",
                    0.0002750071289483458
                ],
                [
                    "sk",
                    0.00026239058934152126
                ],
                [
                    "bo",
                    0.0002561112632974982
                ],
                [
                    "bs",
                    0.00024713599123060703
                ],
                [
                    "yo",
                    0.00024533813120797276
                ],
                [
                    "eu",
                    0.00024048778868746012
                ],
                [
                    "be",
                    0.0001709487260086462
                ],
                [
                    "is",
                    0.00016536761540919542
                ],
                [
                    "oc",
                    0.00015608403191436082
                ],
                [
                    "ht",
                    0.0001559072989039123
                ],
                [
                    "ne",
                    0.00014935601211618632
                ],
                [
                    "af",
                    0.00012624349619727582
                ],
                [
                    "fo",
                    0.00011111651838291436
                ],
                [
                    "lv",
                    9.927817154675722e-05
                ],
                [
                    "az",
                    8.996019460028037e-05
                ],
                [
                    "yi",
                    8.925058500608429e-05
                ],
                [
                    "sw",
