{
    "path": "/Users/cindyzhang/YouLingo/video_analysis/sampled_videos_subset/721_video.mp4",
    "audio_path": "video_analysis/sampled_audios_subset/721_video_audio.wav",
    "language": "en",
    "length_sec": 15.05,
    "vad_duration_sec": 11.9905625,
    "total_segment_length_sec": 0.0,
    "word_count": -1,
    "tokens": [],
    "types": [],
    "mean_sentence_length_words": -1.0,
    "wpm": -1,
    "spm": -1,
    "average_ptr": -1,
    "transcript_text": "",
    "transcript": {
        "segments": [],
        "info": {
            "language": "en",
            "duration": 15.0465625,
            "duration_after_vad": 11.9905625,
            "language_probability": 0.5913266539573669,
            "all_language_probs": [
                [
                    "en",
                    0.5913266539573669
                ],
                [
                    "ko",
                    0.19886797666549683
                ],
                [
                    "ja",
                    0.016385186463594437
                ],
                [
                    "pt",
                    0.015608261339366436
                ],
                [
                    "fr",
                    0.015253590419888496
                ],
                [
                    "sn",
                    0.01322976779192686
                ],
                [
                    "jw",
                    0.012573218904435635
                ],
                [
                    "zh",
                    0.012109202332794666
                ],
                [
                    "tl",
                    0.011918772011995316
                ],
                [
                    "km",
                    0.010016234591603279
                ],
                [
                    "yo",
                    0.00954421516507864
                ],
                [
                    "es",
                    0.00918620079755783
                ],
                [
                    "haw",
                    0.008791562169790268
                ],
                [
                    "tr",
                    0.005197449587285519
                ],
                [
                    "th",
                    0.004954648204147816
                ],
                [
                    "ar",
                    0.004855485633015633
                ],
                [
                    "ht",
                    0.004609778057783842
                ],
                [
                    "hi",
                    0.00459502125158906
                ],
                [
                    "de",
                    0.004406435880810022
                ],
                [
                    "te",
                    0.0034772460348904133
                ],
                [
                    "vi",
                    0.002837216015905142
                ],
                [
                    "cy",
                    0.002596935024484992
                ],
                [
                    "mi",
                    0.0023035649210214615
                ],
                [
                    "ru",
                    0.0018794229254126549
                ],
                [
                    "ur",
                    0.0017770759295672178
                ],
                [
                    "it",
                    0.001757952617481351
                ],
                [
                    "id",
                    0.001704510417766869
                ],
                [
                    "nl",
                    0.001619853312149644
                ],
                [
                    "ta",
                    0.0015834963414818048
                ],
                [
                    "my",
                    0.001550704357214272
                ],
                [
                    "nn",
                    0.0015273684402927756
                ],
                [
                    "pl",
                    0.0015243859961628914
                ],
                [
                    "br",
                    0.0014496161602437496
                ],
                [
                    "da",
                    0.001412982470355928
                ],
                [
                    "ms",
                    0.001322806579992175
                ],
                [
                    "la",
                    0.0012120604515075684
                ],
                [
                    "ro",
                    0.0011706006480380893
                ],
                [
                    "el",
                    0.001133015495724976
                ],
                [
                    "sv",
                    0.0009979535825550556
                ],
                [
                    "ml",
                    0.0009735376806929708
                ],
                [
                    "si",
                    0.0008425041451118886
                ],
                [
                    "bn",
                    0.0006830443744547665
                ],
                [
                    "sw",
                    0.0006677821511402726
                ],
                [
                    "bs",
                    0.0005944567965343595
                ],
                [
                    "mn",
                    0.0005664948257617652
                ],
                [
                    "ne",
                    0.000550233235117048
                ],
                [
                    "hr",
                    0.0004955226322636008
                ],
                [
                    "he",
                    0.0004685618623625487
                ],
                [
                    "hu",
                    0.00046810496132820845
                ],
                [
                    "fa",
                    0.0004298030980862677
                ],
                [
                    "yi",
                    0.00042367607238702476
                ],
                [
                    "no",
                    0.000375115021597594
                ],
                [
                    "bo",
                    0.0003428504860494286
                ],
                [
                    "cs",
                    0.00033919551060535014
                ],
                [
                    "lo",
                    0.0002972697839140892
                ],
                [
                    "fo",
                    0.00028618297073990107
                ],
                [
                    "gl",
                    0.00023097793746273965
                ],
                [
                    "uk",
                    0.0002297242172062397
                ],
                [
                    "sa",
                    0.0002130689099431038
                ],
                [
                    "sl",
                    0.00017063393897842616
                ],
                [
                    "fi",
                    0.00016913097351789474
                ],
                [
                    "oc",
                    0.00015972564870025963
                ],
                [
                    "eu",
                    0.0001508879504399374
                ],
                [
                    "hy",
                    0.00013558597129303962
                ],
                [
                    "bg",
                    0.00013473138096742332
                ],
                [
                    "is",
                    0.00012790804612450302
                ],
                [
                    "ca",
                    0.0001233293442055583
                ],
                [
                    "sd",
                    0.0001105584524339065
                ],
                [
                    "be",
                    8.422956307185814e-05
                ],
                [
                    "ln",
