{
    "path": "/Users/cindyzhang/YouLingo/video_analysis/sampled_videos_subset/738_video.mp4",
    "audio_path": "video_analysis/sampled_audios_subset/738_video_audio.wav",
    "language": "en",
    "length_sec": 19.87,
    "vad_duration_sec": 18.7185,
    "total_segment_length_sec": 0.0,
    "word_count": -1,
    "tokens": [],
    "types": [],
    "mean_sentence_length_words": -1.0,
    "wpm": -1,
    "spm": -1,
    "average_ptr": -1,
    "transcript_text": "",
    "transcript": {
        "segments": [],
        "info": {
            "language": "en",
            "duration": 19.8545,
            "duration_after_vad": 18.7185,
            "language_probability": 0.8170526027679443,
            "all_language_probs": [
                [
                    "en",
                    0.8170526027679443
                ],
                [
                    "ko",
                    0.025720110163092613
                ],
                [
                    "la",
                    0.01589350961148739
                ],
                [
                    "ja",
                    0.011925095692276955
                ],
                [
                    "zh",
                    0.0111062778159976
                ],
                [
                    "pt",
                    0.010788869112730026
                ],
                [
                    "cy",
                    0.010433820076286793
                ],
                [
                    "haw",
                    0.010160579346120358
                ],
                [
                    "es",
                    0.00957739632576704
                ],
                [
                    "nn",
                    0.00911539327353239
                ],
                [
                    "jw",
                    0.0082012377679348
                ],
                [
                    "fr",
                    0.0077612437307834625
                ],
                [
                    "ru",
                    0.00613449839875102
                ],
                [
                    "de",
                    0.005444939248263836
                ],
                [
                    "tr",
                    0.004607018548995256
                ],
                [
                    "nl",
                    0.003478127531707287
                ],
                [
                    "it",
                    0.003405975177884102
                ],
                [
                    "ar",
                    0.0034035625867545605
                ],
                [
                    "pl",
                    0.003262021578848362
                ],
                [
                    "km",
                    0.002237082691863179
                ],
                [
                    "hi",
                    0.0014960522530600429
                ],
                [
                    "br",
                    0.0012958927545696497
                ],
                [
                    "el",
                    0.0011937855742871761
                ],
                [
                    "ms",
                    0.0010566918645054102
                ],
                [
                    "sv",
                    0.0009651072323322296
                ],
                [
                    "mi",
                    0.000909297086764127
                ],
                [
                    "sa",
                    0.0008234257693402469
                ],
                [
                    "vi",
                    0.0007997434586286545
                ],
                [
                    "sn",
                    0.0007560966187156737
                ],
                [
                    "tl",
                    0.0006930099334567785
                ],
                [
                    "ur",
                    0.0006832666113041341
                ],
                [
                    "hu",
                    0.0006347238086163998
                ],
                [
                    "ta",
                    0.0005962314317002892
                ],
                [
                    "th",
                    0.0005743336514569819
                ],
                [
                    "fi",
                    0.0005595972179435194
                ],
                [
                    "ro",
                    0.0004214327491354197
                ],
                [
                    "ca",
                    0.0004131191526539624
                ],
                [
                    "id",
                    0.0004105028056073934
                ],
                [
                    "te",
                    0.00039327022386714816
                ],
                [
                    "uk",
                    0.0003815062518697232
                ],
                [
                    "si",
                    0.0003812363720498979
                ],
                [
                    "no",
                    0.00036873779026791453
                ],
                [
                    "ml",
                    0.0003121189947705716
                ],
                [
                    "cs",
                    0.00026728693046607077
                ],
                [
                    "da",
                    0.000257324252743274
                ],
                [
                    "he",
                    0.00024354328343179077
                ],
                [
                    "sl",
                    0.00022638638620264828
                ],
                [
                    "yo",
                    0.00021947269851807505
                ],
                [
                    "gl",
                    0.0002087949396809563
                ],
                [
                    "eu",
                    0.000202359224203974
                ],
                [
                    "yi",
                    0.00018119289597962052
                ],
                [
                    "fa",
                    0.00017507503798697144
                ],
                [
                    "ht",
                    0.00017152217333205044
                ],
                [
                    "fo",
                    0.0001494445896241814
                ],
                [
                    "mn",
                    0.0001371930120512843
                ],
                [
                    "is",
                    0.0001343327749054879
                ],
                [
                    "bn",
                    0.0001299981668125838
                ],
                [
                    "bo",
                    0.0001288981147808954
                ],
                [
                    "my",
                    0.00012550984683912247
                ],
                [
                    "hr",
                    0.00011249363888055086
                ],
                [
                    "oc",
                    0.00011177714623045176
                ],
                [
                    "be",
                    0.00010552471940172836
                ],
                [
                    "lv",
                    0.00010296401160303503
                ],
                [
                    "sw",
                    0.00010050186392618343
                ],
                [
                    "bs",
                    9.060089359991252e-05
                ],
                [
                    "af",
                    6.693117757095024e-05
                ],
                [
                    "bg",
                    6.5781241573859e-05
                ],
                [
                    "sk",
                    6.015846520313062e-05
                ],
                [
                    "mt",
                    4.130646266276017e-05
                ],
                [
                    "ne",
