{
    "path": "/Users/cindyzhang/YouLingo/video_analysis/sampled_videos_subset/73_video.mp4",
    "audio_path": "video_analysis/sampled_audios_subset/73_video_audio.wav",
    "language": "en",
    "length_sec": 12.84,
    "vad_duration_sec": 11.2334375,
    "total_segment_length_sec": 0.0,
    "word_count": -1,
    "tokens": [],
    "types": [],
    "mean_sentence_length_words": -1.0,
    "wpm": -1,
    "spm": -1,
    "average_ptr": -1,
    "transcript_text": "",
    "transcript": {
        "segments": [],
        "info": {
            "language": "en",
            "duration": 12.8174375,
            "duration_after_vad": 11.2334375,
            "language_probability": 0.6083640456199646,
            "all_language_probs": [
                [
                    "en",
                    0.6083640456199646
                ],
                [
                    "fr",
                    0.07087162882089615
                ],
                [
                    "ko",
                    0.053303495049476624
                ],
                [
                    "de",
                    0.03261364996433258
                ],
                [
                    "ja",
                    0.02458822913467884
                ],
                [
                    "nl",
                    0.023741353303194046
                ],
                [
                    "ru",
                    0.022746987640857697
                ],
                [
                    "zh",
                    0.015379966236650944
                ],
                [
                    "nn",
                    0.014049502089619637
                ],
                [
                    "km",
                    0.010314282961189747
                ],
                [
                    "pt",
                    0.009347942657768726
                ],
                [
                    "ar",
                    0.009215873666107655
                ],
                [
                    "hi",
                    0.009100474417209625
                ],
                [
                    "th",
                    0.008959410712122917
                ],
                [
                    "es",
                    0.008502758108079433
                ],
                [
                    "sn",
                    0.005150724668055773
                ],
                [
                    "vi",
                    0.004804191179573536
                ],
                [
                    "jw",
                    0.004552370402961969
                ],
                [
                    "ms",
                    0.004478746093809605
                ],
                [
                    "cy",
                    0.00437671085819602
                ],
                [
                    "sv",
                    0.0043560657650232315
                ],
                [
                    "ta",
                    0.0034413503017276525
                ],
                [
                    "tl",
                    0.0033599776215851307
                ],
                [
                    "tr",
                    0.0032119336538016796
                ],
                [
                    "cs",
                    0.0031797888223081827
                ],
                [
                    "it",
                    0.0031622338574379683
                ],
                [
                    "pl",
                    0.002914036624133587
                ],
                [
                    "la",
                    0.002663604449480772
                ],
                [
                    "br",
                    0.0023580724373459816
                ],
                [
                    "ro",
                    0.001777869532816112
                ],
                [
                    "fi",
                    0.0015834430232644081
                ],
                [
                    "te",
                    0.0013981660595163703
                ],
                [
                    "haw",
                    0.00127981707919389
                ],
                [
                    "id",
                    0.0012733081821352243
                ],
                [
                    "el",
                    0.0012697539059445262
                ],
                [
                    "ur",
                    0.0012483515311032534
                ],
                [
                    "mi",
                    0.001246534287929535
                ],
                [
                    "da",
                    0.0012420315761119127
                ],
                [
                    "hu",
                    0.001227688044309616
                ],
                [
                    "no",
                    0.0009428251069039106
                ],
                [
                    "yo",
                    0.0009362190030515194
                ],
                [
                    "uk",
                    0.0007297332631424069
                ],
                [
                    "si",
                    0.000676675932481885
                ],
                [
                    "ca",
                    0.0006764549179933965
                ],
                [
                    "ml",
                    0.0006076783174648881
                ],
                [
                    "he",
                    0.0006014805403538048
                ],
                [
                    "sa",
                    0.0005557021358981729
                ],
                [
                    "eu",
                    0.0004839888133574277
                ],
                [
                    "sl",
                    0.0004626448208000511
                ],
                [
                    "bn",
                    0.0004059085331391543
                ],
                [
                    "my",
                    0.0003914055705536157
                ],
                [
                    "ht",
                    0.0003676057676784694
                ],
                [
                    "bg",
                    0.00034777357359416783
                ],
                [
                    "lv",
                    0.0003468094510026276
                ],
                [
                    "bo",
                    0.00031016900902614
                ],
                [
                    "oc",
                    0.0002861725224647671
                ],
                [
                    "hr",
                    0.0002765720710158348
                ],
                [
                    "is",
                    0.00027222008793614805
                ],
                [
                    "ne",
                    0.0002701668126974255
                ],
                [
                    "gl",
                    0.00026472171884961426
                ],
                [
                    "mn",
                    0.0002582668385002762
                ],
                [
                    "hy",
                    0.0002500436676200479
                ],
                [
                    "sw",
                    0.00024308465071953833
                ],
                [
                    "fa",
                    0.0002325328387087211
                ],
                [
                    "sk",
                    0.0001940014772117138
                ],
                [
                    "lt",
                    0.00019202839757781476
                ],
                [
                    "lo",
                    0.000188025864190422
                ],
                [
                    "af",
                    0.0001868156250566244
                ],
                [
                    "et",
                    0.0001866617676569149
                ],
                [
                    "yi",
