{
    "path": "/Users/cindyzhang/YouLingo/video_analysis/sampled_videos_subset/750_video.mp4",
    "audio_path": "video_analysis/sampled_audios_subset/750_video_audio.wav",
    "language": "en",
    "length_sec": 12.0,
    "vad_duration_sec": 3.872,
    "total_segment_length_sec": 0.0,
    "word_count": -1,
    "tokens": [],
    "types": [],
    "mean_sentence_length_words": -1.0,
    "wpm": -1,
    "spm": -1,
    "average_ptr": -1,
    "transcript_text": "",
    "transcript": {
        "segments": [],
        "info": {
            "language": "en",
            "duration": 12.006125,
            "duration_after_vad": 3.872,
            "language_probability": 0.8844634890556335,
            "all_language_probs": [
                [
                    "en",
                    0.8844634890556335
                ],
                [
                    "ja",
                    0.021984092891216278
                ],
                [
                    "ru",
                    0.011929244734346867
                ],
                [
                    "la",
                    0.010596641339361668
                ],
                [
                    "ko",
                    0.008310706354677677
                ],
                [
                    "nn",
                    0.00774600962176919
                ],
                [
                    "cy",
                    0.0077161784283816814
                ],
                [
                    "pt",
                    0.005943989381194115
                ],
                [
                    "es",
                    0.004803802818059921
                ],
                [
                    "fr",
                    0.004037815146148205
                ],
                [
                    "de",
                    0.0036096738185733557
                ],
                [
                    "haw",
                    0.0030733051244169474
                ],
                [
                    "zh",
                    0.002275162609294057
                ],
                [
                    "jw",
                    0.0021525772754102945
                ],
                [
                    "it",
                    0.0020567772444337606
                ],
                [
                    "pl",
                    0.0018740498926490545
                ],
                [
                    "km",
                    0.001690720091573894
                ],
                [
                    "nl",
                    0.0012831042986363173
                ],
                [
                    "tr",
                    0.0011245452333241701
                ],
                [
                    "hi",
                    0.0010052383877336979
                ],
                [
                    "th",
                    0.0009650886058807373
                ],
                [
                    "ar",
                    0.0008280409965664148
                ],
                [
                    "mi",
                    0.0006716029020026326
                ],
                [
                    "fi",
                    0.0005685975193046033
                ],
                [
                    "el",
                    0.0005561203579418361
                ],
                [
                    "br",
                    0.0005390396108850837
                ],
                [
                    "te",
                    0.000535681436304003
                ],
                [
                    "tl",
                    0.0005125996540300548
                ],
                [
                    "hu",
                    0.00047965222620405257
                ],
                [
                    "cs",
                    0.0004606993170455098
                ],
                [
                    "vi",
                    0.00042504517477937043
                ],
                [
                    "ta",
                    0.000379116740077734
                ],
                [
                    "sv",
                    0.0003788406029343605
                ],
                [
                    "eu",
                    0.00036877920501865447
                ],
                [
                    "ro",
                    0.0003447334165684879
                ],
                [
                    "ms",
                    0.0003225183463655412
                ],
                [
                    "id",
                    0.0002919345861300826
                ],
                [
                    "sn",
                    0.0002782481024041772
                ],
                [
                    "uk",
                    0.000213335151784122
                ],
                [
                    "da",
                    0.00020389999554026872
                ],
                [
                    "no",
                    0.0001938337809406221
                ],
                [
                    "ca",
                    0.00018748997536022216
                ],
                [
                    "sa",
                    0.00017594319069758058
                ],
                [
                    "mn",
                    0.00017194599786307663
                ],
                [
                    "ur",
                    0.00015389375039376318
                ],
                [
                    "si",
                    0.00014585562166757882
                ],
                [
                    "ml",
                    0.00013247720198705792
                ],
                [
                    "hr",
                    0.000111832981929183
                ],
                [
                    "yi",
                    0.00010694396041799337
                ],
                [
                    "gl",
                    0.00010581441893009469
                ],
                [
                    "my",
                    0.00010494291200302541
                ],
                [
                    "sl",
                    0.00010326135088689625
                ],
                [
                    "he",
                    9.811072231968865e-05
                ],
                [
                    "is",
                    9.684931137599051e-05
                ],
                [
                    "bg",
                    9.304460400016978e-05
                ],
                [
                    "bs",
                    9.155955194728449e-05
                ],
                [
                    "yo",
                    8.09122939244844e-05
                ],
                [
                    "af",
                    7.085633842507377e-05
                ],
                [
                    "bo",
                    7.03623445588164e-05
                ],
                [
                    "sk",
                    6.86802450218238e-05
                ],
                [
                    "bn",
                    6.507533544208854e-05
                ],
                [
                    "fa",
                    5.9603542467812076e-05
                ],
                [
                    "lv",
                    5.94476041442249e-05
                ],
                [
                    "ht",
                    4.955724944011308e-05
                ],
                [
                    "ne",
                    4.689856359618716e-05
                ],
                [
                    "oc",
                    4.253056613379158e-05
                ],
                [
                    "lt",
                    3.563848804333247e-05
                ],
                [
                    "fo",
                    3.40087826771196e-05
                ],
                [
                    "be",
                    3.334129723953083e-05
                ],
                [
