{
    "path": "/Users/cindyzhang/YouLingo/video_analysis/sampled_videos_subset/762_video.mp4",
    "audio_path": "video_analysis/sampled_audios_subset/762_video_audio.wav",
    "language": "en",
    "length_sec": 10.63,
    "vad_duration_sec": 0.912,
    "total_segment_length_sec": 0.0,
    "word_count": -1,
    "tokens": [],
    "types": [],
    "mean_sentence_length_words": -1.0,
    "wpm": -1,
    "spm": -1,
    "average_ptr": -1,
    "transcript_text": "",
    "transcript": {
        "segments": [],
        "info": {
            "language": "en",
            "duration": 10.63475,
            "duration_after_vad": 0.912,
            "language_probability": 0.6410959959030151,
            "all_language_probs": [
                [
                    "en",
                    0.6410959959030151
                ],
                [
                    "ko",
                    0.054880447685718536
                ],
                [
                    "pt",
                    0.030552122741937637
                ],
                [
                    "ru",
                    0.030348988249897957
                ],
                [
                    "nn",
                    0.030008403584361076
                ],
                [
                    "ja",
                    0.024376284331083298
                ],
                [
                    "nl",
                    0.021692030131816864
                ],
                [
                    "es",
                    0.015296915546059608
                ],
                [
                    "fr",
                    0.015144675970077515
                ],
                [
                    "zh",
                    0.011973056942224503
                ],
                [
                    "de",
                    0.011477332562208176
                ],
                [
                    "cy",
                    0.009259079582989216
                ],
                [
                    "tr",
                    0.008102674037218094
                ],
                [
                    "ar",
                    0.007811268791556358
                ],
                [
                    "pl",
                    0.007742096204310656
                ],
                [
                    "haw",
                    0.007738840766251087
                ],
                [
                    "it",
                    0.007330803200602531
                ],
                [
                    "jw",
                    0.006526533979922533
                ],
                [
                    "hi",
                    0.005274341441690922
                ],
                [
                    "sv",
                    0.005085023120045662
                ],
                [
                    "la",
                    0.004925744142383337
                ],
                [
                    "fi",
                    0.003123647766187787
                ],
                [
                    "el",
                    0.002863190835341811
                ],
                [
                    "tl",
                    0.0021462230943143368
                ],
                [
                    "hu",
                    0.0019829736556857824
                ],
                [
                    "km",
                    0.0019194417400285602
                ],
                [
                    "da",
                    0.001901642419397831
                ],
                [
                    "no",
                    0.0018852268112823367
                ],
                [
                    "vi",
                    0.0017945385770872235
                ],
                [
                    "te",
                    0.0015805904986336827
                ],
                [
                    "uk",
                    0.001526513835415244
                ],
                [
                    "cs",
                    0.0014967129100114107
                ],
                [
                    "ro",
                    0.0012884961906820536
                ],
                [
                    "th",
                    0.0012360636610537767
                ],
                [
                    "ta",
                    0.0011768040712922812
                ],
                [
                    "br",
                    0.001149314339272678
                ],
                [
                    "id",
                    0.0011420975206419826
                ],
                [
                    "ml",
                    0.0011093324283137918
                ],
                [
                    "mi",
                    0.0010174294002354145
                ],
                [
                    "ca",
                    0.0009474625112488866
                ],
                [
                    "ur",
                    0.0008851034799590707
                ],
                [
                    "ms",
                    0.0008149687782861292
                ],
                [
                    "hr",
                    0.0008073305943980813
                ],
                [
                    "bg",
                    0.0007769592339172959
                ],
                [
                    "he",
                    0.0007530051516368985
                ],
                [
                    "sn",
                    0.000628171896096319
                ],
                [
                    "bs",
                    0.0005844678380526602
                ],
                [
                    "si",
                    0.0004983714316040277
                ],
                [
                    "gl",
                    0.00046895642299205065
                ],
                [
                    "sl",
                    0.00046535220462828875
                ],
                [
                    "mn",
                    0.00033495345269329846
                ],
                [
                    "is",
                    0.0003315522335469723
                ],
                [
                    "fa",
                    0.00032123655546456575
                ],
                [
                    "af",
                    0.0003150204138364643
                ],
                [
                    "yo",
                    0.0002968887274619192
                ],
                [
                    "sa",
                    0.000289009913103655
                ],
                [
                    "fo",
                    0.00028652517357841134
                ],
                [
                    "eu",
                    0.0002847808937076479
                ],
                [
                    "sk",
                    0.00027971810777671635
                ],
                [
                    "yi",
                    0.00022760957654099911
                ],
                [
                    "lv",
                    0.00019690633052960038
                ],
                [
                    "bo",
                    0.00018197769531980157
                ],
                [
                    "ht",
                    0.00017778269830159843
                ],
                [
                    "bn",
                    0.0001734668912831694
                ],
                [
                    "lt",
                    0.00016161322128027678
                ],
                [
                    "my",
                    0.0001573228364577517
                ],
                [
                    "be",
                    0.00013585714623332024
                ],
                [
                    "oc",
                    0.00012819368566852063
                ],
                [
                    "sr",
                    0.00011651527165668085
                ],
                [
                    "ne",
