{
    "path": "/Users/cindyzhang/YouLingo/video_analysis/sampled_videos_subset/766_video.mp4",
    "audio_path": "video_analysis/sampled_audios_subset/766_video_audio.wav",
    "language": "en",
    "length_sec": 13.25,
    "vad_duration_sec": 1.024,
    "total_segment_length_sec": 0.0,
    "word_count": -1,
    "tokens": [],
    "types": [],
    "mean_sentence_length_words": -1.0,
    "wpm": -1,
    "spm": -1,
    "average_ptr": -1,
    "transcript_text": "",
    "transcript": {
        "segments": [],
        "info": {
            "language": "en",
            "duration": 13.2121875,
            "duration_after_vad": 1.024,
            "language_probability": 0.7828676104545593,
            "all_language_probs": [
                [
                    "en",
                    0.7828676104545593
                ],
                [
                    "nn",
                    0.02896186150610447
                ],
                [
                    "ja",
                    0.02728939801454544
                ],
                [
                    "ko",
                    0.025304626673460007
                ],
                [
                    "es",
                    0.016509748995304108
                ],
                [
                    "de",
                    0.01573898084461689
                ],
                [
                    "ru",
                    0.014077499508857727
                ],
                [
                    "cy",
                    0.010375584475696087
                ],
                [
                    "pt",
                    0.008867507800459862
                ],
                [
                    "la",
                    0.006418295204639435
                ],
                [
                    "fr",
                    0.005748265888541937
                ],
                [
                    "km",
                    0.0047320351004600525
                ],
                [
                    "it",
                    0.0046395533718168736
                ],
                [
                    "pl",
                    0.004127558786422014
                ],
                [
                    "jw",
                    0.004054628778249025
                ],
                [
                    "zh",
                    0.0037698731757700443
                ],
                [
                    "haw",
                    0.0033025634475052357
                ],
                [
                    "nl",
                    0.0025981664657592773
                ],
                [
                    "ar",
                    0.002241520443931222
                ],
                [
                    "te",
                    0.002041867934167385
                ],
                [
                    "tr",
                    0.0019935183227062225
                ],
                [
                    "hi",
                    0.0018254010938107967
                ],
                [
                    "sv",
                    0.001507798908278346
                ],
                [
                    "hu",
                    0.0012086238712072372
                ],
                [
                    "el",
                    0.001182917389087379
                ],
                [
                    "mi",
                    0.0011037744116038084
                ],
                [
                    "si",
                    0.0010993295582011342
                ],
                [
                    "sn",
                    0.0010879570618271828
                ],
                [
                    "fi",
                    0.0010183914564549923
                ],
                [
                    "ro",
                    0.0009678973001427948
                ],
                [
                    "ta",
                    0.0009227684931829572
                ],
                [
                    "tl",
                    0.0008561350405216217
                ],
                [
                    "th",
                    0.0008345427922904491
                ],
                [
                    "ml",
                    0.0007046493119560182
                ],
                [
                    "uk",
                    0.000654490664601326
                ],
                [
                    "br",
                    0.0005948048201389611
                ],
                [
                    "ms",
                    0.0005291388370096684
                ],
                [
                    "vi",
                    0.0005066321464255452
                ],
                [
                    "ca",
                    0.00048294285079464316
                ],
                [
                    "cs",
                    0.00046199298230931163
                ],
                [
                    "sa",
                    0.0004584353300742805
                ],
                [
                    "da",
                    0.00044846825767308474
                ],
                [
                    "id",
                    0.00044602894922718406
                ],
                [
                    "no",
                    0.00042053466313518584
                ],
                [
                    "sl",
                    0.00037442598841153085
                ],
                [
                    "hr",
                    0.0003286368737462908
                ],
                [
                    "eu",
                    0.00032138486858457327
                ],
                [
                    "ur",
                    0.0003178909537382424
                ],
                [
                    "bg",
                    0.0003088630037382245
                ],
                [
                    "he",
                    0.0002924610744230449
                ],
                [
                    "bn",
                    0.00028254667995497584
                ],
                [
                    "yo",
                    0.00025030889082700014
                ],
                [
                    "is",
                    0.0002234721032436937
                ],
                [
                    "fa",
                    0.000199393936782144
                ],
                [
                    "lv",
                    0.00015352643094956875
                ],
                [
                    "gl",
                    0.000144432982779108
                ],
                [
                    "mn",
                    0.0001393277052557096
                ],
                [
                    "bs",
                    0.00013106838741805404
                ],
                [
                    "my",
                    0.00012358001549728215
                ],
                [
                    "sw",
                    0.00011412380263209343
                ],
                [
                    "yi",
                    0.00010850418038899079
                ],
                [
                    "af",
                    0.0001015406014630571
                ],
                [
                    "fo",
                    9.537820005789399e-05
                ],
                [
                    "be",
                    9.339409734820947e-05
                ],
                [
                    "bo",
                    9.289177978644148e-05
                ],
                [
                    "sk",
                    8.672762487549335e-05
                ],
                [
                    "lt",
                    8.114521915558726e-05
                ],
                [
                    "oc",
                    7.803138578310609e-05
                ],
                [
                    "ht",
                    6.99375377735123e-05
                ],
                [
