{
    "path": "/Users/cindyzhang/YouLingo/video_analysis/sampled_videos_subset/772_video.mp4",
    "audio_path": "video_analysis/sampled_audios_subset/772_video_audio.wav",
    "language": "ru",
    "length_sec": 8.34,
    "vad_duration_sec": 3.456,
    "total_segment_length_sec": 0.0,
    "word_count": -1,
    "tokens": [],
    "types": [],
    "mean_sentence_length_words": -1.0,
    "wpm": -1,
    "spm": -1,
    "average_ptr": -1,
    "transcript_text": "",
    "transcript": {
        "segments": [],
        "info": {
            "language": "ru",
            "duration": 8.336,
            "duration_after_vad": 3.456,
            "language_probability": 0.7597709894180298,
            "all_language_probs": [
                [
                    "ru",
                    0.7597709894180298
                ],
                [
                    "en",
                    0.04077473655343056
                ],
                [
                    "nn",
                    0.030901940539479256
                ],
                [
                    "pl",
                    0.024475842714309692
                ],
                [
                    "pt",
                    0.02346120774745941
                ],
                [
                    "uk",
                    0.022549882531166077
                ],
                [
                    "es",
                    0.014414398930966854
                ],
                [
                    "la",
                    0.010717368684709072
                ],
                [
                    "it",
                    0.0062537239864468575
                ],
                [
                    "cs",
                    0.0045697796158492565
                ],
                [
                    "be",
                    0.0043466966599226
                ],
                [
                    "km",
                    0.00414822855964303
                ],
                [
                    "sk",
                    0.003836915595456958
                ],
                [
                    "ko",
                    0.0036598038859665394
                ],
                [
                    "el",
                    0.003291504457592964
                ],
                [
                    "ja",
                    0.0031715307850390673
                ],
                [
                    "ro",
                    0.0030759559012949467
                ],
                [
                    "fr",
                    0.0025516480673104525
                ],
                [
                    "bg",
                    0.0025422212202101946
                ],
                [
                    "zh",
                    0.0023393009323626757
                ],
                [
                    "sv",
                    0.0023383551742881536
                ],
                [
                    "hr",
                    0.002252046950161457
                ],
                [
                    "jw",
                    0.002155710244551301
                ],
                [
                    "cy",
                    0.001880742609500885
                ],
                [
                    "lt",
                    0.0013697562972083688
                ],
                [
                    "nl",
                    0.0013385964557528496
                ],
                [
                    "tr",
                    0.0012942991452291608
                ],
                [
                    "de",
                    0.0012409462360665202
                ],
                [
                    "no",
                    0.0011149387573823333
                ],
                [
                    "fi",
                    0.0011121436255052686
                ],
                [
                    "sl",
                    0.001063792617060244
                ],
                [
                    "hi",
                    0.0009839937556535006
                ],
                [
                    "vi",
                    0.0009158832835964859
                ],
                [
                    "haw",
                    0.0008055769721977413
                ],
                [
                    "ta",
                    0.0007001951453275979
                ],
                [
                    "ca",
                    0.0006415695534087718
                ],
                [
                    "hu",
                    0.0005710108089260757
                ],
                [
                    "te",
                    0.0005367399426177144
                ],
                [
                    "bs",
                    0.00048607925418764353
                ],
                [
                    "tl",
                    0.0004791648534592241
                ],
                [
                    "sa",
                    0.00045077892718836665
                ],
                [
                    "eu",
                    0.00038353371201083064
                ],
                [
                    "si",
                    0.0003404102462809533
                ],
                [
                    "mi",
                    0.00031653710175305605
                ],
                [
                    "th",
                    0.00030647017410956323
                ],
                [
                    "ar",
                    0.00030278819031082094
                ],
                [
                    "ur",
                    0.0002972859365399927
                ],
                [
                    "lv",
                    0.00028910196851938963
                ],
                [
                    "sn",
                    0.00026652199449017644
                ],
                [
                    "da",
                    0.00021179954637773335
                ],
                [
                    "ml",
                    0.00021018697589170188
                ],
                [
                    "gl",
                    0.00019941119535360485
                ],
                [
                    "ms",
                    0.00019699271069839597
                ],
                [
                    "sr",
                    0.00018349556194152683
                ],
                [
                    "fo",
                    0.0001595645589986816
                ],
                [
                    "is",
                    0.0001395705039612949
                ],
                [
                    "br",
                    0.00012225538375787437
                ],
                [
                    "id",
                    0.00010554935579420999
                ],
                [
                    "he",
                    9.854959353106096e-05
                ],
                [
                    "fa",
                    8.669262751936913e-05
                ],
                [
                    "sq",
                    8.179637370631099e-05
                ],
                [
                    "oc",
                    7.923713565105572e-05
                ],
                [
                    "az",
                    7.318130519706756e-05
                ],
                [
                    "bo",
                    7.14716807124205e-05
                ],
                [
                    "bn",
                    7.073392771417275e-05
                ],
                [
                    "yi",
                    7.067094702506438e-05
                ],
                [
                    "mk",
                    6.141251651570201e-05
                ],
                [
                    "kn",
                    5.37114538019523e-05
                ],
                [
                    "mn",
                    5.332600267138332e-05
                ],
                [
                    "ka",
