{
    "path": "/Users/cindyzhang/YouLingo/video_analysis/sampled_videos_subset/776_video.mp4",
    "audio_path": "video_analysis/sampled_audios_subset/776_video_audio.wav",
    "language": "en",
    "length_sec": 11.37,
    "vad_duration_sec": 5.072,
    "total_segment_length_sec": 0.0,
    "word_count": -1,
    "tokens": [],
    "types": [],
    "mean_sentence_length_words": -1.0,
    "wpm": -1,
    "spm": -1,
    "average_ptr": -1,
    "transcript_text": "",
    "transcript": {
        "segments": [],
        "info": {
            "language": "en",
            "duration": 11.331375,
            "duration_after_vad": 5.072,
            "language_probability": 0.74162358045578,
            "all_language_probs": [
                [
                    "en",
                    0.74162358045578
                ],
                [
                    "nn",
                    0.044731639325618744
                ],
                [
                    "ko",
                    0.01772730052471161
                ],
                [
                    "es",
                    0.016248196363449097
                ],
                [
                    "de",
                    0.014088406227529049
                ],
                [
                    "jw",
                    0.013270385563373566
                ],
                [
                    "ja",
                    0.012580779381096363
                ],
                [
                    "zh",
                    0.011375058442354202
                ],
                [
                    "pt",
                    0.011350427754223347
                ],
                [
                    "fr",
                    0.010747762396931648
                ],
                [
                    "cy",
                    0.010488773696124554
                ],
                [
                    "haw",
                    0.008764191530644894
                ],
                [
                    "ru",
                    0.00819347519427538
                ],
                [
                    "la",
                    0.007223280146718025
                ],
                [
                    "it",
                    0.0071246731095016
                ],
                [
                    "nl",
                    0.005198031663894653
                ],
                [
                    "tr",
                    0.003984302282333374
                ],
                [
                    "hi",
                    0.003912467043846846
                ],
                [
                    "fi",
                    0.0038704751059412956
                ],
                [
                    "ar",
                    0.003702716203406453
                ],
                [
                    "tl",
                    0.0030962086748331785
                ],
                [
                    "sv",
                    0.0026655374094843864
                ],
                [
                    "hu",
                    0.002573759760707617
                ],
                [
                    "km",
                    0.0021773665212094784
                ],
                [
                    "ms",
                    0.0021483676973730326
                ],
                [
                    "th",
                    0.0021238247863948345
                ],
                [
                    "br",
                    0.0020689263474196196
                ],
                [
                    "vi",
                    0.0019097630865871906
                ],
                [
                    "el",
                    0.0014136312529444695
                ],
                [
                    "pl",
                    0.0013266114983707666
                ],
                [
                    "mi",
                    0.0012976366560906172
                ],
                [
                    "te",
                    0.0011245778296142817
                ],
                [
                    "sn",
                    0.001094560488127172
                ],
                [
                    "uk",
                    0.001041122362948954
                ],
                [
                    "ur",
                    0.0010382796172052622
                ],
                [
                    "da",
                    0.0009490508236922324
                ],
                [
                    "ro",
                    0.0009200095082633197
                ],
                [
                    "id",
                    0.0009171852143481374
                ],
                [
                    "fa",
                    0.0009140643524006009
                ],
                [
                    "sa",
                    0.0008308051037602127
                ],
                [
                    "cs",
                    0.0008047748706303537
                ],
                [
                    "si",
                    0.0007835380383767188
                ],
                [
                    "ta",
                    0.0007293242961168289
                ],
                [
                    "gl",
                    0.0007097150082699955
                ],
                [
                    "sl",
                    0.0006537222070619464
                ],
                [
                    "he",
                    0.0005922888522036374
                ],
                [
                    "no",
                    0.0005555729730986059
                ],
                [
                    "ml",
                    0.0005505748558789492
                ],
                [
                    "yo",
                    0.000495649001095444
                ],
                [
                    "hr",
                    0.0003867248597089201
                ],
                [
                    "ca",
                    0.0003788689209613949
                ],
                [
                    "bn",
                    0.00036504858871921897
                ],
                [
                    "ht",
                    0.00035012574517168105
                ],
                [
                    "yi",
                    0.00034828760544769466
                ],
                [
                    "eu",
                    0.00034370736102573574
                ],
                [
                    "my",
                    0.00034122198121622205
                ],
                [
                    "mn",
                    0.00031171480077318847
                ],
                [
                    "bg",
                    0.00030340818921104074
                ],
                [
                    "ne",
                    0.00026462259120307863
                ],
                [
                    "bo",
                    0.0002453030028846115
                ],
                [
                    "sw",
                    0.00021833892969880253
                ],
                [
                    "fo",
                    0.00021757857757620513
                ],
                [
                    "bs",
                    0.00021460118296090513
                ],
                [
                    "oc",
                    0.00020439011859707534
                ],
                [
                    "sk",
                    0.0001851472770795226
                ],
                [
                    "lt",
                    0.0001580783282406628
                ],
                [
                    "lv",
                    0.00015272197197191417
                ],
                [
                    "is",
                    0.0001492809533374384
                ],
                [
                    "sd",
                    0.00012527225771918893
                ],
                [
                    "af",
