{
    "path": "/Users/cindyzhang/YouLingo/video_analysis/sampled_videos_subset/777_video.mp4",
    "audio_path": "video_analysis/sampled_audios_subset/777_video_audio.wav",
    "language": "zh",
    "length_sec": 13.25,
    "vad_duration_sec": 1.12,
    "total_segment_length_sec": 0.0,
    "word_count": -1,
    "tokens": [],
    "types": [],
    "mean_sentence_length_words": -1.0,
    "wpm": -1,
    "spm": -1,
    "average_ptr": -1,
    "transcript_text": "",
    "transcript": {
        "segments": [],
        "info": {
            "language": "zh",
            "duration": 13.167125,
            "duration_after_vad": 1.12,
            "language_probability": 0.37958669662475586,
            "all_language_probs": [
                [
                    "zh",
                    0.37958669662475586
                ],
                [
                    "pt",
                    0.2947739064693451
                ],
                [
                    "ko",
                    0.09321299940347672
                ],
                [
                    "fr",
                    0.07340022176504135
                ],
                [
                    "en",
                    0.06235000491142273
                ],
                [
                    "ja",
                    0.01476635504513979
                ],
                [
                    "it",
                    0.012866785749793053
                ],
                [
                    "vi",
                    0.006416350603103638
                ],
                [
                    "jw",
                    0.006188051775097847
                ],
                [
                    "de",
                    0.005087730474770069
                ],
                [
                    "es",
                    0.004164227284491062
                ],
                [
                    "ar",
                    0.003840197343379259
                ],
                [
                    "nn",
                    0.0038226512260735035
                ],
                [
                    "haw",
                    0.0035540310200303793
                ],
                [
                    "pl",
                    0.0034914477728307247
                ],
                [
                    "tr",
                    0.00318041886202991
                ],
                [
                    "ru",
                    0.0030269986018538475
                ],
                [
                    "nl",
                    0.002543447073549032
                ],
                [
                    "cy",
                    0.0024489103816449642
                ],
                [
                    "ms",
                    0.0022951869759708643
                ],
                [
                    "la",
                    0.002228301949799061
                ],
                [
                    "mi",
                    0.0011639908188953996
                ],
                [
                    "id",
                    0.0011431222083047032
                ],
                [
                    "br",
                    0.001059844857081771
                ],
                [
                    "hi",
                    0.0010554732289165258
                ],
                [
                    "ro",
                    0.0010542309610173106
                ],
                [
                    "sv",
                    0.0010167720029130578
                ],
                [
                    "sn",
                    0.0007431971025653183
                ],
                [
                    "th",
                    0.0007208625320345163
                ],
                [
                    "yo",
                    0.0006602546200156212
                ],
                [
                    "km",
                    0.0006295616622082889
                ],
                [
                    "hu",
                    0.0006214401219040155
                ],
                [
                    "el",
                    0.0005114089581184089
                ],
                [
                    "cs",
                    0.0005058361566625535
                ],
                [
                    "ca",
                    0.00045863172272220254
                ],
                [
                    "no",
                    0.00037814409006386995
                ],
                [
                    "tl",
                    0.000334622454829514
                ],
                [
                    "fa",
                    0.0003173618169967085
                ],
                [
                    "ht",
                    0.0002923877618741244
                ],
                [
                    "my",
                    0.00028720838599838316
                ],
                [
                    "da",
                    0.00028169143479317427
                ],
                [
                    "te",
                    0.00027339518419466913
                ],
                [
                    "ur",
                    0.00026609518681652844
                ],
                [
                    "bo",
                    0.00021104695042595267
                ],
                [
                    "gl",
                    0.00020935926295351237
                ],
                [
                    "si",
                    0.0002039817627519369
                ],
                [
                    "ta",
                    0.00016759781283326447
                ],
                [
                    "uk",
                    0.00016168341971933842
                ],
                [
                    "he",
                    0.00015438286936841905
                ],
                [
                    "sa",
                    0.00014192120579537004
                ],
                [
                    "sl",
                    0.0001258990087080747
                ],
                [
                    "be",
                    0.00012477174459490925
                ],
                [
                    "oc",
                    0.00012265975237824023
                ],
                [
                    "fi",
                    0.00011654675472527742
                ],
                [
                    "eu",
                    0.00011379093484720215
                ],
                [
                    "bn",
                    0.00010212983033852652
                ],
                [
                    "hr",
                    9.966443030862138e-05
                ],
                [
                    "bs",
                    9.8294040071778e-05
                ],
                [
                    "mn",
                    8.534609514754266e-05
                ],
                [
                    "fo",
                    6.92136527504772e-05
                ],
                [
                    "yi",
                    6.487991049652919e-05
                ],
                [
                    "sk",
                    6.309546006377786e-05
                ],
                [
                    "ne",
                    5.8136964071309194e-05
                ],
                [
                    "sw",
                    5.1352490118006244e-05
                ],
                [
                    "bg",
                    4.29113169957418e-05
                ],
                [
                    "is",
                    4.159571471973322e-05
                ],
                [
                    "az",
                    4.055000681546517e-05
                ],
                [
                    "ml",
                    3.6093348171561956e-05
                ],
                [
                    "lo",
                    3.0536033591488376e-05
                ],
                [
