{
    "path": "/Users/cindyzhang/YouLingo/video_analysis/sampled_videos_subset/78_video.mp4",
    "audio_path": "video_analysis/sampled_audios_subset/78_video_audio.wav",
    "language": "en",
    "length_sec": 8.68,
    "vad_duration_sec": 3.4130625,
    "total_segment_length_sec": 0.0,
    "word_count": -1,
    "tokens": [],
    "types": [],
    "mean_sentence_length_words": -1.0,
    "wpm": -1,
    "spm": -1,
    "average_ptr": -1,
    "transcript_text": "",
    "transcript": {
        "segments": [],
        "info": {
            "language": "en",
            "duration": 8.6610625,
            "duration_after_vad": 3.4130625,
            "language_probability": 0.5739625692367554,
            "all_language_probs": [
                [
                    "en",
                    0.5739625692367554
                ],
                [
                    "ko",
                    0.1863643079996109
                ],
                [
                    "zh",
                    0.02875697612762451
                ],
                [
                    "ja",
                    0.024303115904331207
                ],
                [
                    "ru",
                    0.020548783242702484
                ],
                [
                    "pt",
                    0.016986578702926636
                ],
                [
                    "fr",
                    0.014178166165947914
                ],
                [
                    "es",
                    0.013452542945742607
                ],
                [
                    "de",
                    0.012470350600779057
                ],
                [
                    "tr",
                    0.008721130900084972
                ],
                [
                    "nn",
                    0.008419317193329334
                ],
                [
                    "jw",
                    0.008012726902961731
                ],
                [
                    "hi",
                    0.006737605668604374
                ],
                [
                    "nl",
                    0.005682909395545721
                ],
                [
                    "ar",
                    0.005497558042407036
                ],
                [
                    "haw",
                    0.005012333858758211
                ],
                [
                    "cy",
                    0.004991145338863134
                ],
                [
                    "tl",
                    0.004614078439772129
                ],
                [
                    "it",
                    0.004452419467270374
                ],
                [
                    "th",
                    0.003729794640094042
                ],
                [
                    "pl",
                    0.0032667177729308605
                ],
                [
                    "vi",
                    0.003069537691771984
                ],
                [
                    "la",
                    0.0030645509250462055
                ],
                [
                    "km",
                    0.0025663734413683414
                ],
                [
                    "id",
                    0.002296683145686984
                ],
                [
                    "sv",
                    0.002073616487905383
                ],
                [
                    "ur",
                    0.002032351680099964
                ],
                [
                    "ms",
                    0.00199083867482841
                ],
                [
                    "ta",
                    0.0017283762572333217
                ],
                [
                    "no",
                    0.0014114925870671868
                ],
                [
                    "te",
                    0.0012801242992281914
                ],
                [
                    "el",
                    0.0012337479274719954
                ],
                [
                    "fi",
                    0.0011241751490160823
                ],
                [
                    "hu",
                    0.001050734892487526
                ],
                [
                    "sn",
                    0.0010438653407618403
                ],
                [
                    "br",
                    0.0010010814294219017
                ],
                [
                    "mi",
                    0.0009129809332080185
                ],
                [
                    "uk",
                    0.0008805220131762326
                ],
                [
                    "ro",
                    0.0008691945113241673
                ],
                [
                    "cs",
                    0.0008364827372133732
                ],
                [
                    "si",
                    0.0007872939459048212
                ],
                [
                    "da",
                    0.000754613836761564
                ],
                [
                    "ml",
                    0.0007388462545350194
                ],
                [
                    "ca",
                    0.0005728363175876439
                ],
                [
                    "sa",
                    0.000419596501160413
                ],
                [
                    "hr",
                    0.0004081133520230651
                ],
                [
                    "ht",
                    0.0003833884547930211
                ],
                [
                    "bs",
                    0.00035954033955931664
                ],
                [
                    "he",
                    0.0003570090339053422
                ],
                [
                    "yo",
                    0.00035116306389681995
                ],
                [
                    "fa",
                    0.00033508913475088775
                ],
                [
                    "be",
                    0.00028115170425735414
                ],
                [
                    "sl",
                    0.00027077613049186766
                ],
                [
                    "bn",
                    0.0002503178548067808
                ],
                [
                    "gl",
                    0.00021497684065252542
                ],
                [
                    "my",
                    0.0002063506981357932
                ],
                [
                    "mn",
                    0.00020551397756207734
                ],
                [
                    "eu",
                    0.0002054850774584338
                ],
                [
                    "is",
                    0.00019942238577641547
                ],
                [
                    "ne",
                    0.00017941453552339226
                ],
                [
                    "bo",
                    0.00017061618564184755
                ],
                [
                    "sk",
                    0.00015398988034576178
                ],
                [
                    "bg",
                    0.0001394966384395957
                ],
                [
                    "yi",
                    0.00012692691234406084
                ],
                [
                    "sw",
                    0.00012484939361456782
                ],
                [
                    "fo",
                    0.00010565477714408189
                ],
                [
                    "oc",
                    0.00010092664160765707
                ],
                [
                    "lv",
                    8.754211739869788e-05
                ],
                [
                    "hy",
                    8.746660023462027e-05
                ],
                [
