{
    "path": "/Users/cindyzhang/YouLingo/video_analysis/sampled_videos_subset/795_video.mp4",
    "audio_path": "video_analysis/sampled_audios_subset/795_video_audio.wav",
    "language": "en",
    "length_sec": 15.27,
    "vad_duration_sec": 10.64,
    "total_segment_length_sec": 0.0,
    "word_count": -1,
    "tokens": [],
    "types": [],
    "mean_sentence_length_words": -1.0,
    "wpm": -1,
    "spm": -1,
    "average_ptr": -1,
    "transcript_text": "",
    "transcript": {
        "segments": [],
        "info": {
            "language": "en",
            "duration": 15.2105,
            "duration_after_vad": 10.64,
            "language_probability": 0.6575930118560791,
            "all_language_probs": [
                [
                    "en",
                    0.6575930118560791
                ],
                [
                    "ko",
                    0.06845320016145706
                ],
                [
                    "ja",
                    0.047892700880765915
                ],
                [
                    "fr",
                    0.02871021255850792
                ],
                [
                    "ru",
                    0.01951991766691208
                ],
                [
                    "nn",
                    0.01653391867876053
                ],
                [
                    "pt",
                    0.015899665653705597
                ],
                [
                    "es",
                    0.013125765137374401
                ],
                [
                    "de",
                    0.012681348249316216
                ],
                [
                    "zh",
                    0.012112115509808064
                ],
                [
                    "km",
                    0.010777526535093784
                ],
                [
                    "jw",
                    0.010445109568536282
                ],
                [
                    "it",
                    0.008107035420835018
                ],
                [
                    "ar",
                    0.007505078800022602
                ],
                [
                    "haw",
                    0.00715179368853569
                ],
                [
                    "nl",
                    0.005465385038405657
                ],
                [
                    "cy",
                    0.004508511163294315
                ],
                [
                    "tr",
                    0.004365837201476097
                ],
                [
                    "la",
                    0.003728821873664856
                ],
                [
                    "hi",
                    0.003462565829977393
                ],
                [
                    "pl",
                    0.003223258536309004
                ],
                [
                    "vi",
                    0.0028798249550163746
                ],
                [
                    "sn",
                    0.0028727645985782146
                ],
                [
                    "th",
                    0.002484672237187624
                ],
                [
                    "tl",
                    0.0020508256275206804
                ],
                [
                    "el",
                    0.0020095601212233305
                ],
                [
                    "sv",
                    0.0018330436432734132
                ],
                [
                    "mi",
                    0.0018115706043317914
                ],
                [
                    "ro",
                    0.0017394477035850286
                ],
                [
                    "ms",
                    0.001679255161434412
                ],
                [
                    "br",
                    0.0014481913531199098
                ],
                [
                    "si",
                    0.0013906573876738548
                ],
                [
                    "ta",
                    0.0013644321588799357
                ],
                [
                    "te",
                    0.0012166996020823717
                ],
                [
                    "id",
                    0.0010343233589082956
                ],
                [
                    "ur",
                    0.0008465716964565217
                ],
                [
                    "yo",
                    0.0007559520890936255
                ],
                [
                    "fi",
                    0.0007475989987142384
                ],
                [
                    "hu",
                    0.0007430542027577758
                ],
                [
                    "uk",
                    0.0007399109890684485
                ],
                [
                    "no",
                    0.0005962417344562709
                ],
                [
                    "da",
                    0.000543219328392297
                ],
                [
                    "sa",
                    0.0004967785789631307
                ],
                [
                    "he",
                    0.00047594710486009717
                ],
                [
                    "cs",
                    0.0004636861849576235
                ],
                [
                    "ml",
                    0.00043927101069130003
                ],
                [
                    "hr",
                    0.0003549603570718318
                ],
                [
                    "eu",
                    0.0003545312210917473
                ],
                [
                    "ca",
                    0.00035316351568326354
                ],
                [
                    "gl",
                    0.0003386895405128598
                ],
                [
                    "my",
                    0.00033427507150918245
                ],
                [
                    "fa",
                    0.00028427838697098196
                ],
                [
                    "is",
                    0.0002840356028173119
                ],
                [
                    "bn",
                    0.0002746644604485482
                ],
                [
                    "bg",
                    0.0002500297559890896
                ],
                [
                    "ht",
                    0.0002478098322171718
                ],
                [
                    "sl",
                    0.0002280661283293739
                ],
                [
                    "yi",
                    0.00022657797671854496
                ],
                [
                    "oc",
                    0.00022010655084159225
                ],
                [
                    "fo",
                    0.00020177013357169926
                ],
                [
                    "be",
                    0.00019686282030306756
                ],
                [
                    "sw",
                    0.0001869666884886101
                ],
                [
                    "mn",
                    0.00017145808669738472
                ],
                [
                    "bo",
                    0.0001595461944816634
                ],
                [
                    "bs",
                    0.000156153371790424
                ],
                [
                    "lv",
                    0.00014848510909359902
                ],
                [
                    "lo",
                    9.303061960963532e-05
                ],
                [
                    "ne",
                    9.231465810444206e-05
                ],
                [
                    "af",
                    9.050453081727028e-05
                ],
                [
                    "lt",
