{
    "path": "/Users/cindyzhang/YouLingo/video_analysis/sampled_videos_subset/796_video.mp4",
    "audio_path": "video_analysis/sampled_audios_subset/796_video_audio.wav",
    "language": "nl",
    "length_sec": 15.08,
    "vad_duration_sec": 4.16,
    "total_segment_length_sec": 0.0,
    "word_count": -1,
    "tokens": [],
    "types": [],
    "mean_sentence_length_words": -1.0,
    "wpm": -1,
    "spm": -1,
    "average_ptr": -1,
    "transcript_text": "",
    "transcript": {
        "segments": [],
        "info": {
            "language": "nl",
            "duration": 15.06975,
            "duration_after_vad": 4.16,
            "language_probability": 0.36909201741218567,
            "all_language_probs": [
                [
                    "nl",
                    0.36909201741218567
                ],
                [
                    "ru",
                    0.12080054730176926
                ],
                [
                    "en",
                    0.08403708040714264
                ],
                [
                    "de",
                    0.05993523448705673
                ],
                [
                    "pt",
                    0.03855935484170914
                ],
                [
                    "bg",
                    0.023523768410086632
                ],
                [
                    "ro",
                    0.019232509657740593
                ],
                [
                    "fr",
                    0.018066134303808212
                ],
                [
                    "pl",
                    0.01787039265036583
                ],
                [
                    "uk",
                    0.017752405256032944
                ],
                [
                    "es",
                    0.017640868201851845
                ],
                [
                    "cs",
                    0.0166938379406929
                ],
                [
                    "hi",
                    0.0149306021630764
                ],
                [
                    "ko",
                    0.013136523775756359
                ],
                [
                    "ar",
                    0.00997284334152937
                ],
                [
                    "tr",
                    0.00867912732064724
                ],
                [
                    "ja",
                    0.00861193984746933
                ],
                [
                    "no",
                    0.008287805132567883
                ],
                [
                    "nn",
                    0.007763581350445747
                ],
                [
                    "cy",
                    0.007242601364850998
                ],
                [
                    "he",
                    0.006961957085877657
                ],
                [
                    "tl",
                    0.005996387451887131
                ],
                [
                    "ur",
                    0.005632547661662102
                ],
                [
                    "zh",
                    0.005361815914511681
                ],
                [
                    "hu",
                    0.005240569822490215
                ],
                [
                    "el",
                    0.005146606359630823
                ],
                [
                    "sv",
                    0.0049253180623054504
                ],
                [
                    "jw",
                    0.0048507023602724075
                ],
                [
                    "km",
                    0.004779617767781019
                ],
                [
                    "ca",
                    0.004013863392174244
                ],
                [
                    "hr",
                    0.004007312003523111
                ],
                [
                    "sl",
                    0.0038959744852036238
                ],
                [
                    "la",
                    0.003741977969184518
                ],
                [
                    "da",
                    0.003709727432578802
                ],
                [
                    "it",
                    0.0037014083936810493
                ],
                [
                    "lt",
                    0.0031241760589182377
                ],
                [
                    "sk",
                    0.0027601353358477354
                ],
                [
                    "vi",
                    0.0025082160718739033
                ],
                [
                    "th",
                    0.002480931580066681
                ],
                [
                    "sn",
                    0.0022202138788998127
                ],
                [
                    "haw",
                    0.002099718200042844
                ],
                [
                    "lv",
                    0.0020679824519902468
                ],
                [
                    "af",
                    0.001974585233256221
                ],
                [
                    "ta",
                    0.001778056495822966
                ],
                [
                    "te",
                    0.0016324978787451982
                ],
                [
                    "yi",
                    0.0015343864215537906
                ],
                [
                    "bs",
                    0.001530056819319725
                ],
                [
                    "mi",
                    0.0012880302965641022
                ],
                [
                    "ms",
                    0.0010520645882934332
                ],
                [
                    "br",
                    0.0010155118070542812
                ],
                [
                    "eu",
                    0.000996199669316411
                ],
                [
                    "si",
                    0.0009935577400028706
                ],
                [
                    "id",
                    0.0009822994470596313
                ],
                [
                    "yo",
                    0.0009821191197261214
                ],
                [
                    "is",
                    0.0009038969874382019
                ],
                [
                    "be",
                    0.0008994161034934223
                ],
                [
                    "kk",
                    0.0008861934184096754
                ],
                [
                    "sq",
                    0.00079262291546911
                ],
                [
                    "fa",
                    0.0006881487206555903
                ],
                [
                    "hy",
                    0.0006536159780807793
                ],
                [
                    "sa",
                    0.0006529521197080612
                ],
                [
                    "et",
                    0.0006017589475959539
                ],
                [
                    "oc",
                    0.0005786244873888791
                ],
                [
                    "fo",
                    0.0005084199365228415
                ],
                [
                    "my",
                    0.0004361823957879096
                ],
                [
                    "bn",
                    0.0004341337480582297
                ],
                [
                    "fi",
                    0.0004340281884651631
                ],
                [
                    "mn",
                    0.0003861089062411338
                ],
                [
                    "sr",
                    0.00038531579775735736
                ],
                [
                    "az",
