{
    "path": "/Users/cindyzhang/YouLingo/video_analysis/sampled_videos_subset/801_video.mp4",
    "audio_path": "video_analysis/sampled_audios_subset/801_video_audio.wav",
    "language": "nl",
    "length_sec": 10.01,
    "vad_duration_sec": 8.7451875,
    "total_segment_length_sec": 7.48,
    "word_count": -1,
    "tokens": [],
    "types": [],
    "mean_sentence_length_words": -1.0,
    "wpm": -1,
    "spm": -1,
    "average_ptr": -1,
    "transcript_text": " En als m'n hand zag je zoveelje kon glijden in de nacht  is nu twaalf zonschrein, geef je open, geef je hele maat",
    "transcript": {
        "segments": [
            {
                "id": 1,
                "start": 1.26,
                "end": 4.34,
                "text": " En als m'n hand zag je zoveelje kon glijden in de nacht",
                "no_speech_prob": 0.12263625860214233,
                "avg_logprob": -0.6915123564131717,
                "compression_ratio": 1.2307692307692308,
                "temperature": 0.0
            },
            {
                "id": 2,
                "start": 4.34,
                "end": 8.74,
                "text": " is nu twaalf zonschrein, geef je open, geef je hele maat",
                "no_speech_prob": 0.12263625860214233,
                "avg_logprob": -0.6915123564131717,
                "compression_ratio": 1.2307692307692308,
                "temperature": 0.0
            }
        ],
        "info": {
            "language": "nl",
            "duration": 10.0091875,
            "duration_after_vad": 8.7451875,
            "language_probability": 0.7929561734199524,
            "all_language_probs": [
                [
                    "nl",
                    0.7929561734199524
                ],
                [
                    "de",
                    0.15115413069725037
                ],
                [
                    "en",
                    0.01773330383002758
                ],
                [
                    "yi",
                    0.004551957361400127
                ],
                [
                    "el",
                    0.004410246852785349
                ],
                [
                    "nn",
                    0.004003358539193869
                ],
                [
                    "la",
                    0.00237350445240736
                ],
                [
                    "fr",
                    0.0022461432963609695
                ],
                [
                    "cy",
                    0.002172005595639348
                ],
                [
                    "pl",
                    0.002014265162870288
                ],
                [
                    "af",
                    0.0018912150990217924
                ],
                [
                    "pt",
                    0.0014839929062873125
                ],
                [
                    "da",
                    0.0013784137554466724
                ],
                [
                    "br",
                    0.001160075655207038
                ],
                [
                    "tr",
                    0.0008984020096249878
                ],
                [
                    "ar",
                    0.0008141690050251782
                ],
                [
                    "ru",
                    0.0005971028003841639
                ],
                [
                    "is",
                    0.0005668263765983284
                ],
                [
                    "no",
                    0.0005382709205150604
                ],
                [
                    "he",
                    0.0004763139004353434
                ],
                [
                    "haw",
                    0.00047452389844693244
                ],
                [
                    "it",
                    0.00047387948143295944
                ],
                [
                    "jw",
                    0.00043883337639272213
                ],
                [
                    "es",
                    0.00042827142169699073
                ],
                [
                    "km",
                    0.00039109375211410224
                ],
                [
                    "ja",
                    0.00038935121847316623
                ],
                [
                    "sn",
                    0.0003049526712857187
                ],
                [
                    "zh",
                    0.0003026010235771537
                ],
                [
                    "ur",
                    0.00028880644822493196
                ],
                [
                    "hi",
                    0.0002886219590436667
                ],
                [
                    "sv",
                    0.0002622787724249065
                ],
                [
                    "cs",
                    0.0002576762344688177
                ],
                [
                    "hu",
                    0.00019608229922596365
                ],
                [
                    "oc",
                    0.0001467325637349859
                ],
                [
                    "fi",
                    0.00012216826144140214
                ],
                [
                    "ko",
                    0.00011064521822845563
                ],
                [
                    "lv",
                    0.00010814532288350165
                ],
                [
                    "vi",
                    9.612418216420338e-05
                ],
                [
                    "mi",
                    9.19835438253358e-05
                ],
                [
                    "bg",
                    8.14607337815687e-05
                ],
                [
                    "sl",
                    8.137602708302438e-05
                ],
                [
                    "tl",
                    8.043747948249802e-05
                ],
                [
                    "uk",
                    7.731569348834455e-05
                ],
                [
                    "eu",
                    7.299928256543353e-05
                ],
                [
                    "mn",
                    7.233751966850832e-05
                ],
                [
                    "ca",
                    6.837579712737352e-05
                ],
                [
                    "fo",
                    6.536047294503078e-05
                ],
                [
                    "yo",
                    6.187344115460292e-05
                ],
                [
                    "ro",
                    4.799560338142328e-05
                ],
                [
                    "hy",
                    4.279468339518644e-05
                ],
                [
                    "sq",
                    4.226127566653304e-05
                ],
                [
                    "si",
                    3.936318535124883e-05
                ],
                [
                    "hr",
                    3.915658453479409e-05
                ],
                [
                    "sa",
                    3.8174999644979835e-05
                ],
                [
                    "gl",
                    3.7686197174480185e-05
                ],
                [
                    "ht",
                    2.913541356974747e-05
                ],
                [
                    "et",
                    2.8891812689835206e-05
                ],
                [
                    "bn",
                    2.7876498279510997e-05
                ],
                [
                    "az",
                    2.7610174583969638e-05
                ],
                [
                    "ms",
                    2.5229561288142577e-05
                ],
                [
                    "my",
