{
    "path": "/Users/cindyzhang/YouLingo/video_analysis/sampled_videos_subset/812_video.mp4",
    "audio_path": "video_analysis/sampled_audios_subset/812_video_audio.wav",
    "language": "ru",
    "length_sec": 8.48,
    "vad_duration_sec": 3.5953125,
    "total_segment_length_sec": 0.0,
    "word_count": -1,
    "tokens": [],
    "types": [],
    "mean_sentence_length_words": -1.0,
    "wpm": -1,
    "spm": -1,
    "average_ptr": -1,
    "transcript_text": "",
    "transcript": {
        "segments": [],
        "info": {
            "language": "ru",
            "duration": 8.4753125,
            "duration_after_vad": 3.5953125,
            "language_probability": 0.7578887939453125,
            "all_language_probs": [
                [
                    "ru",
                    0.7578887939453125
                ],
                [
                    "en",
                    0.03669318929314613
                ],
                [
                    "nn",
                    0.028220465406775475
                ],
                [
                    "pl",
                    0.025893641635775566
                ],
                [
                    "uk",
                    0.025646675378084183
                ],
                [
                    "pt",
                    0.023257972672581673
                ],
                [
                    "es",
                    0.01493985578417778
                ],
                [
                    "la",
                    0.011449542827904224
                ],
                [
                    "it",
                    0.006127721164375544
                ],
                [
                    "cs",
                    0.0053127543069422245
                ],
                [
                    "be",
                    0.004849826451390982
                ],
                [
                    "sk",
                    0.004731411579996347
                ],
                [
                    "km",
                    0.004323375876992941
                ],
                [
                    "ko",
                    0.004135848954319954
                ],
                [
                    "ja",
                    0.0033984603360295296
                ],
                [
                    "ro",
                    0.0033411041367799044
                ],
                [
                    "el",
                    0.0030903874430805445
                ],
                [
                    "bg",
                    0.00307378638535738
                ],
                [
                    "hr",
                    0.0025183516554534435
                ],
                [
                    "zh",
                    0.002271650591865182
                ],
                [
                    "fr",
                    0.0022116207983344793
                ],
                [
                    "sv",
                    0.002197924302890897
                ],
                [
                    "jw",
                    0.001965214731171727
                ],
                [
                    "cy",
                    0.0017489120364189148
                ],
                [
                    "lt",
                    0.0015137710142880678
                ],
                [
                    "de",
                    0.0012940019369125366
                ],
                [
                    "nl",
                    0.0012834127992391586
                ],
                [
                    "no",
                    0.0012736802455037832
                ],
                [
                    "tr",
                    0.001229666406288743
                ],
                [
                    "sl",
                    0.0011762463254854083
                ],
                [
                    "vi",
                    0.0010291457874700427
                ],
                [
                    "fi",
                    0.0010262907017022371
                ],
                [
                    "hi",
                    0.0008358298800885677
                ],
                [
                    "ca",
                    0.0007628992316313088
                ],
                [
                    "haw",
                    0.0007126053678803146
                ],
                [
                    "ta",
                    0.0006804515141993761
                ],
                [
                    "hu",
                    0.0006436520488932729
                ],
                [
                    "bs",
                    0.0005134666571393609
                ],
                [
                    "te",
                    0.0005054381908848882
                ],
                [
                    "sa",
                    0.0004561874666251242
                ],
                [
                    "eu",
                    0.0004388187371660024
                ],
                [
                    "tl",
                    0.00042068661423400044
                ],
                [
                    "si",
                    0.00035418913466855884
                ],
                [
                    "lv",
                    0.0003314839268568903
                ],
                [
                    "th",
                    0.0003105776268057525
                ],
                [
                    "mi",
                    0.00030844355933368206
                ],
                [
                    "ar",
                    0.00027116277487948537
                ],
                [
                    "ur",
                    0.00026242752210237086
                ],
                [
                    "sn",
                    0.00023819920897949487
                ],
                [
                    "da",
                    0.00020477207726798952
                ],
                [
                    "sr",
                    0.0002011368633247912
                ],
                [
                    "ml",
                    0.00019369559595361352
                ],
                [
                    "ms",
                    0.00018590876425150782
                ],
                [
                    "gl",
                    0.00018220848869532347
                ],
                [
                    "fo",
                    0.00015309028094634414
                ],
                [
                    "is",
                    0.00014579028356820345
                ],
                [
                    "br",
                    0.00010422470950288698
                ],
                [
                    "he",
                    0.00010082729568239301
                ],
                [
                    "id",
                    9.820874402066693e-05
                ],
                [
                    "sq",
                    8.562186121707782e-05
                ],
                [
                    "fa",
                    8.279561734525487e-05
                ],
                [
                    "oc",
                    7.857770833652467e-05
                ],
                [
                    "az",
                    7.213158096419647e-05
                ],
                [
                    "yi",
                    6.998777826083824e-05
                ],
                [
                    "bn",
                    6.807952013332397e-05
                ],
                [
                    "mk",
                    6.791170017095283e-05
                ],
                [
                    "bo",
                    6.769327592337504e-05
                ],
                [
                    "kk",
                    6.076886711525731e-05
                ],
                [
                    "my",
                    5.652673644362949e-05
                ],
                [
