{
    "path": "/Users/cindyzhang/YouLingo/video_analysis/sampled_videos_subset/838_video.mp4",
    "audio_path": "video_analysis/sampled_audios_subset/838_video_audio.wav",
    "language": "ta",
    "length_sec": 15.19,
    "vad_duration_sec": 15.185875,
    "total_segment_length_sec": 29.259999999999998,
    "word_count": -1,
    "tokens": [],
    "types": [],
    "mean_sentence_length_words": -1.0,
    "wpm": -1,
    "spm": -1,
    "average_ptr": -1,
    "transcript_text": " இதபம் போ  சதபமா நீ என்னை முடிம் பண்டுமே  நீ தோடவேண்டு вм்Rob்ணீர்களுண்டுன் பெண்பர்களுக்குழு",
    "transcript": {
        "segments": [
            {
                "id": 1,
                "start": 0.0,
                "end": 1.0,
                "text": " இதபம் போ",
                "no_speech_prob": 0.01729217916727066,
                "avg_logprob": -1.751112376153469,
                "compression_ratio": 1.8244274809160306,
                "temperature": 1.0
            },
            {
                "id": 2,
                "start": 1.2,
                "end": 4.4,
                "text": " சதபமா நீ என்னை முடிம் பண்டுமே",
                "no_speech_prob": 0.01729217916727066,
                "avg_logprob": -1.751112376153469,
                "compression_ratio": 1.8244274809160306,
                "temperature": 1.0
            },
            {
                "id": 3,
                "start": 4.64,
                "end": 29.7,
                "text": " நீ தோடவேண்டு вм்Rob்ணீர்களுண்டுன் பெண்பர்களுக்குழு",
                "no_speech_prob": 0.01729217916727066,
                "avg_logprob": -1.751112376153469,
                "compression_ratio": 1.8244274809160306,
                "temperature": 1.0
            }
        ],
        "info": {
            "language": "ta",
            "duration": 15.185875,
            "duration_after_vad": 15.185875,
            "language_probability": 0.9845290780067444,
            "all_language_probs": [
                [
                    "ta",
                    0.9845290780067444
                ],
                [
                    "te",
                    0.007609135005623102
                ],
                [
                    "ml",
                    0.0064218672923743725
                ],
                [
                    "en",
                    0.0005246533546596766
                ],
                [
                    "kn",
                    0.0004320977022871375
                ],
                [
                    "ja",
                    0.00014493281196337193
                ],
                [
                    "hi",
                    7.570576417492703e-05
                ],
                [
                    "jw",
                    5.7871620811056346e-05
                ],
                [
                    "nn",
                    2.8101303541916423e-05
                ],
                [
                    "es",
                    1.6699705156497657e-05
                ],
                [
                    "ne",
                    1.5043208804854658e-05
                ],
                [
                    "pa",
                    1.4116955753706861e-05
                ],
                [
                    "sa",
                    1.3818898878525943e-05
                ],
                [
                    "fr",
                    1.1997242836514488e-05
                ],
                [
                    "si",
                    1.0211674634774681e-05
                ],
                [
                    "bn",
                    1.007007358566625e-05
                ],
                [
                    "zh",
                    1.0011232006945647e-05
                ],
                [
                    "fi",
                    9.35738171392586e-06
                ],
                [
                    "ms",
                    7.915602509456221e-06
                ],
                [
                    "mr",
                    7.1894442044140305e-06
                ],
                [
                    "la",
                    6.900042990309885e-06
                ],
                [
                    "ru",
                    4.32129036198603e-06
                ],
                [
                    "ko",
                    4.313331373850815e-06
                ],
                [
                    "ur",
                    3.95670849684393e-06
                ],
                [
                    "tr",
                    3.947425739170285e-06
                ],
                [
                    "gu",
                    2.460032874296303e-06
                ],
                [
                    "haw",
                    2.111681851602043e-06
                ],
                [
                    "id",
                    1.8831925672202487e-06
                ],
                [
                    "pt",
                    1.2449398809621925e-06
                ],
                [
                    "cy",
                    1.1001674238286796e-06
                ],
                [
                    "no",
                    1.0669790526662837e-06
                ],
                [
                    "it",
                    1.0138020343219978e-06
                ],
                [
                    "vi",
                    9.903740192385158e-07
                ],
                [
                    "km",
                    9.820691957429517e-07
                ],
                [
                    "ar",
                    8.384787406612304e-07
                ],
                [
                    "sd",
                    8.067363523878157e-07
                ],
                [
                    "gl",
                    7.908414545454434e-07
                ],
                [
                    "de",
                    7.029752282505797e-07
                ],
                [
                    "sv",
                    6.917434234310349e-07
                ],
                [
                    "bo",
                    6.689502356493904e-07
                ],
                [
                    "as",
                    6.499566893580777e-07
                ],
                [
                    "mi",
                    6.207540081959451e-07
                ],
                [
                    "nl",
                    6.093655429140199e-07
                ],
                [
                    "ca",
                    6.077220291444974e-07
                ],
                [
                    "eu",
                    5.882463369744073e-07
                ],
                [
                    "sn",
                    5.42239433798386e-07
                ],
                [
                    "bg",
                    5.408986680777161e-07
                ],
                [
                    "el",
                    5.243349505690276e-07
                ],
                [
                    "sw",
                    4.495511234381411e-07
                ],
                [
                    "th",
                    4.139855889206956e-07
                ],
                [
                    "tl",
                    3.879166854403593e-07
                ],
                [
                    "is",
                    3.735282518846361e-07
                ],
                [
                    "af",
                    3.6027495298185386e-07
                ],
                [
                    "uk",
                    3.3875116400849947e-07
                ],
                [
                    "ps",
                    2.7426759174886683e-07
                ],
                [
                    "da",
                    2.0532311850729457e-07
                ],
                [
                    "yo",
                    1.9220748015413847e-07
                ],
                [
                    "lv",
