{
    "path": "/Users/cindyzhang/YouLingo/video_analysis/sampled_videos_subset/847_video.mp4",
    "audio_path": "video_analysis/sampled_audios_subset/847_video_audio.wav",
    "language": "en",
    "length_sec": 23.83,
    "vad_duration_sec": 23.1676875,
    "total_segment_length_sec": 0.0,
    "word_count": -1,
    "tokens": [],
    "types": [],
    "mean_sentence_length_words": -1.0,
    "wpm": -1,
    "spm": -1,
    "average_ptr": -1,
    "transcript_text": "",
    "transcript": {
        "segments": [],
        "info": {
            "language": "en",
            "duration": 23.8236875,
            "duration_after_vad": 23.1676875,
            "language_probability": 0.8308354020118713,
            "all_language_probs": [
                [
                    "en",
                    0.8308354020118713
                ],
                [
                    "la",
                    0.03312614560127258
                ],
                [
                    "haw",
                    0.020815908908843994
                ],
                [
                    "cy",
                    0.014378415420651436
                ],
                [
                    "nn",
                    0.01274836529046297
                ],
                [
                    "ko",
                    0.010948456823825836
                ],
                [
                    "km",
                    0.007232382893562317
                ],
                [
                    "jw",
                    0.005717560648918152
                ],
                [
                    "ja",
                    0.0052522956393659115
                ],
                [
                    "ru",
                    0.005049912724643946
                ],
                [
                    "de",
                    0.003901243209838867
                ],
                [
                    "sn",
                    0.0037408277858048677
                ],
                [
                    "es",
                    0.0035931712482124567
                ],
                [
                    "tr",
                    0.003550174878910184
                ],
                [
                    "pt",
                    0.0026445232797414064
                ],
                [
                    "yo",
                    0.002553062280640006
                ],
                [
                    "mi",
                    0.0022945315577089787
                ],
                [
                    "fr",
                    0.0019398906733840704
                ],
                [
                    "hi",
                    0.0018269141437485814
                ],
                [
                    "br",
                    0.0017866950947791338
                ],
                [
                    "pl",
                    0.0015361801488325
                ],
                [
                    "it",
                    0.0014797087060287595
                ],
                [
                    "zh",
                    0.0011829228606075048
                ],
                [
                    "si",
                    0.0011210961965844035
                ],
                [
                    "te",
                    0.001117016770876944
                ],
                [
                    "th",
                    0.0010335732949897647
                ],
                [
                    "ro",
                    0.0010080435313284397
                ],
                [
                    "ml",
                    0.0009623323567211628
                ],
                [
                    "sa",
                    0.0009414121741428971
                ],
                [
                    "ht",
                    0.0008896691142581403
                ],
                [
                    "ur",
                    0.0008324505179189146
                ],
                [
                    "sv",
                    0.0008310226839967072
                ],
                [
                    "vi",
                    0.0008237013244070113
                ],
                [
                    "ms",
                    0.0008098494145087898
                ],
                [
                    "tl",
                    0.0008078161044977605
                ],
                [
                    "ar",
                    0.0007551063899882138
                ],
                [
                    "uk",
                    0.0007443178910762072
                ],
                [
                    "bn",
                    0.0006021628505550325
                ],
                [
                    "fo",
                    0.0005981129943393171
                ],
                [
                    "yi",
                    0.0005226582288742065
                ],
                [
                    "my",
                    0.0005050110630691051
                ],
                [
                    "ta",
                    0.0004862267232965678
                ],
                [
                    "nl",
                    0.0004808834055438638
                ],
                [
                    "mn",
                    0.00037709742900915444
                ],
                [
                    "cs",
                    0.00036484311567619443
                ],
                [
                    "sl",
                    0.00035286936326883733
                ],
                [
                    "da",
                    0.0003517439472489059
                ],
                [
                    "hr",
                    0.0003456235572230071
                ],
                [
                    "bs",
                    0.00032286523492075503
                ],
                [
                    "sw",
                    0.0003099068708252162
                ],
                [
                    "no",
                    0.00029668351635336876
                ],
                [
                    "fa",
                    0.00027562922332435846
                ],
                [
                    "el",
                    0.00024072792439255863
                ],
                [
                    "lv",
                    0.0002307732793269679
                ],
                [
                    "fi",
                    0.00020387046970427036
                ],
                [
                    "hu",
                    0.00019524808158166707
                ],
                [
                    "id",
                    0.0001949710276676342
                ],
                [
                    "oc",
                    0.00013854580174665898
                ],
                [
                    "bo",
                    0.0001319606089964509
                ],
                [
                    "is",
                    0.0001268585619982332
                ],
                [
                    "eu",
                    0.00012435187818482518
                ],
                [
                    "bg",
                    0.00011867006833199412
                ],
                [
                    "be",
                    0.00011695422290358692
                ],
                [
                    "af",
                    0.00010975418263114989
                ],
                [
                    "he",
                    0.00010525724792387336
                ],
                [
                    "ne",
                    0.0001036873654811643
                ],
                [
                    "sd",
                    7.60710536269471e-05
                ],
                [
                    "sk",
                    7.418070890707895e-05
                ],
                [
                    "mt",
                    7.232148345792666e-05
                ],
                [
