{
    "path": "/Users/cindyzhang/YouLingo/video_analysis/sampled_videos_subset/84_video.mp4",
    "audio_path": "video_analysis/sampled_audios_subset/84_video_audio.wav",
    "language": "en",
    "length_sec": 29.47,
    "vad_duration_sec": 0.896,
    "total_segment_length_sec": 0.0,
    "word_count": -1,
    "tokens": [],
    "types": [],
    "mean_sentence_length_words": -1.0,
    "wpm": -1,
    "spm": -1,
    "average_ptr": -1,
    "transcript_text": "",
    "transcript": {
        "segments": [],
        "info": {
            "language": "en",
            "duration": 29.421125,
            "duration_after_vad": 0.896,
            "language_probability": 0.3478870093822479,
            "all_language_probs": [
                [
                    "en",
                    0.3478870093822479
                ],
                [
                    "ko",
                    0.1734132319688797
                ],
                [
                    "ja",
                    0.11298514157533646
                ],
                [
                    "zh",
                    0.1043553575873375
                ],
                [
                    "nn",
                    0.029697993770241737
                ],
                [
                    "pt",
                    0.019912105053663254
                ],
                [
                    "jw",
                    0.019008690491318703
                ],
                [
                    "th",
                    0.015262773260474205
                ],
                [
                    "es",
                    0.014454968273639679
                ],
                [
                    "ru",
                    0.013686107471585274
                ],
                [
                    "fr",
                    0.01347262505441904
                ],
                [
                    "de",
                    0.011875046417117119
                ],
                [
                    "cy",
                    0.011827136389911175
                ],
                [
                    "it",
                    0.010562488809227943
                ],
                [
                    "vi",
                    0.010446413420140743
                ],
                [
                    "la",
                    0.008451312780380249
                ],
                [
                    "hi",
                    0.008095460012555122
                ],
                [
                    "ms",
                    0.005463873036205769
                ],
                [
                    "id",
                    0.005448304116725922
                ],
                [
                    "pl",
                    0.005187061615288258
                ],
                [
                    "haw",
                    0.005009644199162722
                ],
                [
                    "km",
                    0.004770098719745874
                ],
                [
                    "nl",
                    0.00431039510294795
                ],
                [
                    "tl",
                    0.003976617939770222
                ],
                [
                    "ar",
                    0.003821516176685691
                ],
                [
                    "tr",
                    0.0033347499556839466
                ],
                [
                    "fi",
                    0.003298169234767556
                ],
                [
                    "mi",
                    0.002586689544841647
                ],
                [
                    "br",
                    0.0020678327418863773
                ],
                [
                    "te",
                    0.0017356526805087924
                ],
                [
                    "sv",
                    0.0017103415448218584
                ],
                [
                    "hu",
                    0.0016680629923939705
                ],
                [
                    "ta",
                    0.0016315245302394032
                ],
                [
                    "el",
                    0.0016303533921018243
                ],
                [
                    "cs",
                    0.0013922268990427256
                ],
                [
                    "sn",
                    0.0012663755333051085
                ],
                [
                    "ur",
                    0.0009530102834105492
                ],
                [
                    "ml",
                    0.0009015454561449587
                ],
                [
                    "ca",
                    0.0008526304736733437
                ],
                [
                    "uk",
                    0.0008379232021979988
                ],
                [
                    "ro",
                    0.0007133784238249063
                ],
                [
                    "my",
                    0.0006917216232977808
                ],
                [
                    "si",
                    0.0006781536503694952
                ],
                [
                    "sa",
                    0.0006624366506002843
                ],
                [
                    "da",
                    0.0006276192143559456
                ],
                [
                    "gl",
                    0.0005631916574202478
                ],
                [
                    "no",
                    0.0005482028354890645
                ],
                [
                    "mn",
                    0.0005114004597999156
                ],
                [
                    "eu",
                    0.0004287827177904546
                ],
                [
                    "he",
                    0.00038671071524731815
                ],
                [
                    "yo",
                    0.0003693592734634876
                ],
                [
                    "bn",
                    0.0003440758737269789
                ],
                [
                    "fa",
                    0.0003274970513302833
                ],
                [
                    "bo",
                    0.00030058695119805634
                ],
                [
                    "hr",
                    0.0002940643753390759
                ],
                [
                    "sl",
                    0.00029275150154717267
                ],
                [
                    "sk",
                    0.00023087761655915529
                ],
                [
                    "ht",
                    0.00021963512699585408
                ],
                [
                    "be",
                    0.0002053006028290838
                ],
                [
                    "ne",
                    0.00020122271962463856
                ],
                [
                    "bg",
                    0.00019877884187735617
                ],
                [
                    "bs",
                    0.00017653347458690405
                ],
                [
                    "oc",
                    0.0001740450388751924
                ],
                [
                    "sw",
                    0.00014533937792293727
                ],
                [
                    "lo",
                    0.00013450710684992373
                ],
                [
                    "fo",
                    0.00013358643627725542
                ],
                [
                    "is",
                    0.00013232532364781946
                ],
                [
                    "yi",
                    0.0001117959909606725
                ],
                [
                    "af",
                    0.00010235181252937764
                ],
                [
                    "lv",
