{
    "path": "/Users/cindyzhang/YouLingo/video_analysis/sampled_videos_subset/850_video.mp4",
    "audio_path": "video_analysis/sampled_audios_subset/850_video_audio.wav",
    "language": "en",
    "length_sec": 11.1,
    "vad_duration_sec": 3.4119375,
    "total_segment_length_sec": 0.0,
    "word_count": -1,
    "tokens": [],
    "types": [],
    "mean_sentence_length_words": -1.0,
    "wpm": -1,
    "spm": -1,
    "average_ptr": -1,
    "transcript_text": "",
    "transcript": {
        "segments": [],
        "info": {
            "language": "en",
            "duration": 11.0759375,
            "duration_after_vad": 3.4119375,
            "language_probability": 0.7317338585853577,
            "all_language_probs": [
                [
                    "en",
                    0.7317338585853577
                ],
                [
                    "ko",
                    0.06642436236143112
                ],
                [
                    "ja",
                    0.0208269152790308
                ],
                [
                    "es",
                    0.01762242056429386
                ],
                [
                    "cy",
                    0.016139471903443336
                ],
                [
                    "km",
                    0.014073916710913181
                ],
                [
                    "zh",
                    0.013674355112016201
                ],
                [
                    "jw",
                    0.012912550009787083
                ],
                [
                    "pt",
                    0.012355766259133816
                ],
                [
                    "nn",
                    0.01086442917585373
                ],
                [
                    "la",
                    0.006823411211371422
                ],
                [
                    "haw",
                    0.006805071607232094
                ],
                [
                    "el",
                    0.005990274250507355
                ],
                [
                    "ru",
                    0.0057607353664934635
                ],
                [
                    "fr",
                    0.004324325360357761
                ],
                [
                    "nl",
                    0.004283747170120478
                ],
                [
                    "hi",
                    0.003532024333253503
                ],
                [
                    "de",
                    0.003531805472448468
                ],
                [
                    "tl",
                    0.0028571225702762604
                ],
                [
                    "it",
                    0.002781289629638195
                ],
                [
                    "pl",
                    0.002386409556493163
                ],
                [
                    "mi",
                    0.0023795939050614834
                ],
                [
                    "vi",
                    0.0021420461125671864
                ],
                [
                    "sn",
                    0.002040844177827239
                ],
                [
                    "te",
                    0.002006134483963251
                ],
                [
                    "th",
                    0.0019496373133733869
                ],
                [
                    "tr",
                    0.001652081380598247
                ],
                [
                    "ar",
                    0.0015579720493406057
                ],
                [
                    "ta",
                    0.0013243398861959577
                ],
                [
                    "ca",
                    0.0012419956037774682
                ],
                [
                    "fi",
                    0.0012350116157904267
                ],
                [
                    "sv",
                    0.0012311827158555388
                ],
                [
                    "id",
                    0.0011128972982987761
                ],
                [
                    "hu",
                    0.000919570040423423
                ],
                [
                    "ms",
                    0.0009031204972416162
                ],
                [
                    "si",
                    0.0008541835704818368
                ],
                [
                    "eu",
                    0.0008269048994407058
                ],
                [
                    "da",
                    0.0007944891112856567
                ],
                [
                    "br",
                    0.0007682936266064644
                ],
                [
                    "ro",
                    0.0005984629387967288
                ],
                [
                    "ur",
                    0.0005328939878381789
                ],
                [
                    "cs",
                    0.0005041904514655471
                ],
                [
                    "yo",
                    0.0004966904525645077
                ],
                [
                    "is",
                    0.0004901394713670015
                ],
                [
                    "gl",
                    0.0004795567656401545
                ],
                [
                    "sa",
                    0.00047576354700140655
                ],
                [
                    "my",
                    0.0004638104874175042
                ],
                [
                    "uk",
                    0.0004394457791931927
                ],
                [
                    "ml",
                    0.00042350898729637265
                ],
                [
                    "no",
                    0.00033518264535814524
                ],
                [
                    "mn",
                    0.0003083061019424349
                ],
                [
                    "he",
                    0.00029942073160782456
                ],
                [
                    "hr",
                    0.0002878870873246342
                ],
                [
                    "bn",
                    0.00026124133728444576
                ],
                [
                    "sl",
                    0.00024862392456270754
                ],
                [
                    "bs",
                    0.0002415835188003257
                ],
                [
                    "yi",
                    0.00020056494395248592
                ],
                [
                    "bg",
                    0.0002004081616178155
                ],
                [
                    "lv",
                    0.00018578932213131338
                ],
                [
                    "ht",
                    0.0001710997021291405
                ],
                [
                    "oc",
                    0.00016451627016067505
                ],
                [
                    "bo",
                    0.00016119166684802622
                ],
                [
                    "fo",
                    0.00013301642320584506
                ],
                [
                    "af",
                    0.00011406592966523021
                ],
                [
                    "ne",
                    0.0001127247596741654
                ],
                [
                    "sw",
                    0.00011108026228612289
                ],
                [
                    "fa",
                    0.00010318784916307777
                ],
                [
                    "be",
                    9.115410648519173e-05
                ],
                [
                    "sk",
                    7.56440349505283e-05
                ],
                [
