{
    "path": "/Users/cindyzhang/YouLingo/video_analysis/sampled_videos_subset/852_video.mp4",
    "audio_path": "video_analysis/sampled_audios_subset/852_video_audio.wav",
    "language": "en",
    "length_sec": 21.2,
    "vad_duration_sec": 1.12,
    "total_segment_length_sec": 0.0,
    "word_count": -1,
    "tokens": [],
    "types": [],
    "mean_sentence_length_words": -1.0,
    "wpm": -1,
    "spm": -1,
    "average_ptr": -1,
    "transcript_text": "",
    "transcript": {
        "segments": [],
        "info": {
            "language": "en",
            "duration": 21.176625,
            "duration_after_vad": 1.12,
            "language_probability": 0.7328831553459167,
            "all_language_probs": [
                [
                    "en",
                    0.7328831553459167
                ],
                [
                    "ko",
                    0.05235599726438522
                ],
                [
                    "ja",
                    0.022091342136263847
                ],
                [
                    "pt",
                    0.02044610120356083
                ],
                [
                    "fr",
                    0.01806190423667431
                ],
                [
                    "ru",
                    0.016896942630410194
                ],
                [
                    "nn",
                    0.015389757230877876
                ],
                [
                    "zh",
                    0.015039404854178429
                ],
                [
                    "es",
                    0.014579611830413342
                ],
                [
                    "cy",
                    0.01208474487066269
                ],
                [
                    "de",
                    0.009623933583498001
                ],
                [
                    "it",
                    0.008107064291834831
                ],
                [
                    "km",
                    0.005966224242001772
                ],
                [
                    "nl",
                    0.004994288552552462
                ],
                [
                    "jw",
                    0.004884354304522276
                ],
                [
                    "la",
                    0.004190363455563784
                ],
                [
                    "pl",
                    0.004132607486099005
                ],
                [
                    "tr",
                    0.0034265061840415
                ],
                [
                    "haw",
                    0.0026988943573087454
                ],
                [
                    "hi",
                    0.0026136261876672506
                ],
                [
                    "ar",
                    0.0023438874632120132
                ],
                [
                    "th",
                    0.0023084250278770924
                ],
                [
                    "hu",
                    0.0019309145864099264
                ],
                [
                    "tl",
                    0.0016995971091091633
                ],
                [
                    "el",
                    0.0015859582927078009
                ],
                [
                    "vi",
                    0.0015041708247736096
                ],
                [
                    "fi",
                    0.0014386362163349986
                ],
                [
                    "si",
                    0.0012595774605870247
                ],
                [
                    "sv",
                    0.0012139281025156379
                ],
                [
                    "id",
                    0.0009751312318257987
                ],
                [
                    "ta",
                    0.0009297342621721327
                ],
                [
                    "te",
                    0.0008585018804296851
                ],
                [
                    "ms",
                    0.0007789467344991863
                ],
                [
                    "mi",
                    0.0007789185037836432
                ],
                [
                    "ro",
                    0.0007575566414743662
                ],
                [
                    "ca",
                    0.0007531451410613954
                ],
                [
                    "sn",
                    0.0007440569461323321
                ],
                [
                    "cs",
                    0.0006525048520416021
                ],
                [
                    "eu",
                    0.000552481331396848
                ],
                [
                    "no",
                    0.0005095563246868551
                ],
                [
                    "ml",
                    0.0004476084723137319
                ],
                [
                    "uk",
                    0.00039418594678863883
                ],
                [
                    "da",
                    0.000392662244848907
                ],
                [
                    "he",
                    0.00038416701136156917
                ],
                [
                    "br",
                    0.0003571066481526941
                ],
                [
                    "hr",
                    0.00034424162004143
                ],
                [
                    "ur",
                    0.00034401286393404007
                ],
                [
                    "sa",
                    0.0003056896384805441
                ],
                [
                    "sl",
                    0.00021354581986088306
                ],
                [
                    "bs",
                    0.0002131307846866548
                ],
                [
                    "yo",
                    0.00020632259838748723
                ],
                [
                    "fa",
                    0.00017888662114273757
                ],
                [
                    "gl",
                    0.00016582343960180879
                ],
                [
                    "bg",
                    0.00015596281446050853
                ],
                [
                    "bn",
                    0.00015198483015410602
                ],
                [
                    "sk",
                    0.00014588399790227413
                ],
                [
                    "is",
                    0.00014443446707446128
                ],
                [
                    "my",
                    0.0001404331560479477
                ],
                [
                    "ht",
                    9.786729060579091e-05
                ],
                [
                    "bo",
                    9.716070053400472e-05
                ],
                [
                    "mn",
                    9.41618563956581e-05
                ],
                [
                    "oc",
                    8.090457413345575e-05
                ],
                [
                    "be",
                    7.442446803906932e-05
                ],
                [
                    "ne",
                    7.274682866409421e-05
                ],
                [
                    "lv",
                    7.078001362970099e-05
                ],
                [
                    "sw",
                    6.555858271894976e-05
                ],
                [
                    "af",
                    6.36527911410667e-05
                ],
                [
                    "yi",
                    6.3417995988857e-05
                ],
                [
                    "fo",
                    6.28380075795576e-05
                ],
                [
                    "lt",
