{
    "path": "/Users/cindyzhang/YouLingo/video_analysis/sampled_videos_subset/856_video.mp4",
    "audio_path": "video_analysis/sampled_audios_subset/856_video_audio.wav",
    "language": "en",
    "length_sec": 27.07,
    "vad_duration_sec": 2.336,
    "total_segment_length_sec": 0.0,
    "word_count": -1,
    "tokens": [],
    "types": [],
    "mean_sentence_length_words": -1.0,
    "wpm": -1,
    "spm": -1,
    "average_ptr": -1,
    "transcript_text": "",
    "transcript": {
        "segments": [],
        "info": {
            "language": "en",
            "duration": 27.0280625,
            "duration_after_vad": 2.336,
            "language_probability": 0.5647143721580505,
            "all_language_probs": [
                [
                    "en",
                    0.5647143721580505
                ],
                [
                    "ko",
                    0.14450587332248688
                ],
                [
                    "ja",
                    0.07861872017383575
                ],
                [
                    "ru",
                    0.020210204645991325
                ],
                [
                    "fr",
                    0.02007678709924221
                ],
                [
                    "es",
                    0.01781393773853779
                ],
                [
                    "de",
                    0.014783026650547981
                ],
                [
                    "pt",
                    0.014068190939724445
                ],
                [
                    "zh",
                    0.01255460549145937
                ],
                [
                    "nn",
                    0.009963366203010082
                ],
                [
                    "la",
                    0.007790545932948589
                ],
                [
                    "cy",
                    0.007706667296588421
                ],
                [
                    "tr",
                    0.00714484229683876
                ],
                [
                    "it",
                    0.0062050544656813145
                ],
                [
                    "pl",
                    0.005346388556063175
                ],
                [
                    "nl",
                    0.004717644769698381
                ],
                [
                    "el",
                    0.0044906227849423885
                ],
                [
                    "km",
                    0.004034203942865133
                ],
                [
                    "ar",
                    0.0037666726857423782
                ],
                [
                    "hu",
                    0.0033651883713901043
                ],
                [
                    "th",
                    0.003289758460596204
                ],
                [
                    "jw",
                    0.002855881117284298
                ],
                [
                    "sv",
                    0.0028282003477215767
                ],
                [
                    "hi",
                    0.0028033077251166105
                ],
                [
                    "haw",
                    0.0024982381146401167
                ],
                [
                    "eu",
                    0.0022007653024047613
                ],
                [
                    "da",
                    0.0021256550680845976
                ],
                [
                    "te",
                    0.0017856961349025369
                ],
                [
                    "ro",
                    0.001686006668023765
                ],
                [
                    "ta",
                    0.0016418598825111985
                ],
                [
                    "fi",
                    0.001524323713965714
                ],
                [
                    "cs",
                    0.0014105598675087094
                ],
                [
                    "mi",
                    0.001386740361340344
                ],
                [
                    "he",
                    0.0012981332838535309
                ],
                [
                    "vi",
                    0.0011802427470684052
                ],
                [
                    "no",
                    0.0010998103534802794
                ],
                [
                    "ca",
                    0.001089405850507319
                ],
                [
                    "br",
                    0.0009093251428566873
                ],
                [
                    "uk",
                    0.000891981297172606
                ],
                [
                    "tl",
                    0.000848509487695992
                ],
                [
                    "si",
                    0.0008166154148057103
                ],
                [
                    "bg",
                    0.0007847032975405455
                ],
                [
                    "sn",
                    0.0007501420914195478
                ],
                [
                    "id",
                    0.0007074311724863946
                ],
                [
                    "ms",
                    0.00062066491227597
                ],
                [
                    "my",
                    0.0006094591808505356
                ],
                [
                    "hr",
                    0.0005767759284935892
                ],
                [
                    "ur",
                    0.0005588468047790229
                ],
                [
                    "is",
                    0.0005226991488598287
                ],
                [
                    "sl",
                    0.00045732766739092767
                ],
                [
                    "bs",
                    0.0004382506012916565
                ],
                [
                    "bo",
                    0.00042947844485752285
                ],
                [
                    "ml",
                    0.0004189474566373974
                ],
                [
                    "mn",
                    0.0004124060506001115
                ],
                [
                    "gl",
                    0.0003495024866424501
                ],
                [
                    "yo",
                    0.0003401261637918651
                ],
                [
                    "bn",
                    0.0003175494202878326
                ],
                [
                    "fa",
                    0.0003028213104698807
                ],
                [
                    "lt",
                    0.0002972838410641998
                ],
                [
                    "ht",
                    0.0002610735537018627
                ],
                [
                    "oc",
                    0.00024297084019053727
                ],
                [
                    "lv",
                    0.0002369260910199955
                ],
                [
                    "sa",
                    0.00023399124620482326
                ],
                [
                    "af",
                    0.0002032433549175039
                ],
                [
                    "yi",
                    0.00019839195010717958
                ],
                [
                    "sw",
                    0.00019435645663179457
                ],
                [
                    "ne",
                    0.0001508828718215227
                ],
                [
                    "sk",
                    0.00014962734712753445
                ],
                [
                    "be",
                    0.00013898921315558255
                ],
                [
                    "et",
