{
    "path": "/Users/cindyzhang/YouLingo/video_analysis/sampled_videos_subset/868_video.mp4",
    "audio_path": "video_analysis/sampled_audios_subset/868_video_audio.wav",
    "language": "en",
    "length_sec": 11.52,
    "vad_duration_sec": 0.896,
    "total_segment_length_sec": 0.0,
    "word_count": -1,
    "tokens": [],
    "types": [],
    "mean_sentence_length_words": -1.0,
    "wpm": -1,
    "spm": -1,
    "average_ptr": -1,
    "transcript_text": "",
    "transcript": {
        "segments": [],
        "info": {
            "language": "en",
            "duration": 11.54175,
            "duration_after_vad": 0.896,
            "language_probability": 0.42682865262031555,
            "all_language_probs": [
                [
                    "en",
                    0.42682865262031555
                ],
                [
                    "jw",
                    0.0757891982793808
                ],
                [
                    "nn",
                    0.06775452941656113
                ],
                [
                    "ko",
                    0.04708605259656906
                ],
                [
                    "ja",
                    0.045634977519512177
                ],
                [
                    "km",
                    0.029408317059278488
                ],
                [
                    "la",
                    0.0254939217120409
                ],
                [
                    "es",
                    0.022887304425239563
                ],
                [
                    "zh",
                    0.019825926050543785
                ],
                [
                    "cy",
                    0.019579293206334114
                ],
                [
                    "pt",
                    0.01893734559416771
                ],
                [
                    "ru",
                    0.016794461756944656
                ],
                [
                    "fr",
                    0.014773786067962646
                ],
                [
                    "de",
                    0.01449805498123169
                ],
                [
                    "si",
                    0.009691852144896984
                ],
                [
                    "hi",
                    0.009665424935519695
                ],
                [
                    "pl",
                    0.00953635387122631
                ],
                [
                    "br",
                    0.008912881836295128
                ],
                [
                    "it",
                    0.008671239949762821
                ],
                [
                    "tr",
                    0.00854812003672123
                ],
                [
                    "nl",
                    0.00843727495521307
                ],
                [
                    "te",
                    0.007561862468719482
                ],
                [
                    "haw",
                    0.006961479317396879
                ],
                [
                    "sn",
                    0.005357884801924229
                ],
                [
                    "th",
                    0.005310002714395523
                ],
                [
                    "id",
                    0.005112076178193092
                ],
                [
                    "sa",
                    0.004522699397057295
                ],
                [
                    "ar",
                    0.00432897824794054
                ],
                [
                    "fi",
                    0.004245300777256489
                ],
                [
                    "ms",
                    0.003958588000386953
                ],
                [
                    "vi",
                    0.0037885166238993406
                ],
                [
                    "el",
                    0.00351266423240304
                ],
                [
                    "hu",
                    0.0031504561193287373
                ],
                [
                    "ta",
                    0.003104587085545063
                ],
                [
                    "ml",
                    0.002884075976908207
                ],
                [
                    "tl",
                    0.002459987998008728
                ],
                [
                    "sv",
                    0.00226241210475564
                ],
                [
                    "ro",
                    0.0019725263118743896
                ],
                [
                    "cs",
                    0.001856779563240707
                ],
                [
                    "ur",
                    0.0016212256159633398
                ],
                [
                    "uk",
                    0.0015872141811996698
                ],
                [
                    "mi",
                    0.0013021733611822128
                ],
                [
                    "bg",
                    0.0011260992614552379
                ],
                [
                    "fa",
                    0.0009979845490306616
                ],
                [
                    "da",
                    0.0009678915957920253
                ],
                [
                    "he",
                    0.0008130326168611646
                ],
                [
                    "sl",
                    0.0008080422412604094
                ],
                [
                    "ca",
                    0.0007589912856929004
                ],
                [
                    "bn",
                    0.0007472167490050197
                ],
                [
                    "gl",
                    0.0007113810279406607
                ],
                [
                    "yo",
                    0.0006918631261214614
                ],
                [
                    "no",
                    0.0005953037762083113
                ],
                [
                    "hr",
                    0.000580618332605809
                ],
                [
                    "sk",
                    0.0005617315764538944
                ],
                [
                    "my",
                    0.0004431588458828628
                ],
                [
                    "sw",
                    0.00033119446015916765
                ],
                [
                    "hy",
                    0.00031586794648319483
                ],
                [
                    "eu",
                    0.00030843025888316333
                ],
                [
                    "oc",
                    0.00029504249687306583
                ],
                [
                    "lo",
                    0.0002733142755459994
                ],
                [
                    "mn",
                    0.00027309436700306833
                ],
                [
                    "be",
                    0.0002565239556133747
                ],
                [
                    "bs",
                    0.00022858988086227328
                ],
                [
                    "bo",
                    0.00017324724467471242
                ],
                [
                    "yi",
                    0.00016282213618978858
                ],
                [
                    "fo",
                    0.00016264544683508575
                ],
                [
                    "ps",
                    0.00014393890160135925
                ],
                [
                    "az",
                    0.00014323770301416516
                ],
                [
                    "is",
                    0.00014147479669190943
                ],
                [
                    "lv",
