{
    "path": "/Users/cindyzhang/YouLingo/video_analysis/sampled_videos_subset/883_video.mp4",
    "audio_path": "video_analysis/sampled_audios_subset/883_video_audio.wav",
    "language": "en",
    "length_sec": 8.54,
    "vad_duration_sec": 6.9769375,
    "total_segment_length_sec": 0.0,
    "word_count": -1,
    "tokens": [],
    "types": [],
    "mean_sentence_length_words": -1.0,
    "wpm": -1,
    "spm": -1,
    "average_ptr": -1,
    "transcript_text": "",
    "transcript": {
        "segments": [],
        "info": {
            "language": "en",
            "duration": 8.5449375,
            "duration_after_vad": 6.9769375,
            "language_probability": 0.6558865904808044,
            "all_language_probs": [
                [
                    "en",
                    0.6558865904808044
                ],
                [
                    "ko",
                    0.1143743097782135
                ],
                [
                    "ru",
                    0.028818385675549507
                ],
                [
                    "ja",
                    0.023791329935193062
                ],
                [
                    "fr",
                    0.015861205756664276
                ],
                [
                    "jw",
                    0.014038585126399994
                ],
                [
                    "nn",
                    0.01220325194299221
                ],
                [
                    "es",
                    0.010578191839158535
                ],
                [
                    "zh",
                    0.010330398567020893
                ],
                [
                    "km",
                    0.01031191274523735
                ],
                [
                    "haw",
                    0.008184223435819149
                ],
                [
                    "pt",
                    0.00803991500288248
                ],
                [
                    "de",
                    0.006560447625815868
                ],
                [
                    "ar",
                    0.006062119267880917
                ],
                [
                    "it",
                    0.005906743463128805
                ],
                [
                    "hi",
                    0.0052879382856190205
                ],
                [
                    "tr",
                    0.005277805961668491
                ],
                [
                    "pl",
                    0.004660704638808966
                ],
                [
                    "la",
                    0.004073405172675848
                ],
                [
                    "nl",
                    0.003859124379232526
                ],
                [
                    "tl",
                    0.0035866687539964914
                ],
                [
                    "vi",
                    0.0034414588008075953
                ],
                [
                    "te",
                    0.0028862820472568274
                ],
                [
                    "th",
                    0.002784167416393757
                ],
                [
                    "sn",
                    0.0025279854889959097
                ],
                [
                    "ro",
                    0.002194457221776247
                ],
                [
                    "cy",
                    0.0020629335194826126
                ],
                [
                    "id",
                    0.0019727947656065226
                ],
                [
                    "br",
                    0.0019122313242405653
                ],
                [
                    "el",
                    0.0015911541413515806
                ],
                [
                    "ta",
                    0.0014552928041666746
                ],
                [
                    "sv",
                    0.0014442390529438853
                ],
                [
                    "ms",
                    0.001353897387161851
                ],
                [
                    "yo",
                    0.0011119748232886195
                ],
                [
                    "no",
                    0.0010357719147577882
                ],
                [
                    "hu",
                    0.0010061871726065874
                ],
                [
                    "fi",
                    0.0009967858204618096
                ],
                [
                    "si",
                    0.0009007601183839142
                ],
                [
                    "uk",
                    0.0008588226046413183
                ],
                [
                    "ur",
                    0.0008079614490270615
                ],
                [
                    "mi",
                    0.0007210823823697865
                ],
                [
                    "cs",
                    0.0006259088986553252
                ],
                [
                    "ca",
                    0.000549578049685806
                ],
                [
                    "he",
                    0.0005181138985790312
                ],
                [
                    "bg",
                    0.0004944997490383685
                ],
                [
                    "ml",
                    0.00048199709272012115
                ],
                [
                    "sa",
                    0.00046109285904094577
                ],
                [
                    "hr",
                    0.00044248218182474375
                ],
                [
                    "bn",
                    0.00043593341251835227
                ],
                [
                    "fa",
                    0.00037413957761600614
                ],
                [
                    "gl",
                    0.00031522029894404113
                ],
                [
                    "da",
                    0.00029969337629154325
                ],
                [
                    "ht",
                    0.00029505323618650436
                ],
                [
                    "sl",
                    0.0002740588679444045
                ],
                [
                    "bs",
                    0.0002560001448728144
                ],
                [
                    "hy",
                    0.00024805701104924083
                ],
                [
                    "is",
                    0.00021541508613154292
                ],
                [
                    "oc",
                    0.00020815702737309039
                ],
                [
                    "mn",
                    0.00020482043328229338
                ],
                [
                    "my",
                    0.00020403476082719862
                ],
                [
                    "yi",
                    0.0001862611243268475
                ],
                [
                    "be",
                    0.00016806648636702448
                ],
                [
                    "eu",
                    0.00016795689589343965
                ],
                [
                    "sk",
                    0.0001638421235838905
                ],
                [
                    "bo",
                    0.00015140813775360584
                ],
                [
                    "lv",
                    0.0001208757603308186
                ],
                [
                    "lo",
                    0.00011726823868229985
                ],
                [
                    "sw",
                    0.00011547660687938333
                ],
                [
                    "ne",
                    0.00010971447773044929
                ],
                [
