{
    "path": "/Users/cindyzhang/YouLingo/video_analysis/sampled_videos_subset/886_video.mp4",
    "audio_path": "video_analysis/sampled_audios_subset/886_video_audio.wav",
    "language": "ml",
    "length_sec": 12.33,
    "vad_duration_sec": 9.5245625,
    "total_segment_length_sec": 10.53,
    "word_count": -1,
    "tokens": [],
    "types": [],
    "mean_sentence_length_words": -1.0,
    "wpm": -1,
    "spm": -1,
    "average_ptr": -1,
    "transcript_text": " bhaji",
    "transcript": {
        "segments": [
            {
                "id": 1,
                "start": 0.0,
                "end": 10.53,
                "text": " bhaji",
                "no_speech_prob": 0.06648027151823044,
                "avg_logprob": -1.906984601702009,
                "compression_ratio": 0.38461538461538464,
                "temperature": 1.0
            }
        ],
        "info": {
            "language": "ml",
            "duration": 12.0525625,
            "duration_after_vad": 9.5245625,
            "language_probability": 0.9203547239303589,
            "all_language_probs": [
                [
                    "ml",
                    0.9203547239303589
                ],
                [
                    "ta",
                    0.02754642628133297
                ],
                [
                    "te",
                    0.01071848627179861
                ],
                [
                    "en",
                    0.0074592819437384605
                ],
                [
                    "es",
                    0.006458303425461054
                ],
                [
                    "hi",
                    0.006234068423509598
                ],
                [
                    "si",
                    0.0031396858394145966
                ],
                [
                    "pa",
                    0.0030489847995340824
                ],
                [
                    "kn",
                    0.002708773361518979
                ],
                [
                    "bn",
                    0.0015734138432890177
                ],
                [
                    "ne",
                    0.0011680381139740348
                ],
                [
                    "ur",
                    0.001057241577655077
                ],
                [
                    "de",
                    0.000778344227001071
                ],
                [
                    "nn",
                    0.0006008756463415921
                ],
                [
                    "ja",
                    0.0005954994703643024
                ],
                [
                    "haw",
                    0.0005213107215240598
                ],
                [
                    "ko",
                    0.0005015074857510626
                ],
                [
                    "fi",
                    0.00044680931023322046
                ],
                [
                    "tr",
                    0.0003828814369626343
                ],
                [
                    "it",
                    0.00036813342012465
                ],
                [
                    "zh",
                    0.0003482484898995608
                ],
                [
                    "fr",
                    0.0003352637868374586
                ],
                [
                    "mr",
                    0.00032727414509281516
                ],
                [
                    "gu",
                    0.0002717279130592942
                ],
                [
                    "sa",
                    0.0002678784367162734
                ],
                [
                    "pt",
                    0.00025959211052395403
                ],
                [
                    "jw",
                    0.0002244488277938217
                ],
                [
                    "nl",
                    0.0002060491096926853
                ],
                [
                    "da",
                    0.00019776167755480856
                ],
                [
                    "sd",
                    0.0001678234402788803
                ],
                [
                    "la",
                    0.00011954882938880473
                ],
                [
                    "km",
                    0.00010552148887654766
                ],
                [
                    "ar",
                    9.474503895035014e-05
                ],
                [
                    "eu",
                    8.916036313166842e-05
                ],
                [
                    "th",
                    8.692734991200268e-05
                ],
                [
                    "cy",
                    8.524821896571666e-05
                ],
                [
                    "tl",
                    7.602522964589298e-05
                ],
                [
                    "bs",
                    6.60110599710606e-05
                ],
                [
                    "el",
                    6.167117680888623e-05
                ],
                [
                    "as",
                    6.0103866417193785e-05
                ],
                [
                    "my",
                    5.69688381801825e-05
                ],
                [
                    "hr",
                    5.443604459287599e-05
                ],
                [
                    "sv",
                    5.4419124353444204e-05
                ],
                [
                    "no",
                    5.435449565993622e-05
                ],
                [
                    "af",
                    4.919889761367813e-05
                ],
                [
                    "fa",
                    4.8072226491058245e-05
                ],
                [
                    "cs",
                    4.587381044984795e-05
                ],
                [
                    "vi",
                    4.549073855741881e-05
                ],
                [
                    "ms",
                    3.950212339987047e-05
                ],
                [
                    "mn",
                    3.178264887537807e-05
                ],
                [
                    "id",
                    3.0314578907564282e-05
                ],
                [
                    "sr",
                    2.9492761314031668e-05
                ],
                [
                    "ru",
                    2.8687227313639596e-05
                ],
                [
                    "bo",
                    2.6342562705394812e-05
                ],
                [
                    "gl",
                    2.5993931558332406e-05
                ],
                [
                    "mi",
                    2.4838522222125903e-05
                ],
                [
                    "is",
                    2.0801850041607395e-05
                ],
                [
                    "hu",
                    1.928630990732927e-05
                ],
                [
                    "sn",
                    1.6370342564187013e-05
                ],
                [
                    "et",
                    1.5054984032758512e-05
                ],
                [
                    "ps",
                    1.4581927644030657e-05
                ],
                [
                    "sk",
                    1.3022642633586656e-05
                ],
                [
                    "he",
                    1.2717989193333779e-05
                ],
                [
                    "sq",
                    1.076738044503145e-05
                ],
                [
                    "ro",
                    1.0373697477916721e-05
                ],
                [
                    "lv",
