{
    "path": "/Users/cindyzhang/YouLingo/video_analysis/sampled_videos_subset/896_video.mp4",
    "audio_path": "video_analysis/sampled_audios_subset/896_video_audio.wav",
    "language": "ur",
    "length_sec": 11.75,
    "vad_duration_sec": 7.168,
    "total_segment_length_sec": 0.0,
    "word_count": -1,
    "tokens": [],
    "types": [],
    "mean_sentence_length_words": -1.0,
    "wpm": -1,
    "spm": -1,
    "average_ptr": -1,
    "transcript_text": "",
    "transcript": {
        "segments": [],
        "info": {
            "language": "ur",
            "duration": 11.7260625,
            "duration_after_vad": 7.168,
            "language_probability": 0.36702510714530945,
            "all_language_probs": [
                [
                    "ur",
                    0.36702510714530945
                ],
                [
                    "hi",
                    0.17421716451644897
                ],
                [
                    "tr",
                    0.08065532892942429
                ],
                [
                    "en",
                    0.04646964743733406
                ],
                [
                    "ar",
                    0.03713507577776909
                ],
                [
                    "te",
                    0.030394431203603745
                ],
                [
                    "sa",
                    0.029872143641114235
                ],
                [
                    "pa",
                    0.01570824347436428
                ],
                [
                    "ta",
                    0.013742279261350632
                ],
                [
                    "el",
                    0.012862357310950756
                ],
                [
                    "mr",
                    0.012758397497236729
                ],
                [
                    "ro",
                    0.011748448945581913
                ],
                [
                    "fa",
                    0.01133643463253975
                ],
                [
                    "es",
                    0.010498055256903172
                ],
                [
                    "bn",
                    0.009959426708519459
                ],
                [
                    "jw",
                    0.00975339487195015
                ],
                [
                    "ne",
                    0.009450741112232208
                ],
                [
                    "sd",
                    0.007430727127939463
                ],
                [
                    "zh",
                    0.0072186351753771305
                ],
                [
                    "pt",
                    0.006081703584641218
                ],
                [
                    "it",
                    0.005093862768262625
                ],
                [
                    "cs",
                    0.004656640347093344
                ],
                [
                    "ru",
                    0.004186226986348629
                ],
                [
                    "tl",
                    0.003996890038251877
                ],
                [
                    "ms",
                    0.003940165974199772
                ],
                [
                    "kn",
                    0.003879605093970895
                ],
                [
                    "fr",
                    0.00383268971927464
                ],
                [
                    "hr",
                    0.0035843749064952135
                ],
                [
                    "la",
                    0.003504534950479865
                ],
                [
                    "ps",
                    0.0034186006523668766
                ],
                [
                    "he",
                    0.003283517202362418
                ],
                [
                    "ko",
                    0.0030069274362176657
                ],
                [
                    "haw",
                    0.00295369909144938
                ],
                [
                    "ml",
                    0.0027752567548304796
                ],
                [
                    "nn",
                    0.0026061292737722397
                ],
                [
                    "de",
                    0.0025008060038089752
                ],
                [
                    "gu",
                    0.0022964919917285442
                ],
                [
                    "ja",
                    0.0022526730317622423
                ],
                [
                    "uk",
                    0.002150433138012886
                ],
                [
                    "mi",
                    0.002047196263447404
                ],
                [
                    "nl",
                    0.0018600652692839503
                ],
                [
                    "lv",
                    0.0016610667807981372
                ],
                [
                    "cy",
                    0.0015684778336435556
                ],
                [
                    "hu",
                    0.0015423380536958575
                ],
                [
                    "bs",
                    0.0014221019810065627
                ],
                [
                    "sl",
                    0.0013359017902985215
                ],
                [
                    "az",
                    0.0012726717395707965
                ],
                [
                    "sr",
                    0.0011928265448659658
                ],
                [
                    "id",
                    0.0009612059802748263
                ],
                [
                    "si",
                    0.0008995391544885933
                ],
                [
                    "bg",
                    0.0008845768170431256
                ],
                [
                    "fi",
                    0.0008055799989961088
                ],
                [
                    "af",
                    0.0007513064774684608
                ],
                [
                    "eu",
                    0.0007291355868801475
                ],
                [
                    "bo",
                    0.00067826674785465
                ],
                [
                    "pl",
                    0.0006558294408023357
                ],
                [
                    "yo",
                    0.000634959782473743
                ],
                [
                    "is",
                    0.0006238471250981092
                ],
                [
                    "kk",
                    0.0006207033293321729
                ],
                [
                    "yi",
                    0.0005826957058161497
                ],
                [
                    "ca",
                    0.0005740148480981588
                ],
                [
                    "br",
                    0.000572863151319325
                ],
                [
                    "be",
                    0.000554952654056251
                ],
                [
                    "hy",
                    0.0005510237533599138
                ],
                [
                    "gl",
                    0.0005460662650875747
                ],
                [
                    "sq",
                    0.000527893949765712
                ],
                [
                    "et",
                    0.0005133373779244721
                ],
                [
                    "lt",
                    0.0004754349938593805
                ],
                [
                    "sn",
                    0.0003676011401694268
                ],
                [
                    "ka",
