{
    "path": "/Users/cindyzhang/YouLingo/video_analysis/sampled_videos_subset/898_video.mp4",
    "audio_path": "video_analysis/sampled_audios_subset/898_video_audio.wav",
    "language": "ar",
    "length_sec": 15.08,
    "vad_duration_sec": 15.06975,
    "total_segment_length_sec": 0.0,
    "word_count": -1,
    "tokens": [],
    "types": [],
    "mean_sentence_length_words": -1.0,
    "wpm": -1,
    "spm": -1,
    "average_ptr": -1,
    "transcript_text": "",
    "transcript": {
        "segments": [],
        "info": {
            "language": "ar",
            "duration": 15.06975,
            "duration_after_vad": 15.06975,
            "language_probability": 0.9146736860275269,
            "all_language_probs": [
                [
                    "ar",
                    0.9146736860275269
                ],
                [
                    "en",
                    0.03117523342370987
                ],
                [
                    "ur",
                    0.014395806938409805
                ],
                [
                    "tr",
                    0.009764360263943672
                ],
                [
                    "ms",
                    0.004193199798464775
                ],
                [
                    "nn",
                    0.0034278843086212873
                ],
                [
                    "ko",
                    0.0025260450784116983
                ],
                [
                    "la",
                    0.0021471392828971148
                ],
                [
                    "haw",
                    0.0018959572771564126
                ],
                [
                    "fr",
                    0.0017230616649612784
                ],
                [
                    "jw",
                    0.0015504782786592841
                ],
                [
                    "hi",
                    0.0015263777459040284
                ],
                [
                    "ja",
                    0.001258987351320684
                ],
                [
                    "tl",
                    0.0008408751455135643
                ],
                [
                    "de",
                    0.0007875611772760749
                ],
                [
                    "nl",
                    0.0007545359549112618
                ],
                [
                    "cy",
                    0.000706451537553221
                ],
                [
                    "zh",
                    0.0006202726508490741
                ],
                [
                    "ru",
                    0.0005288777174428105
                ],
                [
                    "pt",
                    0.0003870732325594872
                ],
                [
                    "id",
                    0.0003676613268908113
                ],
                [
                    "it",
                    0.00032045060652308166
                ],
                [
                    "es",
                    0.0003008225467056036
                ],
                [
                    "he",
                    0.00029201217694208026
                ],
                [
                    "pl",
                    0.00027686471003107727
                ],
                [
                    "el",
                    0.0002492582134436816
                ],
                [
                    "sa",
                    0.00023796706227585673
                ],
                [
                    "br",
                    0.0002214049600297585
                ],
                [
                    "fa",
                    0.00021349036251194775
                ],
                [
                    "km",
                    0.00015068902575876564
                ],
                [
                    "yi",
                    0.00014963246940169483
                ],
                [
                    "mi",
                    0.00014741873019374907
                ],
                [
                    "vi",
                    0.00014282306074164808
                ],
                [
                    "yo",
                    0.0001375951833324507
                ],
                [
                    "no",
                    0.0001365181669825688
                ],
                [
                    "sv",
                    0.00013419505557976663
                ],
                [
                    "ta",
                    0.0001274720416404307
                ],
                [
                    "fi",
                    0.00011853202886413783
                ],
                [
                    "cs",
                    0.00010905237286351621
                ],
                [
                    "ml",
                    9.192839206662029e-05
                ],
                [
                    "sd",
                    8.603386231698096e-05
                ],
                [
                    "bn",
                    7.713467493886128e-05
                ],
                [
                    "ps",
                    7.140570232877508e-05
                ],
                [
                    "da",
                    6.902738095959648e-05
                ],
                [
                    "hu",
                    6.260153168113902e-05
                ],
                [
                    "ro",
                    5.773529119323939e-05
                ],
                [
                    "is",
                    5.178567153052427e-05
                ],
                [
                    "pa",
                    4.985150007996708e-05
                ],
                [
                    "af",
                    4.7231995267793536e-05
                ],
                [
                    "te",
                    4.696546238847077e-05
                ],
                [
                    "mn",
                    4.362625259091146e-05
                ],
                [
                    "eu",
                    3.858048876281828e-05
                ],
                [
                    "az",
                    3.84458398912102e-05
                ],
                [
                    "sn",
                    3.707098221639171e-05
                ],
                [
                    "si",
                    3.218617712263949e-05
                ],
                [
                    "th",
                    3.1681196560384706e-05
                ],
                [
                    "uk",
                    3.1620704248780385e-05
                ],
                [
                    "ht",
                    2.7785488782683387e-05
                ],
                [
                    "bo",
                    2.69792290055193e-05
                ],
                [
                    "mt",
                    2.6533663913141936e-05
                ],
                [
                    "oc",
                    2.3907152353785932e-05
                ],
                [
                    "my",
                    2.2779493519919924e-05
                ],
                [
                    "kn",
                    1.9133000023430213e-05
                ],
                [
                    "gl",
                    1.8534119590185583e-05
                ],
                [
                    "so",
                    1.5836874808883294e-05
                ],
                [
                    "kk",
                    1.2004865311610047e-05
                ],
                [
                    "sl",
                    1.1163767339894548e-05
                ],
                [
                    "sw",
                    9.056909220817033e-06
                ],
                [
                    "fo",
                    8.931762749853078e-06
                ],
