{
    "path": "/Users/cindyzhang/YouLingo/video_analysis/sampled_videos_subset/901_video.mp4",
    "audio_path": "video_analysis/sampled_audios_subset/901_video_audio.wav",
    "language": "en",
    "length_sec": 12.6,
    "vad_duration_sec": 10.5068125,
    "total_segment_length_sec": 0.0,
    "word_count": -1,
    "tokens": [],
    "types": [],
    "mean_sentence_length_words": -1.0,
    "wpm": -1,
    "spm": -1,
    "average_ptr": -1,
    "transcript_text": "",
    "transcript": {
        "segments": [],
        "info": {
            "language": "en",
            "duration": 12.5388125,
            "duration_after_vad": 10.5068125,
            "language_probability": 0.7776357531547546,
            "all_language_probs": [
                [
                    "en",
                    0.7776357531547546
                ],
                [
                    "ko",
                    0.05788945406675339
                ],
                [
                    "ja",
                    0.02438758686184883
                ],
                [
                    "haw",
                    0.022533094510436058
                ],
                [
                    "nn",
                    0.016991250216960907
                ],
                [
                    "km",
                    0.009344701655209064
                ],
                [
                    "jw",
                    0.009146732278168201
                ],
                [
                    "ru",
                    0.007725243456661701
                ],
                [
                    "pt",
                    0.007664817851036787
                ],
                [
                    "zh",
                    0.006223612930625677
                ],
                [
                    "cy",
                    0.005914383567869663
                ],
                [
                    "fr",
                    0.005264833103865385
                ],
                [
                    "es",
                    0.004883656278252602
                ],
                [
                    "la",
                    0.004683836828917265
                ],
                [
                    "de",
                    0.0044055660255253315
                ],
                [
                    "tr",
                    0.003224398707970977
                ],
                [
                    "vi",
                    0.0022883585188537836
                ],
                [
                    "it",
                    0.0022641217801719904
                ],
                [
                    "nl",
                    0.00205206754617393
                ],
                [
                    "ar",
                    0.0018373681232333183
                ],
                [
                    "th",
                    0.0017313298303633928
                ],
                [
                    "si",
                    0.0016216032672673464
                ],
                [
                    "tl",
                    0.0014895674539729953
                ],
                [
                    "pl",
                    0.0014185791369527578
                ],
                [
                    "hi",
                    0.0011936113005504012
                ],
                [
                    "mi",
                    0.0011861990205943584
                ],
                [
                    "te",
                    0.0011058193631470203
                ],
                [
                    "sn",
                    0.00106326537206769
                ],
                [
                    "ro",
                    0.000844028196297586
                ],
                [
                    "hu",
                    0.0008003965485841036
                ],
                [
                    "ta",
                    0.0007103648968040943
                ],
                [
                    "br",
                    0.0006841435097157955
                ],
                [
                    "uk",
                    0.0006668521091341972
                ],
                [
                    "el",
                    0.0006270891753956676
                ],
                [
                    "sv",
                    0.0006126905791461468
                ],
                [
                    "ms",
                    0.000547169242054224
                ],
                [
                    "id",
                    0.0005402588867582381
                ],
                [
                    "da",
                    0.000525201263371855
                ],
                [
                    "ml",
                    0.0004339467268437147
                ],
                [
                    "yo",
                    0.00040166708640754223
                ],
                [
                    "ur",
                    0.0003832820220850408
                ],
                [
                    "bg",
                    0.0003305533027742058
                ],
                [
                    "cs",
                    0.0002860913227777928
                ],
                [
                    "sa",
                    0.0002834066981449723
                ],
                [
                    "no",
                    0.0002819216751959175
                ],
                [
                    "is",
                    0.0002792823070194572
                ],
                [
                    "my",
                    0.0002765658718999475
                ],
                [
                    "fi",
                    0.0002456156653352082
                ],
                [
                    "yi",
                    0.00023852313461247832
                ],
                [
                    "he",
                    0.00023489035083912313
                ],
                [
                    "hr",
                    0.0002142248849850148
                ],
                [
                    "fo",
                    0.00021242586080916226
                ],
                [
                    "eu",
                    0.00017460731032770127
                ],
                [
                    "bn",
                    0.0001656156382523477
                ],
                [
                    "sl",
                    0.00014644968905486166
                ],
                [
                    "mn",
                    0.00014069081225898117
                ],
                [
                    "ht",
                    0.0001255006209248677
                ],
                [
                    "bs",
                    0.00011476391227915883
                ],
                [
                    "ca",
                    0.00011160350550198928
                ],
                [
                    "fa",
                    0.00011003652616636828
                ],
                [
                    "af",
                    0.00010930220742011443
                ],
                [
                    "gl",
                    0.00010234655201202258
                ],
                [
                    "bo",
                    8.541137503925711e-05
                ],
                [
                    "be",
                    8.164167957147583e-05
                ],
                [
                    "lv",
                    8.125804015435278e-05
                ],
                [
                    "oc",
                    7.175853534135967e-05
                ],
                [
                    "sk",
                    5.2825111197307706e-05
                ],
                [
                    "hy",
                    4.353774420451373e-05
                ],
                [
                    "ne",
                    4.2183746700175107e-05
                ],
                [
