{
    "path": "/Users/cindyzhang/YouLingo/video_analysis/sampled_videos_subset/910_video.mp4",
    "audio_path": "video_analysis/sampled_audios_subset/910_video_audio.wav",
    "language": "ja",
    "length_sec": 14.33,
    "vad_duration_sec": 5.408,
    "total_segment_length_sec": 0.0,
    "word_count": -1,
    "tokens": [],
    "types": [],
    "mean_sentence_length_words": -1.0,
    "wpm": -1,
    "spm": -1,
    "average_ptr": -1,
    "transcript_text": "",
    "transcript": {
        "segments": [],
        "info": {
            "language": "ja",
            "duration": 14.3035,
            "duration_after_vad": 5.408,
            "language_probability": 0.683419406414032,
            "all_language_probs": [
                [
                    "ja",
                    0.683419406414032
                ],
                [
                    "en",
                    0.21802584826946259
                ],
                [
                    "ko",
                    0.027733707800507545
                ],
                [
                    "zh",
                    0.006542737130075693
                ],
                [
                    "fr",
                    0.005783341359347105
                ],
                [
                    "es",
                    0.004876656457781792
                ],
                [
                    "nn",
                    0.004568660166114569
                ],
                [
                    "pt",
                    0.0044989148154854774
                ],
                [
                    "jw",
                    0.004402814898639917
                ],
                [
                    "ru",
                    0.003825224470347166
                ],
                [
                    "pl",
                    0.0037270148750394583
                ],
                [
                    "de",
                    0.003613697364926338
                ],
                [
                    "km",
                    0.0029653178062289953
                ],
                [
                    "haw",
                    0.00272125075571239
                ],
                [
                    "la",
                    0.0019435069989413023
                ],
                [
                    "it",
                    0.0019173485925421119
                ],
                [
                    "hi",
                    0.0014430403243750334
                ],
                [
                    "mi",
                    0.0013188606826588511
                ],
                [
                    "th",
                    0.001151666627265513
                ],
                [
                    "cy",
                    0.0010500134667381644
                ],
                [
                    "tr",
                    0.0010047084651887417
                ],
                [
                    "sn",
                    0.0010034042643383145
                ],
                [
                    "el",
                    0.0008737361640669405
                ],
                [
                    "ar",
                    0.0008557154214940965
                ],
                [
                    "te",
                    0.0007564203115180135
                ],
                [
                    "ms",
                    0.0005969061166979373
                ],
                [
                    "id",
                    0.0005896943039260805
                ],
                [
                    "si",
                    0.0005616978742182255
                ],
                [
                    "ta",
                    0.000548681418877095
                ],
                [
                    "nl",
                    0.0005186554044485092
                ],
                [
                    "hu",
                    0.00046543474309146404
                ],
                [
                    "tl",
                    0.0004131340829189867
                ],
                [
                    "vi",
                    0.0004128839646000415
                ],
                [
                    "br",
                    0.00035600256524048746
                ],
                [
                    "ro",
                    0.00034038687590509653
                ],
                [
                    "sv",
                    0.00033213893766514957
                ],
                [
                    "fi",
                    0.000328707363223657
                ],
                [
                    "fa",
                    0.00027408794267103076
                ],
                [
                    "sa",
                    0.0002626568602863699
                ],
                [
                    "ur",
                    0.0002598511928226799
                ],
                [
                    "he",
                    0.00024616389418952167
                ],
                [
                    "yo",
                    0.00023365106608252972
                ],
                [
                    "eu",
                    0.000210578044061549
                ],
                [
                    "my",
                    0.00020775568555109203
                ],
                [
                    "bn",
                    0.00019399894517846406
                ],
                [
                    "sw",
                    0.0001815360301407054
                ],
                [
                    "cs",
                    0.00017545776790939271
                ],
                [
                    "hr",
                    0.00016127557319123298
                ],
                [
                    "bo",
                    0.00015606579836457968
                ],
                [
                    "uk",
                    0.00015259279462043196
                ],
                [
                    "mn",
                    0.0001502886734670028
                ],
                [
                    "ml",
                    0.00014840380754321814
                ],
                [
                    "sk",
                    0.00014641490997746587
                ],
                [
                    "gl",
                    0.0001442937646061182
                ],
                [
                    "no",
                    0.00011427800200181082
                ],
                [
                    "ca",
                    9.982239862438291e-05
                ],
                [
                    "ht",
                    8.242297917604446e-05
                ],
                [
                    "da",
                    7.88447869126685e-05
                ],
                [
                    "bg",
                    7.413312414428219e-05
                ],
                [
                    "ne",
                    7.183460547821596e-05
                ],
                [
                    "be",
                    6.726878928020597e-05
                ],
                [
                    "bs",
                    5.86748355999589e-05
                ],
                [
                    "is",
                    5.727482130168937e-05
                ],
                [
                    "sl",
                    4.849917968385853e-05
                ],
                [
                    "yi",
                    4.6502947952831164e-05
                ],
                [
                    "oc",
                    4.565946073853411e-05
                ],
                [
                    "hy",
                    4.216749221086502e-05
                ],
                [
                    "lo",
                    3.43690044246614e-05
                ],
                [
                    "kk",
                    3.008308522112202e-05
                ],
                [
