{
    "path": "/Users/cindyzhang/YouLingo/video_analysis/sampled_videos_subset/915_video.mp4",
    "audio_path": "video_analysis/sampled_audios_subset/915_video_audio.wav",
    "language": "en",
    "length_sec": 47.91,
    "vad_duration_sec": 30.656,
    "total_segment_length_sec": 0.0,
    "word_count": -1,
    "tokens": [],
    "types": [],
    "mean_sentence_length_words": -1.0,
    "wpm": -1,
    "spm": -1,
    "average_ptr": -1,
    "transcript_text": "",
    "transcript": {
        "segments": [],
        "info": {
            "language": "en",
            "duration": 47.8563125,
            "duration_after_vad": 30.656,
            "language_probability": 0.8886945247650146,
            "all_language_probs": [
                [
                    "en",
                    0.8886945247650146
                ],
                [
                    "ko",
                    0.040008362382650375
                ],
                [
                    "de",
                    0.009670940227806568
                ],
                [
                    "zh",
                    0.007730977144092321
                ],
                [
                    "ja",
                    0.006335043348371983
                ],
                [
                    "fr",
                    0.005825016647577286
                ],
                [
                    "pt",
                    0.0048821899108588696
                ],
                [
                    "tr",
                    0.003159645712003112
                ],
                [
                    "ru",
                    0.0027596817817538977
                ],
                [
                    "es",
                    0.0026341532357037067
                ],
                [
                    "cy",
                    0.002416773699223995
                ],
                [
                    "nl",
                    0.002178298542276025
                ],
                [
                    "ar",
                    0.0016339209396392107
                ],
                [
                    "pl",
                    0.0016109627904370427
                ],
                [
                    "th",
                    0.0014712057309225202
                ],
                [
                    "haw",
                    0.0014004219556227326
                ],
                [
                    "it",
                    0.001259485026821494
                ],
                [
                    "tl",
                    0.0011560397688299417
                ],
                [
                    "km",
                    0.0011396852787584066
                ],
                [
                    "hi",
                    0.0009697728673927486
                ],
                [
                    "jw",
                    0.000943434948567301
                ],
                [
                    "sn",
                    0.0008967239409685135
                ],
                [
                    "nn",
                    0.0008149431087076664
                ],
                [
                    "vi",
                    0.0007627923623658717
                ],
                [
                    "sv",
                    0.0006433948874473572
                ],
                [
                    "la",
                    0.0006415133248083293
                ],
                [
                    "hu",
                    0.0005221125320531428
                ],
                [
                    "ms",
                    0.0004899697378277779
                ],
                [
                    "mi",
                    0.00044903912930749357
                ],
                [
                    "ta",
                    0.0004421069461386651
                ],
                [
                    "da",
                    0.0004205266013741493
                ],
                [
                    "yo",
                    0.0004024623485747725
                ],
                [
                    "el",
                    0.0003862374578602612
                ],
                [
                    "cs",
                    0.000347538007190451
                ],
                [
                    "he",
                    0.0003249382716603577
                ],
                [
                    "te",
                    0.00031385256443172693
                ],
                [
                    "no",
                    0.00029663630994036794
                ],
                [
                    "ur",
                    0.0002793267776723951
                ],
                [
                    "ht",
                    0.00026571040507405996
                ],
                [
                    "br",
                    0.00024393401690758765
                ],
                [
                    "ro",
                    0.00023870861332397908
                ],
                [
                    "id",
                    0.00023283049813471735
                ],
                [
                    "ca",
                    0.00018272078887093812
                ],
                [
                    "hr",
                    0.0001778485020622611
                ],
                [
                    "si",
                    0.00017576258687768131
                ],
                [
                    "fi",
                    0.00017318704340141267
                ],
                [
                    "uk",
                    0.00017060320533346385
                ],
                [
                    "ml",
                    0.00014990691852290183
                ],
                [
                    "my",
                    0.00014739252219442278
                ],
                [
                    "bs",
                    0.00013696016685571522
                ],
                [
                    "bn",
                    0.0001164336281362921
                ],
                [
                    "yi",
                    0.00010707276669563726
                ],
                [
                    "is",
                    9.792920172913e-05
                ],
                [
                    "fa",
                    9.72851412370801e-05
                ],
                [
                    "sl",
                    9.092314576264471e-05
                ],
                [
                    "sw",
                    8.818424248602241e-05
                ],
                [
                    "eu",
                    8.699136378709227e-05
                ],
                [
                    "sa",
                    6.329469033516943e-05
                ],
                [
                    "be",
                    6.157344614621252e-05
                ],
                [
                    "ne",
                    5.7736200687941164e-05
                ],
                [
                    "lv",
                    5.7334884331794456e-05
                ],
                [
                    "bo",
                    3.989194374298677e-05
                ],
                [
                    "bg",
                    3.964402276324108e-05
                ],
                [
                    "sk",
                    3.8933045289013535e-05
                ],
                [
                    "mn",
                    3.3913729566847906e-05
                ],
                [
                    "fo",
                    3.1573770684190094e-05
                ],
                [
                    "et",
                    2.574284008005634e-05
                ],
                [
                    "oc",
                    2.265186412842013e-05
                ],
                [
                    "gl",
                    2.2079642803873867e-05
                ],
                [
