{
    "path": "/Users/cindyzhang/YouLingo/video_analysis/sampled_videos_subset/917_video.mp4",
    "audio_path": "video_analysis/sampled_audios_subset/917_video_audio.wav",
    "language": "nl",
    "length_sec": 12.87,
    "vad_duration_sec": 4.848,
    "total_segment_length_sec": 9.98,
    "word_count": -1,
    "tokens": [],
    "types": [],
    "mean_sentence_length_words": -1.0,
    "wpm": -1,
    "spm": -1,
    "average_ptr": -1,
    "transcript_text": " Hey, je ziet het best wel leuk uit.  Ja, nu nog niet, hoor.",
    "transcript": {
        "segments": [
            {
                "id": 1,
                "start": 0.0,
                "end": 2.0,
                "text": " Hey, je ziet het best wel leuk uit.",
                "no_speech_prob": 0.026862118393182755,
                "avg_logprob": -0.8659600745076719,
                "compression_ratio": 0.9206349206349206,
                "temperature": 0.0
            },
            {
                "id": 2,
                "start": 2.0,
                "end": 9.98,
                "text": " Ja, nu nog niet, hoor.",
                "no_speech_prob": 0.026862118393182755,
                "avg_logprob": -0.8659600745076719,
                "compression_ratio": 0.9206349206349206,
                "temperature": 0.0
            }
        ],
        "info": {
            "language": "nl",
            "duration": 12.863875,
            "duration_after_vad": 4.848,
            "language_probability": 0.5180870890617371,
            "all_language_probs": [
                [
                    "nl",
                    0.5180870890617371
                ],
                [
                    "en",
                    0.39799749851226807
                ],
                [
                    "af",
                    0.011706769466400146
                ],
                [
                    "de",
                    0.011109917424619198
                ],
                [
                    "pt",
                    0.009839903563261032
                ],
                [
                    "cy",
                    0.00579212186858058
                ],
                [
                    "fr",
                    0.005716752260923386
                ],
                [
                    "mi",
                    0.005435505416244268
                ],
                [
                    "cs",
                    0.00472028274089098
                ],
                [
                    "pl",
                    0.0038018638733774424
                ],
                [
                    "nn",
                    0.003198447870090604
                ],
                [
                    "la",
                    0.0022397758439183235
                ],
                [
                    "ja",
                    0.001692996476776898
                ],
                [
                    "hi",
                    0.0015486342599615455
                ],
                [
                    "sl",
                    0.0012288102880120277
                ],
                [
                    "br",
                    0.0010422184132039547
                ],
                [
                    "haw",
                    0.0008171126246452332
                ],
                [
                    "da",
                    0.0008063131826929748
                ],
                [
                    "uk",
                    0.0007826309883967042
                ],
                [
                    "it",
                    0.0007383081247098744
                ],
                [
                    "es",
                    0.0006248371792025864
                ],
                [
                    "ms",
                    0.0005688193487003446
                ],
                [
                    "sv",
                    0.0005262544727884233
                ],
                [
                    "lv",
                    0.0004994947230443358
                ],
                [
                    "bg",
                    0.0004988829605281353
                ],
                [
                    "ur",
                    0.0004937644116580486
                ],
                [
                    "ar",
                    0.0004900859785266221
                ],
                [
                    "no",
                    0.0004801825853064656
                ],
                [
                    "he",
                    0.000438516988651827
                ],
                [
                    "yi",
                    0.00043674532207660377
                ],
                [
                    "zh",
                    0.0004348244401626289
                ],
                [
                    "hu",
                    0.0004176042275503278
                ],
                [
                    "el",
                    0.00035518890945240855
                ],
                [
                    "jw",
                    0.00033990672091022134
                ],
                [
                    "ko",
                    0.0003331734042149037
                ],
                [
                    "ru",
                    0.00033062981674447656
                ],
                [
                    "vi",
                    0.00030387757578864694
                ],
                [
                    "fi",
                    0.0002752433065325022
                ],
                [
                    "ro",
                    0.00027443471481092274
                ],
                [
                    "tr",
                    0.0002579907886683941
                ],
                [
                    "km",
                    0.0002511605271138251
                ],
                [
                    "sn",
                    0.0002297604369232431
                ],
                [
                    "is",
                    0.0002246871154056862
                ],
                [
                    "sk",
                    0.00021626400121022016
                ],
                [
                    "mt",
                    0.0001989112643059343
                ],
                [
                    "ca",
                    0.00019848621741402894
                ],
                [
                    "yo",
                    0.00018871967040468007
                ],
                [
                    "ht",
                    0.00015632942086085677
                ],
                [
                    "bs",
                    0.00015562477346975356
                ],
                [
                    "tl",
                    0.00014456921780947596
                ],
                [
                    "oc",
                    0.00012442861043382436
                ],
                [
                    "hr",
                    0.00010252968786517158
                ],
                [
                    "pa",
                    9.622803190723062e-05
                ],
                [
                    "sw",
                    7.940459909150377e-05
                ],
                [
                    "et",
                    7.314814865821972e-05
                ],
                [
                    "sa",
                    7.28699960745871e-05
                ],
                [
                    "sq",
                    5.976341708446853e-05
                ],
                [
                    "sd",
                    5.971726932330057e-05
                ],
                [
                    "lt",
                    5.329264240572229e-05
                ],
                [
                    "fa",
                    4.917955448036082e-05
                ],
                [
                    "eu",
                    4.488615013542585e-05
                ],
                [
                    "si",
