{
    "path": "/Users/cindyzhang/YouLingo/video_analysis/sampled_videos_subset/919_video.mp4",
    "audio_path": "video_analysis/sampled_audios_subset/919_video_audio.wav",
    "language": "en",
    "length_sec": 24.55,
    "vad_duration_sec": 1.376,
    "total_segment_length_sec": 0.0,
    "word_count": -1,
    "tokens": [],
    "types": [],
    "mean_sentence_length_words": -1.0,
    "wpm": -1,
    "spm": -1,
    "average_ptr": -1,
    "transcript_text": "",
    "transcript": {
        "segments": [],
        "info": {
            "language": "en",
            "duration": 24.4970625,
            "duration_after_vad": 1.376,
            "language_probability": 0.3777890205383301,
            "all_language_probs": [
                [
                    "en",
                    0.3777890205383301
                ],
                [
                    "ko",
                    0.20100688934326172
                ],
                [
                    "zh",
                    0.04523295536637306
                ],
                [
                    "fr",
                    0.04134204983711243
                ],
                [
                    "es",
                    0.030561290681362152
                ],
                [
                    "ja",
                    0.028731202706694603
                ],
                [
                    "ar",
                    0.02352902479469776
                ],
                [
                    "it",
                    0.0213323924690485
                ],
                [
                    "jw",
                    0.02081691473722458
                ],
                [
                    "pt",
                    0.018052928149700165
                ],
                [
                    "de",
                    0.015893153846263885
                ],
                [
                    "tr",
                    0.014036791399121284
                ],
                [
                    "nn",
                    0.013246290385723114
                ],
                [
                    "ru",
                    0.012469480745494366
                ],
                [
                    "nl",
                    0.012004219926893711
                ],
                [
                    "km",
                    0.01175454817712307
                ],
                [
                    "hi",
                    0.008199895732104778
                ],
                [
                    "vi",
                    0.00801232922822237
                ],
                [
                    "cy",
                    0.007213024888187647
                ],
                [
                    "sv",
                    0.006890591233968735
                ],
                [
                    "th",
                    0.006810098886489868
                ],
                [
                    "tl",
                    0.005491453222930431
                ],
                [
                    "haw",
                    0.004822193644940853
                ],
                [
                    "ta",
                    0.004781018476933241
                ],
                [
                    "id",
                    0.004590403754264116
                ],
                [
                    "ml",
                    0.004538209177553654
                ],
                [
                    "fi",
                    0.004146724008023739
                ],
                [
                    "si",
                    0.003839297452941537
                ],
                [
                    "pl",
                    0.0034139668568968773
                ],
                [
                    "el",
                    0.0033729157876223326
                ],
                [
                    "hu",
                    0.003181271953508258
                ],
                [
                    "la",
                    0.003175594611093402
                ],
                [
                    "te",
                    0.0027014710940420628
                ],
                [
                    "br",
                    0.002361547201871872
                ],
                [
                    "sn",
                    0.002316542435437441
                ],
                [
                    "no",
                    0.0021750405430793762
                ],
                [
                    "ca",
                    0.0021358313970267773
                ],
                [
                    "ms",
                    0.0021140084136277437
                ],
                [
                    "ur",
                    0.0020439925137907267
                ],
                [
                    "da",
                    0.0014762773644179106
                ],
                [
                    "mi",
                    0.0011905356077477336
                ],
                [
                    "sa",
                    0.001167829381301999
                ],
                [
                    "uk",
                    0.000825541268568486
                ],
                [
                    "cs",
                    0.000777615699917078
                ],
                [
                    "gl",
                    0.0007440283661708236
                ],
                [
                    "eu",
                    0.000562489905860275
                ],
                [
                    "he",
                    0.0005582509911619127
                ],
                [
                    "ro",
                    0.0005445078713819385
                ],
                [
                    "is",
                    0.0004953935276716948
                ],
                [
                    "bn",
                    0.0004819094901904464
                ],
                [
                    "hr",
                    0.00038596615195274353
                ],
                [
                    "sl",
                    0.00033568721846677363
                ],
                [
                    "be",
                    0.0003185019304510206
                ],
                [
                    "my",
                    0.0003128547687083483
                ],
                [
                    "yo",
                    0.00026133187930099666
                ],
                [
                    "bo",
                    0.0002560396969784051
                ],
                [
                    "oc",
                    0.00022897010785527527
                ],
                [
                    "mn",
                    0.0002277470484841615
                ],
                [
                    "fa",
                    0.0002155267575290054
                ],
                [
                    "bs",
                    0.00020837399642914534
                ],
                [
                    "ht",
                    0.00017804927483666688
                ],
                [
                    "bg",
                    0.0001712118973955512
                ],
                [
                    "et",
                    0.0001311657251790166
                ],
                [
                    "lo",
                    0.00012583397619891912
                ],
                [
                    "ne",
                    0.00012285880802664906
                ],
                [
                    "fo",
                    0.00012133414566051215
                ],
                [
                    "az",
                    0.000121169607155025
                ],
                [
                    "af",
                    0.00011840233491966501
                ],
                [
                    "sw",
                    0.00011637996067292988
                ],
                [
                    "lv",
