{
    "path": "/Users/cindyzhang/YouLingo/video_analysis/sampled_videos_subset/91_video.mp4",
    "audio_path": "video_analysis/sampled_audios_subset/91_video_audio.wav",
    "language": "en",
    "length_sec": 8.06,
    "vad_duration_sec": 7.8493125,
    "total_segment_length_sec": 0.0,
    "word_count": -1,
    "tokens": [],
    "types": [],
    "mean_sentence_length_words": -1.0,
    "wpm": -1,
    "spm": -1,
    "average_ptr": -1,
    "transcript_text": "",
    "transcript": {
        "segments": [],
        "info": {
            "language": "en",
            "duration": 8.0573125,
            "duration_after_vad": 7.8493125,
            "language_probability": 0.8747615218162537,
            "all_language_probs": [
                [
                    "en",
                    0.8747615218162537
                ],
                [
                    "ja",
                    0.026823995634913445
                ],
                [
                    "ko",
                    0.019189909100532532
                ],
                [
                    "nn",
                    0.008916378952562809
                ],
                [
                    "ru",
                    0.007128328084945679
                ],
                [
                    "haw",
                    0.005621033255010843
                ],
                [
                    "pt",
                    0.0046570501290261745
                ],
                [
                    "es",
                    0.004305785987526178
                ],
                [
                    "fr",
                    0.0042072623036801815
                ],
                [
                    "de",
                    0.004143883939832449
                ],
                [
                    "la",
                    0.003677921835333109
                ],
                [
                    "jw",
                    0.0032383250072598457
                ],
                [
                    "cy",
                    0.0028948455583304167
                ],
                [
                    "km",
                    0.002748857717961073
                ],
                [
                    "zh",
                    0.002373788971453905
                ],
                [
                    "tl",
                    0.0022337655536830425
                ],
                [
                    "pl",
                    0.0019977795891463757
                ],
                [
                    "nl",
                    0.0018644632073119283
                ],
                [
                    "tr",
                    0.0018016156973317266
                ],
                [
                    "th",
                    0.0015516462735831738
                ],
                [
                    "ar",
                    0.0014147990150377154
                ],
                [
                    "hi",
                    0.0013009225949645042
                ],
                [
                    "it",
                    0.0012415574165061116
                ],
                [
                    "vi",
                    0.001170433359220624
                ],
                [
                    "hu",
                    0.0008893978665582836
                ],
                [
                    "te",
                    0.0007945754914544523
                ],
                [
                    "el",
                    0.0007314919494092464
                ],
                [
                    "sn",
                    0.000665009138174355
                ],
                [
                    "br",
                    0.0006276635685935616
                ],
                [
                    "fi",
                    0.0005385346594266593
                ],
                [
                    "mi",
                    0.00048527531907893717
                ],
                [
                    "sv",
                    0.00047836184967309237
                ],
                [
                    "id",
                    0.0003464555775281042
                ],
                [
                    "ta",
                    0.0003289338492322713
                ],
                [
                    "cs",
                    0.00032386230304837227
                ],
                [
                    "ro",
                    0.0003213922318536788
                ],
                [
                    "ms",
                    0.00029067450668662786
                ],
                [
                    "si",
                    0.00028226093854755163
                ],
                [
                    "ml",
                    0.00026507340953685343
                ],
                [
                    "yo",
                    0.0002517882385291159
                ],
                [
                    "ur",
                    0.00022769049974158406
                ],
                [
                    "sa",
                    0.00021300159278325737
                ],
                [
                    "uk",
                    0.00019856280414387584
                ],
                [
                    "da",
                    0.0001968057476915419
                ],
                [
                    "he",
                    0.00019521571812219918
                ],
                [
                    "no",
                    0.00013781170127913356
                ],
                [
                    "hr",
                    0.00013742715236730874
                ],
                [
                    "fa",
                    0.00013567008136305958
                ],
                [
                    "ca",
                    0.0001328104262938723
                ],
                [
                    "yi",
                    0.00011364949750714004
                ],
                [
                    "bn",
                    0.0001126262141042389
                ],
                [
                    "bg",
                    0.00010576137719908729
                ],
                [
                    "eu",
                    9.250642324332148e-05
                ],
                [
                    "is",
                    8.50448923301883e-05
                ],
                [
                    "mn",
                    8.439320663455874e-05
                ],
                [
                    "my",
                    8.106555469566956e-05
                ],
                [
                    "sl",
                    7.642126001883298e-05
                ],
                [
                    "gl",
                    7.130565063562244e-05
                ],
                [
                    "sk",
                    6.477980787167326e-05
                ],
                [
                    "ht",
                    6.395675154635683e-05
                ],
                [
                    "bs",
                    5.642516407533549e-05
                ],
                [
                    "ne",
                    5.115047315484844e-05
                ],
                [
                    "fo",
                    4.2668096284614876e-05
                ],
                [
                    "be",
                    4.128739965381101e-05
                ],
                [
                    "lv",
                    3.963333074352704e-05
                ],
                [
                    "af",
                    3.937165820389055e-05
                ],
                [
                    "oc",
                    3.288994776085019e-05
                ],
                [
                    "hy",
                    3.1329145713243634e-05
                ],
                [
                    "sw",
                    2.8132157240179367e-05
                ],
                [
