{
    "path": "/Users/cindyzhang/YouLingo/video_analysis/sampled_videos_subset/929_video.mp4",
    "audio_path": "video_analysis/sampled_audios_subset/929_video_audio.wav",
    "language": "en",
    "length_sec": 8.93,
    "vad_duration_sec": 0.928,
    "total_segment_length_sec": 0.0,
    "word_count": -1,
    "tokens": [],
    "types": [],
    "mean_sentence_length_words": -1.0,
    "wpm": -1,
    "spm": -1,
    "average_ptr": -1,
    "transcript_text": "",
    "transcript": {
        "segments": [],
        "info": {
            "language": "en",
            "duration": 8.9165,
            "duration_after_vad": 0.928,
            "language_probability": 0.6490403413772583,
            "all_language_probs": [
                [
                    "en",
                    0.6490403413772583
                ],
                [
                    "de",
                    0.04372705519199371
                ],
                [
                    "ko",
                    0.041734833270311356
                ],
                [
                    "es",
                    0.03232673183083534
                ],
                [
                    "zh",
                    0.030114704743027687
                ],
                [
                    "ja",
                    0.025247083976864815
                ],
                [
                    "pt",
                    0.018787536770105362
                ],
                [
                    "it",
                    0.01589265838265419
                ],
                [
                    "nl",
                    0.015582309104502201
                ],
                [
                    "sv",
                    0.014077980071306229
                ],
                [
                    "fr",
                    0.012956596910953522
                ],
                [
                    "nn",
                    0.011097127571702003
                ],
                [
                    "pl",
                    0.008818810805678368
                ],
                [
                    "ru",
                    0.007639407180249691
                ],
                [
                    "cy",
                    0.0071860444732010365
                ],
                [
                    "hi",
                    0.00588702829554677
                ],
                [
                    "fi",
                    0.005287434905767441
                ],
                [
                    "tr",
                    0.004514692351222038
                ],
                [
                    "no",
                    0.003890346037223935
                ],
                [
                    "la",
                    0.0038220116402953863
                ],
                [
                    "ar",
                    0.003640668001025915
                ],
                [
                    "th",
                    0.003551414469256997
                ],
                [
                    "da",
                    0.003174438839778304
                ],
                [
                    "hu",
                    0.0030160790774971247
                ],
                [
                    "haw",
                    0.0022664093412458897
                ],
                [
                    "el",
                    0.0021959608420729637
                ],
                [
                    "vi",
                    0.0018591928528621793
                ],
                [
                    "cs",
                    0.0018083456670865417
                ],
                [
                    "ca",
                    0.0015494900289922953
                ],
                [
                    "id",
                    0.0015067248605191708
                ],
                [
                    "jw",
                    0.0013686869060620666
                ],
                [
                    "tl",
                    0.0013062419602647424
                ],
                [
                    "mi",
                    0.0009398848051205277
                ],
                [
                    "km",
                    0.0009247928392142057
                ],
                [
                    "ta",
                    0.000911609036847949
                ],
                [
                    "ur",
                    0.0008607776835560799
                ],
                [
                    "ml",
                    0.0008301656343974173
                ],
                [
                    "te",
                    0.0007521940860897303
                ],
                [
                    "ms",
                    0.0006871322984807193
                ],
                [
                    "he",
                    0.0006784971337765455
                ],
                [
                    "uk",
                    0.0005179955041967332
                ],
                [
                    "br",
                    0.0004923942615278065
                ],
                [
                    "sl",
                    0.0004873445723205805
                ],
                [
                    "ro",
                    0.0004609907336998731
                ],
                [
                    "si",
                    0.0004360678431112319
                ],
                [
                    "hr",
                    0.00043235011980868876
                ],
                [
                    "sn",
                    0.00041198599501512945
                ],
                [
                    "bs",
                    0.00035864862729795277
                ],
                [
                    "gl",
                    0.0003515766002237797
                ],
                [
                    "eu",
                    0.00033791514579206705
                ],
                [
                    "sk",
                    0.0003118770255241543
                ],
                [
                    "is",
                    0.0002732525172177702
                ],
                [
                    "mn",
                    0.00027019833214581013
                ],
                [
                    "sa",
                    0.0002673444978427142
                ],
                [
                    "my",
                    0.000263354362687096
                ],
                [
                    "fa",
                    0.0002524298906791955
                ],
                [
                    "lv",
                    0.00022998935310170054
                ],
                [
                    "bo",
                    0.00022063274809625
                ],
                [
                    "bn",
                    0.00020910076273139566
                ],
                [
                    "bg",
                    0.00014635850675404072
                ],
                [
                    "ne",
                    0.00011985131277469918
                ],
                [
                    "ht",
                    0.00011855580669362098
                ],
                [
                    "yi",
                    0.00011741879279725254
                ],
                [
                    "lt",
                    0.00011287845700280741
                ],
                [
                    "yo",
                    0.00011079510295530781
                ],
                [
                    "be",
                    0.000108912936411798
                ],
                [
                    "af",
                    0.0001085073672584258
                ],
                [
                    "et",
                    0.00010836817091330886
                ],
                [
                    "oc",
                    0.0001029331615427509
                ],
                [
                    "fo",
