{
    "path": "/Users/cindyzhang/YouLingo/video_analysis/sampled_videos_subset/936_video.mp4",
    "audio_path": "video_analysis/sampled_audios_subset/936_video_audio.wav",
    "language": "en",
    "length_sec": 7.5,
    "vad_duration_sec": 0.928,
    "total_segment_length_sec": 0.0,
    "word_count": -1,
    "tokens": [],
    "types": [],
    "mean_sentence_length_words": -1.0,
    "wpm": -1,
    "spm": -1,
    "average_ptr": -1,
    "transcript_text": "",
    "transcript": {
        "segments": [],
        "info": {
            "language": "en",
            "duration": 7.455,
            "duration_after_vad": 0.928,
            "language_probability": 0.4411863088607788,
            "all_language_probs": [
                [
                    "en",
                    0.4411863088607788
                ],
                [
                    "ko",
                    0.08144619315862656
                ],
                [
                    "jw",
                    0.06146814301609993
                ],
                [
                    "ja",
                    0.042803652584552765
                ],
                [
                    "nn",
                    0.035486359149217606
                ],
                [
                    "pt",
                    0.03144711256027222
                ],
                [
                    "zh",
                    0.03083113767206669
                ],
                [
                    "km",
                    0.026429884135723114
                ],
                [
                    "fr",
                    0.02534719742834568
                ],
                [
                    "ru",
                    0.020853474736213684
                ],
                [
                    "es",
                    0.017334826290607452
                ],
                [
                    "cy",
                    0.015674008056521416
                ],
                [
                    "de",
                    0.014279081486165524
                ],
                [
                    "la",
                    0.013739092275500298
                ],
                [
                    "nl",
                    0.01200080942362547
                ],
                [
                    "it",
                    0.010803927667438984
                ],
                [
                    "tr",
                    0.009592273272573948
                ],
                [
                    "hi",
                    0.009017003700137138
                ],
                [
                    "pl",
                    0.008718933910131454
                ],
                [
                    "ar",
                    0.006722945254296064
                ],
                [
                    "si",
                    0.006127327214926481
                ],
                [
                    "sn",
                    0.005739865358918905
                ],
                [
                    "haw",
                    0.005573565140366554
                ],
                [
                    "th",
                    0.00485837459564209
                ],
                [
                    "br",
                    0.0041812327690422535
                ],
                [
                    "el",
                    0.003988409880548716
                ],
                [
                    "te",
                    0.0039071436040103436
                ],
                [
                    "vi",
                    0.003741854103282094
                ],
                [
                    "hu",
                    0.003703879192471504
                ],
                [
                    "id",
                    0.0033161614555865526
                ],
                [
                    "ta",
                    0.003128380747511983
                ],
                [
                    "sa",
                    0.00302615063264966
                ],
                [
                    "fi",
                    0.002980854595080018
                ],
                [
                    "ms",
                    0.0027286247350275517
                ],
                [
                    "tl",
                    0.0024001160636544228
                ],
                [
                    "mi",
                    0.0021780275274068117
                ],
                [
                    "sv",
                    0.0020908962469547987
                ],
                [
                    "ml",
                    0.002032533520832658
                ],
                [
                    "cs",
                    0.0018218817422166467
                ],
                [
                    "uk",
                    0.001806516433134675
                ],
                [
                    "ro",
                    0.0015497423009946942
                ],
                [
                    "ur",
                    0.001249132095836103
                ],
                [
                    "ca",
                    0.0010512634180486202
                ],
                [
                    "yo",
                    0.0009374684887006879
                ],
                [
                    "he",
                    0.0008495321380905807
                ],
                [
                    "gl",
                    0.0007197060040198267
                ],
                [
                    "bg",
                    0.0006816642126068473
                ],
                [
                    "no",
                    0.0006193765439093113
                ],
                [
                    "fa",
                    0.0005807444686070085
                ],
                [
                    "sl",
                    0.0005673870327882469
                ],
                [
                    "bn",
                    0.0005644066259264946
                ],
                [
                    "da",
                    0.0005487503367476165
                ],
                [
                    "hr",
                    0.0004873335419688374
                ],
                [
                    "eu",
                    0.0004483220400288701
                ],
                [
                    "my",
                    0.0004218716931063682
                ],
                [
                    "be",
                    0.00034829037031158805
                ],
                [
                    "sk",
                    0.0003222634259145707
                ],
                [
                    "sw",
                    0.00027639881591312587
                ],
                [
                    "oc",
                    0.0002754570450633764
                ],
                [
                    "mn",
                    0.00023902422981336713
                ],
                [
                    "bs",
                    0.00022678649111185223
                ],
                [
                    "bo",
                    0.0001925356191350147
                ],
                [
                    "is",
                    0.00018173361604567617
                ],
                [
                    "ht",
                    0.00017263053450733423
                ],
                [
                    "fo",
                    0.00017190970538649708
                ],
                [
                    "lo",
                    0.0001610445324331522
                ],
                [
                    "yi",
                    0.00014729831309523433
                ],
                [
                    "lv",
                    0.0001390694233123213
                ],
                [
                    "hy",
                    0.00013047456741333008
                ],
                [
                    "ne",
