{
    "path": "/Users/cindyzhang/YouLingo/video_analysis/sampled_videos_subset/966_video.mp4",
    "audio_path": "video_analysis/sampled_audios_subset/966_video_audio.wav",
    "language": "ko",
    "length_sec": 9.71,
    "vad_duration_sec": 3.376,
    "total_segment_length_sec": 0.0,
    "word_count": -1,
    "tokens": [],
    "types": [],
    "mean_sentence_length_words": -1.0,
    "wpm": -1,
    "spm": -1,
    "average_ptr": -1,
    "transcript_text": "",
    "transcript": {
        "segments": [],
        "info": {
            "language": "ko",
            "duration": 9.68275,
            "duration_after_vad": 3.376,
            "language_probability": 0.44083070755004883,
            "all_language_probs": [
                [
                    "ko",
                    0.44083070755004883
                ],
                [
                    "en",
                    0.40383708477020264
                ],
                [
                    "zh",
                    0.03510044515132904
                ],
                [
                    "ja",
                    0.021651607006788254
                ],
                [
                    "es",
                    0.007943053729832172
                ],
                [
                    "de",
                    0.007565153297036886
                ],
                [
                    "pt",
                    0.007226758170872927
                ],
                [
                    "nn",
                    0.006416263524442911
                ],
                [
                    "fr",
                    0.005626986734569073
                ],
                [
                    "it",
                    0.005569312255829573
                ],
                [
                    "ar",
                    0.004984758794307709
                ],
                [
                    "ru",
                    0.0048341406509280205
                ],
                [
                    "th",
                    0.003684082766994834
                ],
                [
                    "jw",
                    0.0036242036148905754
                ],
                [
                    "tr",
                    0.0027318624779582024
                ],
                [
                    "tl",
                    0.002603467321023345
                ],
                [
                    "cy",
                    0.0023811666760593653
                ],
                [
                    "km",
                    0.0023732297122478485
                ],
                [
                    "hi",
                    0.002344194334000349
                ],
                [
                    "ms",
                    0.0022809377405792475
                ],
                [
                    "nl",
                    0.0022711525671184063
                ],
                [
                    "pl",
                    0.0022473575081676245
                ],
                [
                    "vi",
                    0.002096820157021284
                ],
                [
                    "id",
                    0.001931281411089003
                ],
                [
                    "la",
                    0.0019178810762241483
                ],
                [
                    "haw",
                    0.0019025332294404507
                ],
                [
                    "el",
                    0.0012670026626437902
                ],
                [
                    "sv",
                    0.0011493845377117395
                ],
                [
                    "sn",
                    0.0009307254222221673
                ],
                [
                    "ur",
                    0.0007344760815612972
                ],
                [
                    "te",
                    0.0007031033746898174
                ],
                [
                    "ta",
                    0.0006352700293064117
                ],
                [
                    "mi",
                    0.0006228081765584648
                ],
                [
                    "fi",
                    0.0005931869382038713
                ],
                [
                    "no",
                    0.0005755404708907008
                ],
                [
                    "br",
                    0.0004989707376807928
                ],
                [
                    "ro",
                    0.0004928651032969356
                ],
                [
                    "ca",
                    0.0004709481727331877
                ],
                [
                    "si",
                    0.000436565576819703
                ],
                [
                    "hu",
                    0.00042992064845748246
                ],
                [
                    "da",
                    0.00040372752118855715
                ],
                [
                    "yo",
                    0.0003461055166553706
                ],
                [
                    "he",
                    0.00032740592723712325
                ],
                [
                    "cs",
                    0.00027680202038027346
                ],
                [
                    "hr",
                    0.000195118467672728
                ],
                [
                    "uk",
                    0.00018200113845523447
                ],
                [
                    "bn",
                    0.00016587733989581466
                ],
                [
                    "ht",
                    0.00016273702203761786
                ],
                [
                    "my",
                    0.0001621393603272736
                ],
                [
                    "fa",
                    0.0001575159840285778
                ],
                [
                    "ml",
                    0.00015333153714891523
                ],
                [
                    "gl",
                    0.00014878518413752317
                ],
                [
                    "bs",
                    0.00013735560060013086
                ],
                [
                    "sa",
                    0.00013328090426512063
                ],
                [
                    "mn",
                    0.00012239551870152354
                ],
                [
                    "bo",
                    0.00011179355351487175
                ],
                [
                    "sl",
                    0.00011157701374031603
                ],
                [
                    "eu",
                    9.91458582575433e-05
                ],
                [
                    "is",
                    9.506708011031151e-05
                ],
                [
                    "ne",
                    8.541610441170633e-05
                ],
                [
                    "be",
                    8.356676698895171e-05
                ],
                [
                    "sw",
                    8.23001391836442e-05
                ],
                [
                    "yi",
                    7.744326285319403e-05
                ],
                [
                    "oc",
                    7.021675992291421e-05
                ],
                [
                    "bg",
                    5.503928696271032e-05
                ],
                [
                    "lo",
                    5.3065308748045936e-05
                ],
                [
                    "sk",
                    5.148178024683148e-05
                ],
                [
                    "hy",
                    3.842735168291256e-05
                ],
                [
                    "fo",
                    3.807307803072035e-05
                ],
                [
