{
    "path": "/Users/cindyzhang/YouLingo/video_analysis/sampled_videos_subset/974_video.mp4",
    "audio_path": "video_analysis/sampled_audios_subset/974_video_audio.wav",
    "language": "en",
    "length_sec": 29.53,
    "vad_duration_sec": 12.432,
    "total_segment_length_sec": 0.0,
    "word_count": -1,
    "tokens": [],
    "types": [],
    "mean_sentence_length_words": -1.0,
    "wpm": -1,
    "spm": -1,
    "average_ptr": -1,
    "transcript_text": "",
    "transcript": {
        "segments": [],
        "info": {
            "language": "en",
            "duration": 29.489375,
            "duration_after_vad": 12.432,
            "language_probability": 0.6229690909385681,
            "all_language_probs": [
                [
                    "en",
                    0.6229690909385681
                ],
                [
                    "ko",
                    0.12333782762289047
                ],
                [
                    "zh",
                    0.043690767139196396
                ],
                [
                    "ja",
                    0.03467931970953941
                ],
                [
                    "ru",
                    0.026886623352766037
                ],
                [
                    "de",
                    0.02086767554283142
                ],
                [
                    "es",
                    0.013242057524621487
                ],
                [
                    "fr",
                    0.011765402741730213
                ],
                [
                    "nl",
                    0.009791206568479538
                ],
                [
                    "pt",
                    0.008880280889570713
                ],
                [
                    "cy",
                    0.008147076703608036
                ],
                [
                    "nn",
                    0.0070837452076375484
                ],
                [
                    "it",
                    0.005159047432243824
                ],
                [
                    "pl",
                    0.0050598070956766605
                ],
                [
                    "tr",
                    0.004339090548455715
                ],
                [
                    "km",
                    0.003928465768694878
                ],
                [
                    "ar",
                    0.003915076144039631
                ],
                [
                    "hi",
                    0.0038527909200638533
                ],
                [
                    "jw",
                    0.003625891637057066
                ],
                [
                    "vi",
                    0.0028622066602110863
                ],
                [
                    "tl",
                    0.002799001056700945
                ],
                [
                    "la",
                    0.002722959965467453
                ],
                [
                    "th",
                    0.002422077115625143
                ],
                [
                    "haw",
                    0.0022138606291264296
                ],
                [
                    "sv",
                    0.0018693937454372644
                ],
                [
                    "ms",
                    0.001858523697592318
                ],
                [
                    "el",
                    0.0017125050071626902
                ],
                [
                    "ta",
                    0.0013247051974758506
                ],
                [
                    "mi",
                    0.001233559218235314
                ],
                [
                    "fi",
                    0.001212498638778925
                ],
                [
                    "no",
                    0.0011572986841201782
                ],
                [
                    "hu",
                    0.001074930652976036
                ],
                [
                    "sn",
                    0.0009297232609242201
                ],
                [
                    "ur",
                    0.0008957951795309782
                ],
                [
                    "cs",
                    0.000877235783264041
                ],
                [
                    "ca",
                    0.0007987230783328414
                ],
                [
                    "ro",
                    0.0007886531529948115
                ],
                [
                    "uk",
                    0.00075106619624421
                ],
                [
                    "id",
                    0.0007437054882757366
                ],
                [
                    "te",
                    0.0006107580265961587
                ],
                [
                    "br",
                    0.0005756916361860931
                ],
                [
                    "eu",
                    0.000518934684805572
                ],
                [
                    "da",
                    0.0005144844762980938
                ],
                [
                    "si",
                    0.00041985753341577947
                ],
                [
                    "ml",
                    0.0004040611966047436
                ],
                [
                    "he",
                    0.00035238408599980175
                ],
                [
                    "hr",
                    0.0003323041892144829
                ],
                [
                    "yo",
                    0.00030361200333572924
                ],
                [
                    "sa",
                    0.00028591632144525647
                ],
                [
                    "be",
                    0.00026878816424869
                ],
                [
                    "ht",
                    0.0002594412362668663
                ],
                [
                    "sl",
                    0.0002504338335711509
                ],
                [
                    "is",
                    0.0002272287238156423
                ],
                [
                    "my",
                    0.0002145101607311517
                ],
                [
                    "lv",
                    0.00020479461818467826
                ],
                [
                    "bs",
                    0.00020283360208850354
                ],
                [
                    "fa",
                    0.0001928294077515602
                ],
                [
                    "gl",
                    0.000190164937521331
                ],
                [
                    "ne",
                    0.0001592361368238926
                ],
                [
                    "sw",
                    0.0001581160322530195
                ],
                [
                    "sk",
                    0.00015568947128485888
                ],
                [
                    "bn",
                    0.0001531001180410385
                ],
                [
                    "mn",
                    0.0001521965314168483
                ],
                [
                    "bo",
                    0.00014276639558374882
                ],
                [
                    "yi",
                    0.00012598105240613222
                ],
                [
                    "oc",
                    0.00012414717639330775
                ],
                [
                    "bg",
                    0.00011753480066545308
                ],
                [
                    "et",
                    0.00011691792315104976
                ],
                [
                    "lt",
                    0.00011666063801385462
                ],
                [
                    "kk",
