{
    "path": "/Users/cindyzhang/YouLingo/video_analysis/sampled_videos_subset/980_video.mp4",
    "audio_path": "video_analysis/sampled_audios_subset/980_video_audio.wav",
    "language": "en",
    "length_sec": 8.67,
    "vad_duration_sec": 1.776,
    "total_segment_length_sec": 0.0,
    "word_count": -1,
    "tokens": [],
    "types": [],
    "mean_sentence_length_words": -1.0,
    "wpm": -1,
    "spm": -1,
    "average_ptr": -1,
    "transcript_text": "",
    "transcript": {
        "segments": [],
        "info": {
            "language": "en",
            "duration": 8.6378125,
            "duration_after_vad": 1.776,
            "language_probability": 0.8765905499458313,
            "all_language_probs": [
                [
                    "en",
                    0.8765905499458313
                ],
                [
                    "ko",
                    0.03412128612399101
                ],
                [
                    "ja",
                    0.01993236504495144
                ],
                [
                    "zh",
                    0.009768056683242321
                ],
                [
                    "nn",
                    0.008814644068479538
                ],
                [
                    "km",
                    0.005755727179348469
                ],
                [
                    "es",
                    0.0038057805504649878
                ],
                [
                    "jw",
                    0.0036934162490069866
                ],
                [
                    "pt",
                    0.003629925660789013
                ],
                [
                    "fr",
                    0.003232971765100956
                ],
                [
                    "cy",
                    0.0030176914297044277
                ],
                [
                    "la",
                    0.0027710730209946632
                ],
                [
                    "th",
                    0.002717825351282954
                ],
                [
                    "ru",
                    0.002690930850803852
                ],
                [
                    "de",
                    0.0021597815211862326
                ],
                [
                    "it",
                    0.001830837456509471
                ],
                [
                    "haw",
                    0.001808598288334906
                ],
                [
                    "vi",
                    0.0013343922328203917
                ],
                [
                    "nl",
                    0.0011110861087217927
                ],
                [
                    "pl",
                    0.0009864672319963574
                ],
                [
                    "id",
                    0.00081843655789271
                ],
                [
                    "tl",
                    0.0007991664460860193
                ],
                [
                    "ms",
                    0.0007930668070912361
                ],
                [
                    "hi",
                    0.0007154826307669282
                ],
                [
                    "tr",
                    0.0006105558713898063
                ],
                [
                    "ar",
                    0.0005164231988601387
                ],
                [
                    "mi",
                    0.00048690394032746553
                ],
                [
                    "fi",
                    0.0004792861291207373
                ],
                [
                    "hu",
                    0.00046949490206316113
                ],
                [
                    "si",
                    0.00037190396687947214
                ],
                [
                    "te",
                    0.0003669956640806049
                ],
                [
                    "el",
                    0.0003495487617328763
                ],
                [
                    "ta",
                    0.0002987394982483238
                ],
                [
                    "sn",
                    0.0002751067513599992
                ],
                [
                    "sv",
                    0.00024951217346824706
                ],
                [
                    "ca",
                    0.00020361832866910845
                ],
                [
                    "ro",
                    0.00017152269720099866
                ],
                [
                    "da",
                    0.0001658704859437421
                ],
                [
                    "no",
                    0.00016577924543526024
                ],
                [
                    "eu",
                    0.00015053343668114394
                ],
                [
                    "ml",
                    0.0001450515555916354
                ],
                [
                    "br",
                    0.0001368922967230901
                ],
                [
                    "my",
                    0.00012587271339725703
                ],
                [
                    "is",
                    0.00010287844634149224
                ],
                [
                    "cs",
                    0.00010277370893163607
                ],
                [
                    "sa",
                    0.00010111880692420527
                ],
                [
                    "ur",
                    9.654558380134404e-05
                ],
                [
                    "yo",
                    8.509025064995512e-05
                ],
                [
                    "hr",
                    6.982925697229803e-05
                ],
                [
                    "uk",
                    6.586335803149268e-05
                ],
                [
                    "mn",
                    5.59499349037651e-05
                ],
                [
                    "bo",
                    5.159941429155879e-05
                ],
                [
                    "bs",
                    5.009363667340949e-05
                ],
                [
                    "bn",
                    4.549417644739151e-05
                ],
                [
                    "gl",
                    4.117526259506121e-05
                ],
                [
                    "sl",
                    4.113766044611111e-05
                ],
                [
                    "he",
                    3.548707172740251e-05
                ],
                [
                    "bg",
                    3.386842581676319e-05
                ],
                [
                    "ht",
                    3.314863715786487e-05
                ],
                [
                    "af",
                    3.25088512909133e-05
                ],
                [
                    "fa",
                    2.9394041121122427e-05
                ],
                [
                    "ne",
                    2.7914031306863762e-05
                ],
                [
                    "sk",
                    2.709566797420848e-05
                ],
                [
                    "yi",
                    2.431751272524707e-05
                ],
                [
                    "oc",
                    2.1961794118396938e-05
                ],
                [
                    "sw",
                    2.029590541496873e-05
                ],
                [
                    "lv",
                    1.733869794406928e-05
                ],
                [
                    "fo",
                    1.683249320194591e-05
                ],
                [
                    "lo",
                    1.244287341251038e-05
                ],
                [
