{
    "path": "/Users/cindyzhang/YouLingo/video_analysis/sampled_videos_subset/981_video.mp4",
    "audio_path": "video_analysis/sampled_audios_subset/981_video_audio.wav",
    "language": "en",
    "length_sec": 15.83,
    "vad_duration_sec": 0.896,
    "total_segment_length_sec": 0.0,
    "word_count": -1,
    "tokens": [],
    "types": [],
    "mean_sentence_length_words": -1.0,
    "wpm": -1,
    "spm": -1,
    "average_ptr": -1,
    "transcript_text": "",
    "transcript": {
        "segments": [],
        "info": {
            "language": "en",
            "duration": 15.8128125,
            "duration_after_vad": 0.896,
            "language_probability": 0.3994065821170807,
            "all_language_probs": [
                [
                    "en",
                    0.3994065821170807
                ],
                [
                    "jw",
                    0.08677445352077484
                ],
                [
                    "nn",
                    0.07320038229227066
                ],
                [
                    "ja",
                    0.0435161218047142
                ],
                [
                    "ko",
                    0.04201676696538925
                ],
                [
                    "la",
                    0.028786495327949524
                ],
                [
                    "km",
                    0.025676986202597618
                ],
                [
                    "pt",
                    0.02366488054394722
                ],
                [
                    "cy",
                    0.02200380153954029
                ],
                [
                    "zh",
                    0.02182014100253582
                ],
                [
                    "es",
                    0.02164696902036667
                ],
                [
                    "fr",
                    0.018199410289525986
                ],
                [
                    "ru",
                    0.017596326768398285
                ],
                [
                    "de",
                    0.01758991926908493
                ],
                [
                    "si",
                    0.014851858839392662
                ],
                [
                    "pl",
                    0.01036909967660904
                ],
                [
                    "br",
                    0.009688290767371655
                ],
                [
                    "it",
                    0.009278964251279831
                ],
                [
                    "haw",
                    0.00911900494247675
                ],
                [
                    "hi",
                    0.008739112876355648
                ],
                [
                    "nl",
                    0.008501500822603703
                ],
                [
                    "tr",
                    0.007268924731761217
                ],
                [
                    "te",
                    0.00621566828340292
                ],
                [
                    "th",
                    0.0053817881271243095
                ],
                [
                    "sa",
                    0.0052541522309184074
                ],
                [
                    "sn",
                    0.0047292220406234264
                ],
                [
                    "fi",
                    0.004179984796792269
                ],
                [
                    "id",
                    0.00410588551312685
                ],
                [
                    "ar",
                    0.004056073259562254
                ],
                [
                    "el",
                    0.003710869001224637
                ],
                [
                    "ms",
                    0.0035484982654452324
                ],
                [
                    "vi",
                    0.0035368625540286303
                ],
                [
                    "hu",
                    0.0033583082258701324
                ],
                [
                    "ml",
                    0.002778472378849983
                ],
                [
                    "ta",
                    0.0025595242623239756
                ],
                [
                    "tl",
                    0.0023729954846203327
                ],
                [
                    "sv",
                    0.0017866926500573754
                ],
                [
                    "uk",
                    0.001690543838776648
                ],
                [
                    "cs",
                    0.0016631793696433306
                ],
                [
                    "ro",
                    0.001562069752253592
                ],
                [
                    "mi",
                    0.001487305504269898
                ],
                [
                    "ur",
                    0.001445756875909865
                ],
                [
                    "fa",
                    0.0012902527814731002
                ],
                [
                    "da",
                    0.0011670938692986965
                ],
                [
                    "bg",
                    0.0010229351464658976
                ],
                [
                    "sl",
                    0.0008247236837632954
                ],
                [
                    "ca",
                    0.0008064903086051345
                ],
                [
                    "he",
                    0.0007948584388941526
                ],
                [
                    "bn",
                    0.0007307747728191316
                ],
                [
                    "gl",
                    0.0007301652221940458
                ],
                [
                    "yo",
                    0.0006734042544849217
                ],
                [
                    "hr",
                    0.0006205809186212718
                ],
                [
                    "no",
                    0.0005874597700312734
                ],
                [
                    "sk",
                    0.0005627624923363328
                ],
                [
                    "my",
                    0.0004517354827839881
                ],
                [
                    "eu",
                    0.00038206344470381737
                ],
                [
                    "sw",
                    0.00036159728188067675
                ],
                [
                    "oc",
                    0.0002927281893789768
                ],
                [
                    "lo",
                    0.00027483070152811706
                ],
                [
                    "be",
                    0.000259912310866639
                ],
                [
                    "bs",
                    0.00025712602655403316
                ],
                [
                    "mn",
                    0.0002291931741638109
                ],
                [
                    "hy",
                    0.0002290392149006948
                ],
                [
                    "is",
                    0.00017314107390120625
                ],
                [
                    "bo",
                    0.0001714889658614993
                ],
                [
                    "yi",
                    0.00016823790792841464
                ],
                [
                    "fo",
                    0.00015575630823150277
                ],
                [
                    "ne",
                    0.00014443056716118008
                ],
                [
                    "lv",
                    0.000133745459606871
                ],
                [
                    "ps",
