{
    "path": "/Users/cindyzhang/YouLingo/video_analysis/sampled_videos_subset/98_video.mp4",
    "audio_path": "video_analysis/sampled_audios_subset/98_video_audio.wav",
    "language": "en",
    "length_sec": 21.43,
    "vad_duration_sec": 21.1614375,
    "total_segment_length_sec": 0.0,
    "word_count": -1,
    "tokens": [],
    "types": [],
    "mean_sentence_length_words": -1.0,
    "wpm": -1,
    "spm": -1,
    "average_ptr": -1,
    "transcript_text": "",
    "transcript": {
        "segments": [],
        "info": {
            "language": "en",
            "duration": 21.4334375,
            "duration_after_vad": 21.1614375,
            "language_probability": 0.9912960529327393,
            "all_language_probs": [
                [
                    "en",
                    0.9912960529327393
                ],
                [
                    "ja",
                    0.0011665220372378826
                ],
                [
                    "ko",
                    0.0009240568615496159
                ],
                [
                    "fr",
                    0.000760002585593611
                ],
                [
                    "de",
                    0.0006677297060377896
                ],
                [
                    "pt",
                    0.0006387949106283486
                ],
                [
                    "nn",
                    0.0006372092757374048
                ],
                [
                    "la",
                    0.0003933696134481579
                ],
                [
                    "km",
                    0.0003583912330213934
                ],
                [
                    "es",
                    0.00034211762249469757
                ],
                [
                    "ru",
                    0.0003119606408290565
                ],
                [
                    "zh",
                    0.0002959694538731128
                ],
                [
                    "it",
                    0.0002600899606477469
                ],
                [
                    "cy",
                    0.0002088046894641593
                ],
                [
                    "pl",
                    0.00020060241513419896
                ],
                [
                    "haw",
                    0.0001871729182312265
                ],
                [
                    "tr",
                    0.00015200891357380897
                ],
                [
                    "tl",
                    0.00013106338155921549
                ],
                [
                    "vi",
                    0.0001113055768655613
                ],
                [
                    "jw",
                    0.00011011631431756541
                ],
                [
                    "th",
                    8.357186743523926e-05
                ],
                [
                    "nl",
                    7.655554509256035e-05
                ],
                [
                    "ar",
                    7.499754428863525e-05
                ],
                [
                    "hi",
                    6.0509621107485145e-05
                ],
                [
                    "fi",
                    5.057287125964649e-05
                ],
                [
                    "id",
                    4.353093754616566e-05
                ],
                [
                    "sv",
                    3.91006724385079e-05
                ],
                [
                    "sn",
                    3.3719490602379665e-05
                ],
                [
                    "ms",
                    3.359863694640808e-05
                ],
                [
                    "el",
                    3.2554449717281386e-05
                ],
                [
                    "mi",
                    2.990996108565014e-05
                ],
                [
                    "br",
                    2.9581464332295582e-05
                ],
                [
                    "hu",
                    2.8134702006354928e-05
                ],
                [
                    "da",
                    2.1220343114691786e-05
                ],
                [
                    "ml",
                    1.7619348000152968e-05
                ],
                [
                    "si",
                    1.7609338101465255e-05
                ],
                [
                    "ta",
                    1.6820309610920958e-05
                ],
                [
                    "ur",
                    1.5370960682048462e-05
                ],
                [
                    "no",
                    1.5331726899603382e-05
                ],
                [
                    "cs",
                    1.1585118954826612e-05
                ],
                [
                    "te",
                    9.425761163583957e-06
                ],
                [
                    "yo",
                    8.027755029615946e-06
                ],
                [
                    "he",
                    7.581544196000323e-06
                ],
                [
                    "sa",
                    6.491397016361589e-06
                ],
                [
                    "my",
                    6.244192263693549e-06
                ],
                [
                    "ht",
                    6.060158739273902e-06
                ],
                [
                    "bn",
                    5.981581125524826e-06
                ],
                [
                    "bo",
                    4.539745532383677e-06
                ],
                [
                    "ro",
                    4.533415904006688e-06
                ],
                [
                    "hr",
                    4.4273565436014906e-06
                ],
                [
                    "fa",
                    4.362263553048251e-06
                ],
                [
                    "yi",
                    3.866406132146949e-06
                ],
                [
                    "eu",
                    3.7593695196846966e-06
                ],
                [
                    "mn",
                    3.1997224141377956e-06
                ],
                [
                    "bs",
                    2.801121581796906e-06
                ],
                [
                    "ca",
                    2.7468879579828354e-06
                ],
                [
                    "is",
                    2.743675395322498e-06
                ],
                [
                    "sl",
                    2.4853486593201524e-06
                ],
                [
                    "uk",
                    2.437760940665612e-06
                ],
                [
                    "gl",
                    2.3420009256369667e-06
                ],
                [
                    "ne",
                    1.9243457245465834e-06
                ],
                [
                    "sk",
                    1.9201988834538497e-06
                ],
                [
                    "sw",
                    1.8490355842004647e-06
                ],
                [
                    "lv",
                    1.8049146319754072e-06
                ],
                [
                    "bg",
                    1.6766265389378532e-06
                ],
                [
                    "fo",
                    1.3116890613673604e-06
                ],
                [
                    "lt",
                    1.144424800259003e-06
                ],
                [
                    "af",
                    1.1191194744242239e-06
                ],
                [
                    "be",
                    1.0121082141267834e-06
