{
    "path": "/Users/cindyzhang/YouLingo/video_analysis/sampled_videos_subset/990_video.mp4",
    "audio_path": "video_analysis/sampled_audios_subset/990_video_audio.wav",
    "language": "en",
    "length_sec": 9.97,
    "vad_duration_sec": 0.0,
    "total_segment_length_sec": 0.0,
    "word_count": -1,
    "tokens": [],
    "types": [],
    "mean_sentence_length_words": -1.0,
    "wpm": -1,
    "spm": -1,
    "average_ptr": -1,
    "transcript_text": "",
    "transcript": {
        "segments": [],
        "info": {
            "language": "en",
            "duration": 9.96275,
            "duration_after_vad": 0.0,
            "language_probability": 0.557259738445282,
            "all_language_probs": [
                [
                    "en",
                    0.557259738445282
                ],
                [
                    "nn",
                    0.11665713787078857
                ],
                [
                    "ja",
                    0.047714319080114365
                ],
                [
                    "cy",
                    0.042815688997507095
                ],
                [
                    "ko",
                    0.025397667661309242
                ],
                [
                    "es",
                    0.025265978649258614
                ],
                [
                    "ru",
                    0.019448475912213326
                ],
                [
                    "la",
                    0.014939063228666782
                ],
                [
                    "zh",
                    0.014665828086435795
                ],
                [
                    "de",
                    0.009581300429999828
                ],
                [
                    "pt",
                    0.008757466450333595
                ],
                [
                    "jw",
                    0.0086469491943717
                ],
                [
                    "hi",
                    0.008228117600083351
                ],
                [
                    "fr",
                    0.007905300706624985
                ],
                [
                    "pl",
                    0.007536718156188726
                ],
                [
                    "it",
                    0.007086724974215031
                ],
                [
                    "haw",
                    0.00700231920927763
                ],
                [
                    "tr",
                    0.005490127485245466
                ],
                [
                    "nl",
                    0.005057501140981913
                ],
                [
                    "km",
                    0.004722487647086382
                ],
                [
                    "ms",
                    0.003571523120626807
                ],
                [
                    "ro",
                    0.002964798826724291
                ],
                [
                    "ar",
                    0.002959758974611759
                ],
                [
                    "th",
                    0.002796138171106577
                ],
                [
                    "te",
                    0.002631427487358451
                ],
                [
                    "el",
                    0.0024614958092570305
                ],
                [
                    "br",
                    0.0024311766028404236
                ],
                [
                    "vi",
                    0.002331437775865197
                ],
                [
                    "sn",
                    0.0022835503332316875
                ],
                [
                    "si",
                    0.0019861541222780943
                ],
                [
                    "cs",
                    0.001934352912940085
                ],
                [
                    "id",
                    0.00188252713996917
                ],
                [
                    "sv",
                    0.0017701191827654839
                ],
                [
                    "tl",
                    0.0017660083249211311
                ],
                [
                    "fi",
                    0.0016111631412059069
                ],
                [
                    "sa",
                    0.0013221909757703543
                ],
                [
                    "ur",
                    0.0012923856265842915
                ],
                [
                    "ta",
                    0.0012662021908909082
                ],
                [
                    "hu",
                    0.0010952831944450736
                ],
                [
                    "uk",
                    0.0010113709140568972
                ],
                [
                    "mi",
                    0.001004790305159986
                ],
                [
                    "ml",
                    0.0009216290200129151
                ],
                [
                    "fa",
                    0.0009154794388450682
                ],
                [
                    "he",
                    0.0009126907680183649
                ],
                [
                    "sl",
                    0.0008991785580292344
                ],
                [
                    "bg",
                    0.0008807817357592285
                ],
                [
                    "hr",
                    0.0007113596657291055
                ],
                [
                    "no",
                    0.0006904117180965841
                ],
                [
                    "da",
                    0.0006767519516870379
                ],
                [
                    "sk",
                    0.0006450909422710538
                ],
                [
                    "bn",
                    0.0005380573566071689
                ],
                [
                    "yo",
                    0.00047839569742791355
                ],
                [
                    "gl",
                    0.00044942705426365137
                ],
                [
                    "my",
                    0.0003939747402910143
                ],
                [
                    "ca",
                    0.0003907638310920447
                ],
                [
                    "mn",
                    0.0003663306124508381
                ],
                [
                    "eu",
                    0.000350925256498158
                ],
                [
                    "sw",
                    0.00024194428988266736
                ],
                [
                    "bs",
                    0.0002311023126821965
                ],
                [
                    "bo",
                    0.00022719903790857643
                ],
                [
                    "oc",
                    0.00018640539201442152
                ],
                [
                    "yi",
                    0.000177195921423845
                ],
                [
                    "be",
                    0.00017568036855664104
                ],
                [
                    "lv",
                    0.00017383576778229326
                ],
                [
                    "fo",
                    0.00015766610158607364
                ],
                [
                    "hy",
                    0.00014592541265301406
                ],
                [
                    "af",
                    0.00013107604172546417
                ],
                [
                    "is",
                    0.00011781604553107172
                ],
                [
                    "ne",
                    0.00011741627531591803
                ],
                [
                    "ht",
