{
    "path": "/Users/cindyzhang/YouLingo/video_analysis/sampled_videos_subset/994_video.mp4",
    "audio_path": "video_analysis/sampled_audios_subset/994_video_audio.wav",
    "language": "en",
    "length_sec": 13.8,
    "vad_duration_sec": 1.274875,
    "total_segment_length_sec": 0.0,
    "word_count": -1,
    "tokens": [],
    "types": [],
    "mean_sentence_length_words": -1.0,
    "wpm": -1,
    "spm": -1,
    "average_ptr": -1,
    "transcript_text": "",
    "transcript": {
        "segments": [],
        "info": {
            "language": "en",
            "duration": 13.770875,
            "duration_after_vad": 1.274875,
            "language_probability": 0.41185373067855835,
            "all_language_probs": [
                [
                    "en",
                    0.41185373067855835
                ],
                [
                    "ko",
                    0.07943569123744965
                ],
                [
                    "nn",
                    0.07336602360010147
                ],
                [
                    "ja",
                    0.05102565139532089
                ],
                [
                    "pt",
                    0.043421775102615356
                ],
                [
                    "jw",
                    0.04017531871795654
                ],
                [
                    "es",
                    0.038155846297740936
                ],
                [
                    "ru",
                    0.03415635973215103
                ],
                [
                    "zh",
                    0.025930501520633698
                ],
                [
                    "it",
                    0.015137206763029099
                ],
                [
                    "de",
                    0.014675107784569263
                ],
                [
                    "la",
                    0.013985495083034039
                ],
                [
                    "fr",
                    0.012990567833185196
                ],
                [
                    "cy",
                    0.011313503608107567
                ],
                [
                    "haw",
                    0.010710623115301132
                ],
                [
                    "km",
                    0.010420957580208778
                ],
                [
                    "pl",
                    0.009584501385688782
                ],
                [
                    "hi",
                    0.00935551431030035
                ],
                [
                    "tr",
                    0.006263522896915674
                ],
                [
                    "nl",
                    0.005924672819674015
                ],
                [
                    "te",
                    0.00549864349886775
                ],
                [
                    "ar",
                    0.004729385022073984
                ],
                [
                    "id",
                    0.004645196255296469
                ],
                [
                    "ro",
                    0.004581110086292028
                ],
                [
                    "fi",
                    0.004190250299870968
                ],
                [
                    "th",
                    0.004051743540912867
                ],
                [
                    "vi",
                    0.003958677873015404
                ],
                [
                    "tl",
                    0.0038283620961010456
                ],
                [
                    "hu",
                    0.0037288409657776356
                ],
                [
                    "ms",
                    0.003635896136984229
                ],
                [
                    "el",
                    0.003296121023595333
                ],
                [
                    "sn",
                    0.0027648229151964188
                ],
                [
                    "uk",
                    0.0026158399414271116
                ],
                [
                    "ta",
                    0.002490787301212549
                ],
                [
                    "sv",
                    0.0023434290196746588
                ],
                [
                    "si",
                    0.0021763292606920004
                ],
                [
                    "mi",
                    0.0019087878754362464
                ],
                [
                    "br",
                    0.001770855626091361
                ],
                [
                    "sa",
                    0.0017494952771812677
                ],
                [
                    "ur",
                    0.0015198849141597748
                ],
                [
                    "cs",
                    0.0013851015828549862
                ],
                [
                    "ca",
                    0.0011667562648653984
                ],
                [
                    "ml",
                    0.0011586463078856468
                ],
                [
                    "gl",
                    0.0007958817877806723
                ],
                [
                    "yo",
                    0.0007921916549094021
                ],
                [
                    "hr",
                    0.0007702445727773011
                ],
                [
                    "da",
                    0.0006689736037515104
                ],
                [
                    "he",
                    0.0006335744983516634
                ],
                [
                    "fa",
                    0.0005873895715922117
                ],
                [
                    "mn",
                    0.0005866869469173253
                ],
                [
                    "bn",
                    0.0005437078070826828
                ],
                [
                    "sl",
                    0.0005334137822501361
                ],
                [
                    "bg",
                    0.0005223464104346931
                ],
                [
                    "fo",
                    0.0005137515836395323
                ],
                [
                    "no",
                    0.0005085939774289727
                ],
                [
                    "eu",
                    0.00047032543807290494
                ],
                [
                    "sk",
                    0.0004338983562774956
                ],
                [
                    "my",
                    0.0003854662354569882
                ],
                [
                    "be",
                    0.00036083703162148595
                ],
                [
                    "bs",
                    0.00031695995130576193
                ],
                [
                    "sw",
                    0.00029107843874953687
                ],
                [
                    "oc",
                    0.00027624916401691735
                ],
                [
                    "ht",
                    0.00025288379401899874
                ],
                [
                    "lv",
                    0.00023293658159673214
                ],
                [
                    "ne",
                    0.00020962672715540975
                ],
                [
                    "bo",
                    0.00020367480465210974
                ],
                [
                    "hy",
                    0.00018386040756013244
                ],
                [
                    "yi",
                    0.00018205253581982106
                ],
                [
                    "lo",
                    0.0001578775409143418
                ],
                [
                    "is",
